sample_id,speaker,utt_id,target_word,condition,band,operation,target_loss,raw_prediction,mapped_prediction,mapped_correct,raw_exact,target_rank,target_distance,linf
F03||5||beta,F03,5,beta,retain_0-0.5k,0-0.5k,retain,4.7109375,peter,peer,0,0,5,3,0.0001301561715081334
F03||5||beta,F03,5,beta,remove_0-0.5k,0-0.5k,remove,3.041015625,beta,beta,1,1,1,0,0.00020000338554382324
F03||5||beta,F03,5,beta,retain_0.5-2k,0.5-2k,retain,4.5390625,peter,peer,0,0,5,3,0.00020000338554382324
F03||5||beta,F03,5,beta,remove_0.5-2k,0.5-2k,remove,3.1328125,beta,beta,1,1,1,0,0.00020000338554382324
F03||5||beta,F03,5,beta,retain_2-4k,2-4k,retain,4.26953125,beta,beta,1,1,1,0,0.00020000338554382324
F03||5||beta,F03,5,beta,remove_2-4k,2-4k,remove,3.193359375,beta,beta,1,1,1,0,0.00020000338554382324
F03||5||beta,F03,5,beta,retain_4-8k,4-8k,retain,3.50390625,beta,beta,1,1,1,0,0.00020000338554382324
F03||5||beta,F03,5,beta,remove_4-8k,4-8k,remove,3.8125,beta,beta,1,1,1,0,0.00020000338554382324
F03||7||stubble,F03,7,stubble,retain_0-0.5k,0-0.5k,retain,3.92578125,stepper,steer,0,0,64,5,0.00012103741755709052
F03||7||stubble,F03,7,stubble,remove_0-0.5k,0-0.5k,remove,2.75390625,stubble,stubble,1,1,1,0,0.00020000338554382324
F03||7||stubble,F03,7,stubble,retain_0.5-2k,0.5-2k,retain,3.3984375,stepper,steer,0,0,64,5,0.0002000001259148121
F03||7||stubble,F03,7,stubble,remove_0.5-2k,0.5-2k,remove,2.837890625,stubble,stubble,1,1,1,0,0.00020000338554382324
F03||7||stubble,F03,7,stubble,retain_2-4k,2-4k,retain,3.0625,stubble,stubble,1,1,1,0,0.00020000338554382324
F03||7||stubble,F03,7,stubble,remove_2-4k,2-4k,remove,3.150390625,stubble,stubble,1,1,1,0,0.00020000338554382324
F03||7||stubble,F03,7,stubble,retain_4-8k,4-8k,retain,3.42578125,stepper,steer,0,0,64,5,0.00020000338554382324
F03||7||stubble,F03,7,stubble,remove_4-8k,4-8k,remove,2.85546875,stubble,stubble,1,1,1,0,0.00020000338554382324
F03||10||form,F03,10,form,retain_0-0.5k,0-0.5k,retain,5.921875,four,four,0,0,9,2,0.0001440192572772503
F03||10||form,F03,10,form,remove_0-0.5k,0-0.5k,remove,3.9609375,form,form,1,1,1,0,0.00020000338554382324
F03||10||form,F03,10,form,retain_0.5-2k,0.5-2k,retain,5.0234375,four,four,0,0,9,2,0.0002000001259148121
F03||10||form,F03,10,form,remove_0.5-2k,0.5-2k,remove,4.07421875,form,form,1,1,1,0,0.00020000338554382324
F03||10||form,F03,10,form,retain_2-4k,2-4k,retain,4.76171875,form,form,1,1,1,0,0.00020000338554382324
F03||10||form,F03,10,form,remove_2-4k,2-4k,remove,4.16015625,form,form,1,1,1,0,0.00020000338554382324
F03||10||form,F03,10,form,retain_4-8k,4-8k,retain,4.52734375,form,form,1,1,1,0,0.00020000338554382324
F03||10||form,F03,10,form,remove_4-8k,4-8k,remove,4.24609375,form,form,1,1,1,0,0.00020000338554382324
F03||22||for,F03,22,for,retain_0-0.5k,0-0.5k,retain,7.30859375,frogger,dagger,0,0,6,4,0.0001147387083619833
F03||22||for,F03,22,for,remove_0-0.5k,0-0.5k,remove,4.3828125,for,for,1,1,1,0,0.00020000338554382324
F03||22||for,F03,22,for,retain_0.5-2k,0.5-2k,retain,6.24609375,four,four,0,0,2,1,0.0002000001259148121
F03||22||for,F03,22,for,remove_0.5-2k,0.5-2k,remove,4.78125,for,for,1,1,1,0,0.00020000338554382324
F03||22||for,F03,22,for,retain_2-4k,2-4k,retain,5.8203125,four,four,0,0,2,1,0.00020000338554382324
F03||22||for,F03,22,for,remove_2-4k,2-4k,remove,4.87109375,for,for,1,1,1,0,0.00020000338554382324
F03||22||for,F03,22,for,retain_4-8k,4-8k,retain,5.6640625,for,for,1,1,1,0,0.00020000338554382324
F03||22||for,F03,22,for,remove_4-8k,4-8k,remove,5.1796875,four,four,0,0,2,1,0.00020000338554382324
F03||36||hair,F03,36,hair,retain_0-0.5k,0-0.5k,retain,5.23828125,here,here,0,0,57,3,0.00014799072232563049
F03||36||hair,F03,36,hair,remove_0-0.5k,0-0.5k,remove,4.26171875,hair,hair,1,1,1,0,0.00020000338554382324
F03||36||hair,F03,36,hair,retain_0.5-2k,0.5-2k,retain,4.8828125,here,here,0,0,57,3,0.00020000338554382324
F03||36||hair,F03,36,hair,remove_0.5-2k,0.5-2k,remove,4.27734375,hair,hair,1,1,1,0,0.00020000338554382324
F03||36||hair,F03,36,hair,retain_2-4k,2-4k,retain,4.54296875,hair,hair,1,1,1,0,0.00020000338554382324
F03||36||hair,F03,36,hair,remove_2-4k,2-4k,remove,4.25,hair,hair,1,1,1,0,0.00020000338554382324
F03||36||hair,F03,36,hair,retain_4-8k,4-8k,retain,4.3984375,hair,hair,1,1,1,0,0.00020000338554382324
F03||36||hair,F03,36,hair,remove_4-8k,4-8k,remove,4.50390625,hair,hair,1,1,1,0,0.00020000338554382324
F03||39||chair,F03,39,chair,retain_0-0.5k,0-0.5k,retain,5.51171875,cheer,cheer,0,0,2,2,0.00018082931637763977
F03||39||chair,F03,39,chair,remove_0-0.5k,0-0.5k,remove,4.04296875,chair,chair,1,1,1,0,0.00020000338554382324
F03||39||chair,F03,39,chair,retain_0.5-2k,0.5-2k,retain,5.16015625,cheer,cheer,0,0,2,2,0.00020000338554382324
F03||39||chair,F03,39,chair,remove_0.5-2k,0.5-2k,remove,4.12890625,chair,chair,1,1,1,0,0.00020000338554382324
F03||39||chair,F03,39,chair,retain_2-4k,2-4k,retain,4.8828125,cheer,cheer,0,0,2,2,0.00020000338554382324
F03||39||chair,F03,39,chair,remove_2-4k,2-4k,remove,4.23046875,chair,chair,1,1,1,0,0.00020000338554382324
F03||39||chair,F03,39,chair,retain_4-8k,4-8k,retain,4.7734375,cheer,cheer,0,0,2,2,0.00020000338554382324
F03||39||chair,F03,39,chair,remove_4-8k,4-8k,remove,4.41796875,chair,chair,1,1,1,0,0.00020000338554382324
F03||41||two,F03,41,two,retain_0-0.5k,0-0.5k,retain,6.60546875,true,take,0,0,69,3,0.0001494742464274168
F03||41||two,F03,41,two,remove_0-0.5k,0-0.5k,remove,5.12109375,two,two,1,1,1,0,0.00020000338554382324
F03||41||two,F03,41,two,retain_0.5-2k,0.5-2k,retain,5.79296875,true,take,0,0,69,3,0.00020000338554382324
F03||41||two,F03,41,two,remove_0.5-2k,0.5-2k,remove,5.19140625,two,two,1,1,1,0,0.00020000338554382324
F03||41||two,F03,41,two,retain_2-4k,2-4k,retain,5.33984375,two,two,1,1,1,0,0.00020000338554382324
F03||41||two,F03,41,two,remove_2-4k,2-4k,remove,5.35546875,two,two,1,1,1,0,0.00020000338554382324
F03||41||two,F03,41,two,retain_4-8k,4-8k,retain,5.69140625,true,take,0,0,69,3,0.00020000338554382324
F03||41||two,F03,41,two,remove_4-8k,4-8k,remove,5.1875,two,two,1,1,1,0,0.00020000338554382324
F03||47||bug,F03,47,bug,retain_0-0.5k,0-0.5k,retain,5.25390625,fuck,muck,0,0,8,3,0.0001223949366249144
F03||47||bug,F03,47,bug,remove_0-0.5k,0-0.5k,remove,3.220703125,bug,bug,1,1,1,0,0.00020000338554382324
F03||47||bug,F03,47,bug,retain_0.5-2k,0.5-2k,retain,4.609375,like,lake,0,0,110,4,0.0002000001259148121
F03||47||bug,F03,47,bug,remove_0.5-2k,0.5-2k,remove,3.3046875,bug,bug,1,1,1,0,0.00020000338554382324
F03||47||bug,F03,47,bug,retain_2-4k,2-4k,retain,3.96484375,bug,bug,1,1,1,0,0.00020000338554382324
F03||47||bug,F03,47,bug,remove_2-4k,2-4k,remove,3.451171875,bug,bug,1,1,1,0,0.00020000338554382324
F03||47||bug,F03,47,bug,retain_4-8k,4-8k,retain,3.810546875,bug,bug,1,1,1,0,0.00020000338554382324
F03||47||bug,F03,47,bug,remove_4-8k,4-8k,remove,3.615234375,bug,bug,1,1,1,0,0.00020000338554382324
F03||52||feed,F03,52,feed,retain_0-0.5k,0-0.5k,retain,5.92578125,,a,0,0,104,4,0.00015171291306614876
F03||52||feed,F03,52,feed,remove_0-0.5k,0-0.5k,remove,4.1796875,feed,feed,1,1,1,0,0.00020000338554382324
F03||52||feed,F03,52,feed,retain_0.5-2k,0.5-2k,retain,5.30078125,feed,feed,1,1,1,0,0.0002000001259148121
F03||52||feed,F03,52,feed,remove_0.5-2k,0.5-2k,remove,4.203125,feed,feed,1,1,1,0,0.00020000338554382324
F03||52||feed,F03,52,feed,retain_2-4k,2-4k,retain,4.67578125,feed,feed,1,1,1,0,0.00020000338554382324
F03||52||feed,F03,52,feed,remove_2-4k,2-4k,remove,4.47265625,feed,feed,1,1,1,0,0.00020000338554382324
F03||52||feed,F03,52,feed,retain_4-8k,4-8k,retain,4.57421875,feed,feed,1,1,1,0,0.00020000338554382324
F03||52||feed,F03,52,feed,remove_4-8k,4-8k,remove,4.59375,feed,feed,1,1,1,0,0.00020000338554382324
F03||62||rain,F03,62,rain,retain_0-0.5k,0-0.5k,retain,4.10546875,green,reek,0,0,19,3,0.00020000000949949026
F03||62||rain,F03,62,rain,remove_0-0.5k,0-0.5k,remove,3.294921875,rain,rain,1,1,1,0,0.00020000338554382324
F03||62||rain,F03,62,rain,retain_0.5-2k,0.5-2k,retain,3.650390625,rain,rain,1,1,1,0,0.0002000001259148121
F03||62||rain,F03,62,rain,remove_0.5-2k,0.5-2k,remove,3.12890625,rain,rain,1,1,1,0,0.00020000338554382324
F03||62||rain,F03,62,rain,retain_2-4k,2-4k,retain,3.603515625,rain,rain,1,1,1,0,0.00020000338554382324
F03||62||rain,F03,62,rain,remove_2-4k,2-4k,remove,3.333984375,rain,rain,1,1,1,0,0.00020000338554382324
F03||62||rain,F03,62,rain,retain_4-8k,4-8k,retain,3.37109375,green,reek,0,0,19,3,0.00020000338554382324
F03||62||rain,F03,62,rain,remove_4-8k,4-8k,remove,3.75,rain,rain,1,1,1,0,0.00020000338554382324
F03||63||gadget,F03,63,gadget,retain_0-0.5k,0-0.5k,retain,4.859375,dodgy,dot,0,0,37,4,0.0001268985215574503
F03||63||gadget,F03,63,gadget,remove_0-0.5k,0-0.5k,remove,2.7890625,gadget,gadget,1,1,1,0,0.00020000338554382324
F03||63||gadget,F03,63,gadget,retain_0.5-2k,0.5-2k,retain,3.669921875,dodgy,dot,0,0,37,4,0.0002000001259148121
F03||63||gadget,F03,63,gadget,remove_0.5-2k,0.5-2k,remove,2.8203125,gadget,gadget,1,1,1,0,0.00020000338554382324
F03||63||gadget,F03,63,gadget,retain_2-4k,2-4k,retain,2.9765625,dodger,dagger,0,0,3,3,0.00020000338554382324
F03||63||gadget,F03,63,gadget,remove_2-4k,2-4k,remove,2.884765625,dodger,dagger,0,0,3,3,0.00020000338554382324
F03||63||gadget,F03,63,gadget,retain_4-8k,4-8k,retain,3.060546875,dodger,dagger,0,0,3,3,0.00020000338554382324
F03||63||gadget,F03,63,gadget,remove_4-8k,4-8k,remove,2.875,dodger,dagger,0,0,3,3,0.00020000338554382324
F03||69||down,F03,69,down,retain_0-0.5k,0-0.5k,retain,4.59765625,go,go,0,0,39,3,0.00010448961984366179
F03||69||down,F03,69,down,remove_0-0.5k,0-0.5k,remove,4.01171875,down,down,1,1,1,0,0.00020000338554382324
F03||69||down,F03,69,down,retain_0.5-2k,0.5-2k,retain,4.3984375,go,go,0,0,39,3,0.0002000001259148121
F03||69||down,F03,69,down,remove_0.5-2k,0.5-2k,remove,4.10546875,down,down,1,1,1,0,0.00020000338554382324
F03||69||down,F03,69,down,retain_2-4k,2-4k,retain,4.375,go,go,0,0,39,3,0.0002000001259148121
F03||69||down,F03,69,down,remove_2-4k,2-4k,remove,4.00390625,go,go,0,0,39,3,0.00020000338554382324
F03||69||down,F03,69,down,retain_4-8k,4-8k,retain,4.203125,go,go,0,0,39,3,0.00020000338554382324
F03||69||down,F03,69,down,remove_4-8k,4-8k,remove,4.2421875,go,go,0,0,39,3,0.00020000338554382324
F03||73||knee,F03,73,knee,retain_0-0.5k,0-0.5k,retain,4.2734375,me,he,0,0,67,3,0.00011323392391204834
F03||73||knee,F03,73,knee,remove_0-0.5k,0-0.5k,remove,3.056640625,knee,knee,1,1,1,0,0.00020000338554382324
F03||73||knee,F03,73,knee,retain_0.5-2k,0.5-2k,retain,3.3984375,knee,knee,1,1,1,0,0.00020000338554382324
F03||73||knee,F03,73,knee,remove_0.5-2k,0.5-2k,remove,3.1015625,knee,knee,1,1,1,0,0.00020000338554382324
F03||73||knee,F03,73,knee,retain_2-4k,2-4k,retain,2.93359375,knee,knee,1,1,1,0,0.00020000338554382324
F03||73||knee,F03,73,knee,remove_2-4k,2-4k,remove,3.43359375,knee,knee,1,1,1,0,0.00020000338554382324
F03||73||knee,F03,73,knee,retain_4-8k,4-8k,retain,3.525390625,knee,knee,1,1,1,0,0.00020000338554382324
F03||73||knee,F03,73,knee,remove_4-8k,4-8k,remove,2.93359375,knee,knee,1,1,1,0,0.00020000338554382324
F03||78||bit,F03,78,bit,retain_0-0.5k,0-0.5k,retain,4.7734375,but,bat,0,0,2,1,0.0001857312599895522
F03||78||bit,F03,78,bit,remove_0-0.5k,0-0.5k,remove,4.1015625,bit,bit,1,1,1,0,0.00020000338554382324
F03||78||bit,F03,78,bit,retain_0.5-2k,0.5-2k,retain,4.671875,but,bat,0,0,2,1,0.00020000338554382324
F03||78||bit,F03,78,bit,remove_0.5-2k,0.5-2k,remove,4.24609375,bait,bat,0,0,2,1,0.00020000338554382324
F03||78||bit,F03,78,bit,retain_2-4k,2-4k,retain,4.59375,bit,bit,1,1,1,0,0.0002000001259148121
F03||78||bit,F03,78,bit,remove_2-4k,2-4k,remove,4.26171875,bait,bat,0,0,2,1,0.00020000338554382324
F03||78||bit,F03,78,bit,retain_4-8k,4-8k,retain,4.6328125,perfect,select,0,0,79,6,0.00020000338554382324
F03||78||bit,F03,78,bit,remove_4-8k,4-8k,remove,4.34375,bait,bat,0,0,2,1,0.00020000338554382324
F03||82||share,F03,82,share,retain_0-0.5k,0-0.5k,retain,3.544921875,sure,here,0,0,4,2,0.00016688776668161154
F03||82||share,F03,82,share,remove_0-0.5k,0-0.5k,remove,3.404296875,shane,share,1,0,1,1,0.00020000338554382324
F03||82||share,F03,82,share,retain_0.5-2k,0.5-2k,retain,3.15234375,sure,here,0,0,4,2,0.0002000001259148121
F03||82||share,F03,82,share,remove_0.5-2k,0.5-2k,remove,3.232421875,share,share,1,1,1,0,0.00020000338554382324
F03||82||share,F03,82,share,retain_2-4k,2-4k,retain,3.716796875,sure,here,0,0,4,2,0.00020000338554382324
F03||82||share,F03,82,share,remove_2-4k,2-4k,remove,3.30078125,sure,here,0,0,4,2,0.00020000338554382324
F03||82||share,F03,82,share,retain_4-8k,4-8k,retain,3.365234375,sure,here,0,0,4,2,0.00020000338554382324
F03||82||share,F03,82,share,remove_4-8k,4-8k,remove,3.47265625,sure,here,0,0,4,2,0.00020000338554382324
F03||87||storm,F03,87,storm,retain_0-0.5k,0-0.5k,retain,5.80859375,star,start,0,0,15,2,0.00011668121442198753
F03||87||storm,F03,87,storm,remove_0-0.5k,0-0.5k,remove,3.7578125,storm,storm,1,1,1,0,0.00020000338554382324
F03||87||storm,F03,87,storm,retain_0.5-2k,0.5-2k,retain,4.5390625,storm,storm,1,1,1,0,0.0002000001259148121
F03||87||storm,F03,87,storm,remove_0.5-2k,0.5-2k,remove,3.84375,storm,storm,1,1,1,0,0.00020000338554382324
F03||87||storm,F03,87,storm,retain_2-4k,2-4k,retain,4.3671875,storm,storm,1,1,1,0,0.00020000338554382324
F03||87||storm,F03,87,storm,remove_2-4k,2-4k,remove,3.974609375,storm,storm,1,1,1,0,0.00020000338554382324
F03||87||storm,F03,87,storm,retain_4-8k,4-8k,retain,4.62109375,storm,storm,1,1,1,0,0.00020000338554382324
F03||87||storm,F03,87,storm,remove_4-8k,4-8k,remove,4.00390625,storm,storm,1,1,1,0,0.00020000338554382324
F03||90||jagged,F03,90,jagged,retain_0-0.5k,0-0.5k,retain,4.75,jager,dagger,0,0,2,2,9.815534576773643e-05
F03||90||jagged,F03,90,jagged,remove_0-0.5k,0-0.5k,remove,2.634765625,jagad,jagged,1,0,1,2,0.00020000338554382324
F03||90||jagged,F03,90,jagged,retain_0.5-2k,0.5-2k,retain,4.47265625,dragon,bran,0,0,105,5,0.00020000338554382324
F03||90||jagged,F03,90,jagged,remove_0.5-2k,0.5-2k,remove,2.748046875,jagad,jagged,1,0,1,2,0.00020000338554382324
F03||90||jagged,F03,90,jagged,retain_2-4k,2-4k,retain,3.927734375,dragon,bran,0,0,105,5,0.00020000338554382324
F03||90||jagged,F03,90,jagged,remove_2-4k,2-4k,remove,3.37890625,dragon,bran,0,0,105,5,0.00020000338554382324
F03||90||jagged,F03,90,jagged,retain_4-8k,4-8k,retain,3.853515625,dragon,bran,0,0,105,5,0.00020000338554382324
F03||90||jagged,F03,90,jagged,remove_4-8k,4-8k,remove,3.513671875,dragon,bran,0,0,105,5,0.00020000338554382324
F03||92||swore,F03,92,swore,retain_0-0.5k,0-0.5k,retain,4.515625,so,go,0,0,114,3,0.00014651520177721977
F03||92||swore,F03,92,swore,remove_0-0.5k,0-0.5k,remove,4.6015625,sworn,swore,1,0,1,1,0.00020000338554382324
F03||92||swore,F03,92,swore,retain_0.5-2k,0.5-2k,retain,4.01953125,so,go,0,0,114,3,0.00020000338554382324
F03||92||swore,F03,92,swore,remove_0.5-2k,0.5-2k,remove,4.45703125,sworn,swore,1,0,1,1,0.00020000338554382324
F03||92||swore,F03,92,swore,retain_2-4k,2-4k,retain,3.49609375,swore,swore,1,1,1,0,0.00020000338554382324
F03||92||swore,F03,92,swore,remove_2-4k,2-4k,remove,3.654296875,sworn,swore,1,0,1,1,0.00020000338554382324
F03||92||swore,F03,92,swore,retain_4-8k,4-8k,retain,3.265625,swore,swore,1,1,1,0,0.00020000338554382324
F03||92||swore,F03,92,swore,remove_4-8k,4-8k,remove,3.91015625,sworn,swore,1,0,1,1,0.00020000338554382324
F03||102||the,F03,102,the,retain_0-0.5k,0-0.5k,retain,5.734375,the,the,1,1,1,0,9.255053009837866e-05
F03||102||the,F03,102,the,remove_0-0.5k,0-0.5k,remove,4.953125,the,the,1,1,1,0,0.00020000338554382324
F03||102||the,F03,102,the,retain_0.5-2k,0.5-2k,retain,5.51171875,the,the,1,1,1,0,0.00019999989308416843
F03||102||the,F03,102,the,remove_0.5-2k,0.5-2k,remove,4.9765625,the,the,1,1,1,0,0.00020000338554382324
F03||102||the,F03,102,the,retain_2-4k,2-4k,retain,5.24609375,the,the,1,1,1,0,0.00020000338554382324
F03||102||the,F03,102,the,remove_2-4k,2-4k,remove,5.01953125,the,the,1,1,1,0,0.00020000338554382324
F03||102||the,F03,102,the,retain_4-8k,4-8k,retain,5.08984375,the,the,1,1,1,0,0.00020000338554382324
F03||102||the,F03,102,the,remove_4-8k,4-8k,remove,5.16796875,the,the,1,1,1,0,0.00020000338554382324
F03||104||beat,F03,104,beat,retain_0-0.5k,0-0.5k,retain,5.88671875,b,a,0,0,22,3,0.00011051539331674576
F03||104||beat,F03,104,beat,remove_0-0.5k,0-0.5k,remove,3.8203125,beat,beat,1,1,1,0,0.00020000338554382324
F03||104||beat,F03,104,beat,retain_0.5-2k,0.5-2k,retain,5.60546875,b,a,0,0,22,3,0.00020000338554382324
F03||104||beat,F03,104,beat,remove_0.5-2k,0.5-2k,remove,3.837890625,beat,beat,1,1,1,0,0.00020000338554382324
F03||104||beat,F03,104,beat,retain_2-4k,2-4k,retain,4.24609375,b,a,0,0,22,3,0.00020000338554382324
F03||104||beat,F03,104,beat,remove_2-4k,2-4k,remove,4.3515625,b,a,0,0,22,3,0.00020000338554382324
F03||104||beat,F03,104,beat,retain_4-8k,4-8k,retain,4.7265625,b,a,0,0,22,3,0.00020000338554382324
F03||104||beat,F03,104,beat,remove_4-8k,4-8k,remove,3.99609375,beat,beat,1,1,1,0,0.00020000338554382324
F03||106||beat,F03,106,beat,retain_0-0.5k,0-0.5k,retain,6.8203125,peace,race,0,0,6,3,0.0001201205886900425
F03||106||beat,F03,106,beat,remove_0-0.5k,0-0.5k,remove,3.94921875,beat,beat,1,1,1,0,0.00020000338554382324
F03||106||beat,F03,106,beat,retain_0.5-2k,0.5-2k,retain,6.36328125,peace,race,0,0,6,3,0.00020000338554382324
F03||106||beat,F03,106,beat,remove_0.5-2k,0.5-2k,remove,3.970703125,beat,beat,1,1,1,0,0.00020000338554382324
F03||106||beat,F03,106,beat,retain_2-4k,2-4k,retain,4.54296875,peace,race,0,0,6,3,0.00020000338554382324
F03||106||beat,F03,106,beat,remove_2-4k,2-4k,remove,4.63671875,peace,race,0,0,6,3,0.00020000338554382324
F03||106||beat,F03,106,beat,retain_4-8k,4-8k,retain,5.625,peace,race,0,0,6,3,0.00020000338554382324
F03||106||beat,F03,106,beat,remove_4-8k,4-8k,remove,4.26171875,peace,race,0,0,6,3,0.00020000338554382324
F03||108||air,F03,108,air,retain_0-0.5k,0-0.5k,retain,4.71875,air,air,1,1,1,0,0.00014313077554106712
F03||108||air,F03,108,air,remove_0-0.5k,0-0.5k,remove,3.9453125,air,air,1,1,1,0,0.00020000338554382324
F03||108||air,F03,108,air,retain_0.5-2k,0.5-2k,retain,4.41796875,air,air,1,1,1,0,0.00020000338554382324
F03||108||air,F03,108,air,remove_0.5-2k,0.5-2k,remove,4.015625,air,air,1,1,1,0,0.00020000338554382324
F03||108||air,F03,108,air,retain_2-4k,2-4k,retain,4.359375,air,air,1,1,1,0,0.00020000338554382324
F03||108||air,F03,108,air,remove_2-4k,2-4k,remove,4.1015625,air,air,1,1,1,0,0.00020000338554382324
F03||108||air,F03,108,air,retain_4-8k,4-8k,retain,4.22265625,air,air,1,1,1,0,0.00020000338554382324
F03||108||air,F03,108,air,remove_4-8k,4-8k,remove,4.3125,air,air,1,1,1,0,0.00020000338554382324
F03||109||farm,F03,109,farm,retain_0-0.5k,0-0.5k,retain,6.8671875,from,drop,0,0,2,2,0.00016081379726529121
F03||109||farm,F03,109,farm,remove_0-0.5k,0-0.5k,remove,3.779296875,farm,farm,1,1,1,0,0.00020000338554382324
F03||109||farm,F03,109,farm,retain_0.5-2k,0.5-2k,retain,6.21875,from,drop,0,0,2,2,0.0002000001259148121
F03||109||farm,F03,109,farm,remove_0.5-2k,0.5-2k,remove,3.9375,from,drop,0,0,2,2,0.00020000338554382324
F03||109||farm,F03,109,farm,retain_2-4k,2-4k,retain,4.39453125,from,drop,0,0,2,2,0.00020000338554382324
F03||109||farm,F03,109,farm,remove_2-4k,2-4k,remove,4.74609375,from,drop,0,0,2,2,0.00020000338554382324
F03||109||farm,F03,109,farm,retain_4-8k,4-8k,retain,5.796875,from,drop,0,0,2,2,0.00020000338554382324
F03||109||farm,F03,109,farm,remove_4-8k,4-8k,remove,4.01953125,from,drop,0,0,2,2,0.00020000338554382324
F03||111||warm,F03,111,warm,retain_0-0.5k,0-0.5k,retain,5.91015625,one,one,0,0,248,4,0.00010112824384123087
F03||111||warm,F03,111,warm,remove_0-0.5k,0-0.5k,remove,4.51171875,warm,warm,1,1,1,0,0.00020000338554382324
F03||111||warm,F03,111,warm,retain_0.5-2k,0.5-2k,retain,5.44921875,one,one,0,0,248,4,0.00020000338554382324
F03||111||warm,F03,111,warm,remove_0.5-2k,0.5-2k,remove,4.56640625,warm,warm,1,1,1,0,0.00020000338554382324
F03||111||warm,F03,111,warm,retain_2-4k,2-4k,retain,5.08984375,one,one,0,0,248,4,0.00020000338554382324
F03||111||warm,F03,111,warm,remove_2-4k,2-4k,remove,4.51953125,warm,warm,1,1,1,0,0.00020000338554382324
F03||111||warm,F03,111,warm,retain_4-8k,4-8k,retain,4.68359375,warm,warm,1,1,1,0,0.00020000338554382324
F03||111||warm,F03,111,warm,remove_4-8k,4-8k,remove,4.765625,warm,warm,1,1,1,0,0.00020000338554382324
F03||117||chair,F03,117,chair,retain_0-0.5k,0-0.5k,retain,5.20703125,cheer,cheer,0,0,2,2,0.00015359558165073395
F03||117||chair,F03,117,chair,remove_0-0.5k,0-0.5k,remove,3.9609375,chair,chair,1,1,1,0,0.00020000338554382324
F03||117||chair,F03,117,chair,retain_0.5-2k,0.5-2k,retain,5.09765625,cheer,cheer,0,0,2,2,0.0002000001259148121
F03||117||chair,F03,117,chair,remove_0.5-2k,0.5-2k,remove,4.03515625,chair,chair,1,1,1,0,0.00020000338554382324
F03||117||chair,F03,117,chair,retain_2-4k,2-4k,retain,4.59375,chair,chair,1,1,1,0,0.00020000338554382324
F03||117||chair,F03,117,chair,remove_2-4k,2-4k,remove,4.38671875,chair,chair,1,1,1,0,0.00020000338554382324
F03||117||chair,F03,117,chair,retain_4-8k,4-8k,retain,4.5234375,cheer,cheer,0,0,2,2,0.00020000338554382324
F03||117||chair,F03,117,chair,remove_4-8k,4-8k,remove,4.53125,chair,chair,1,1,1,0,0.00020000338554382324
F03||119||warm,F03,119,warm,retain_0-0.5k,0-0.5k,retain,6.0859375,one,one,0,0,248,4,0.0001274647074751556
F03||119||warm,F03,119,warm,remove_0-0.5k,0-0.5k,remove,4.42578125,warm,warm,1,1,1,0,0.00020000338554382324
F03||119||warm,F03,119,warm,retain_0.5-2k,0.5-2k,retain,5.55078125,one,one,0,0,248,4,0.0002000001259148121
F03||119||warm,F03,119,warm,remove_0.5-2k,0.5-2k,remove,4.453125,warm,warm,1,1,1,0,0.00020000338554382324
F03||119||warm,F03,119,warm,retain_2-4k,2-4k,retain,5.0,one,one,0,0,248,4,0.00020000338554382324
F03||119||warm,F03,119,warm,remove_2-4k,2-4k,remove,4.4296875,warm,warm,1,1,1,0,0.00020000338554382324
F03||119||warm,F03,119,warm,retain_4-8k,4-8k,retain,4.66015625,one,one,0,0,248,4,0.00020000338554382324
F03||119||warm,F03,119,warm,remove_4-8k,4-8k,remove,4.76953125,warm,warm,1,1,1,0,0.00020000338554382324
F03||127||storm,F03,127,storm,retain_0-0.5k,0-0.5k,retain,6.453125,store,store,0,0,2,1,0.00015887245535850525
F03||127||storm,F03,127,storm,remove_0-0.5k,0-0.5k,remove,3.5,storm,storm,1,1,1,0,0.00020000338554382324
F03||127||storm,F03,127,storm,retain_0.5-2k,0.5-2k,retain,5.796875,store,store,0,0,2,1,0.0002000001259148121
F03||127||storm,F03,127,storm,remove_0.5-2k,0.5-2k,remove,3.75,storm,storm,1,1,1,0,0.00020000338554382324
F03||127||storm,F03,127,storm,retain_2-4k,2-4k,retain,5.03515625,store,store,0,0,2,1,0.00020000338554382324
F03||127||storm,F03,127,storm,remove_2-4k,2-4k,remove,4.0703125,storm,storm,1,1,1,0,0.00020000338554382324
F03||127||storm,F03,127,storm,retain_4-8k,4-8k,retain,4.96484375,store,store,0,0,2,1,0.00020000338554382324
F03||127||storm,F03,127,storm,remove_4-8k,4-8k,remove,4.3125,storm,storm,1,1,1,0,0.00020000338554382324
F03||129||bad,F03,129,bad,retain_0-0.5k,0-0.5k,retain,6.22265625,yeah,bear,0,0,15,3,0.00012425504974089563
F03||129||bad,F03,129,bad,remove_0-0.5k,0-0.5k,remove,3.634765625,bad,bad,1,1,1,0,0.00020000338554382324
F03||129||bad,F03,129,bad,retain_0.5-2k,0.5-2k,retain,5.33984375,dad,bad,1,0,1,1,0.0002000001259148121
F03||129||bad,F03,129,bad,remove_0.5-2k,0.5-2k,remove,3.6953125,bad,bad,1,1,1,0,0.00020000338554382324
F03||129||bad,F03,129,bad,retain_2-4k,2-4k,retain,4.28125,bad,bad,1,1,1,0,0.0002000001259148121
F03||129||bad,F03,129,bad,remove_2-4k,2-4k,remove,3.884765625,bad,bad,1,1,1,0,0.00020000338554382324
F03||129||bad,F03,129,bad,retain_4-8k,4-8k,retain,3.99609375,bad,bad,1,1,1,0,0.00020000338554382324
F03||129||bad,F03,129,bad,remove_4-8k,4-8k,remove,3.849609375,bad,bad,1,1,1,0,0.00020000338554382324
F03||143||ate,F03,143,ate,retain_0-0.5k,0-0.5k,retain,6.01953125,eight,eight,0,0,119,5,0.00010692700743675232
F03||143||ate,F03,143,ate,remove_0-0.5k,0-0.5k,remove,4.89453125,ape,ate,1,0,1,1,0.00020000338554382324
F03||143||ate,F03,143,ate,retain_0.5-2k,0.5-2k,retain,5.53515625,eight,eight,0,0,119,5,0.00020000338554382324
F03||143||ate,F03,143,ate,remove_0.5-2k,0.5-2k,remove,4.71484375,ape,ate,1,0,1,1,0.00020000338554382324
F03||143||ate,F03,143,ate,retain_2-4k,2-4k,retain,4.8203125,,a,0,0,12,3,0.00020000338554382324
F03||143||ate,F03,143,ate,remove_2-4k,2-4k,remove,4.66015625,ape,ate,1,0,1,1,0.00020000338554382324
F03||143||ate,F03,143,ate,retain_4-8k,4-8k,retain,4.83984375,,a,0,0,12,3,0.00020000338554382324
F03||143||ate,F03,143,ate,remove_4-8k,4-8k,remove,4.59375,,a,0,0,12,3,0.00020000338554382324
F03||156||witch,F03,156,witch,retain_0-0.5k,0-0.5k,retain,4.19921875,which,rich,0,0,5,2,0.00016774237155914307
F03||156||witch,F03,156,witch,remove_0-0.5k,0-0.5k,remove,3.302734375,witch,witch,1,1,1,0,0.00020000338554382324
F03||156||witch,F03,156,witch,retain_0.5-2k,0.5-2k,retain,4.125,which,rich,0,0,5,2,0.0002000001259148121
F03||156||witch,F03,156,witch,remove_0.5-2k,0.5-2k,remove,3.345703125,which,rich,0,0,5,2,0.00020000338554382324
F03||156||witch,F03,156,witch,retain_2-4k,2-4k,retain,3.814453125,which,rich,0,0,5,2,0.00020000338554382324
F03||156||witch,F03,156,witch,remove_2-4k,2-4k,remove,3.48046875,which,rich,0,0,5,2,0.00020000338554382324
F03||156||witch,F03,156,witch,retain_4-8k,4-8k,retain,3.619140625,which,rich,0,0,5,2,0.00020000338554382324
F03||156||witch,F03,156,witch,remove_4-8k,4-8k,remove,3.701171875,which,rich,0,0,5,2,0.00020000338554382324
F03||161||mut,F03,161,mut,retain_0-0.5k,0-0.5k,retain,8.375,marked,area,0,0,150,5,0.00011609774082899094
F03||161||mut,F03,161,mut,remove_0-0.5k,0-0.5k,remove,4.7578125,mutt,mut,1,0,1,1,0.00020000338554382324
F03||161||mut,F03,161,mut,retain_0.5-2k,0.5-2k,retain,7.3359375,marked,area,0,0,150,5,0.0002000001259148121
F03||161||mut,F03,161,mut,remove_0.5-2k,0.5-2k,remove,4.796875,mutt,mut,1,0,1,1,0.00020000338554382324
F03||161||mut,F03,161,mut,retain_2-4k,2-4k,retain,5.4609375,mutt,mut,1,0,1,1,0.00020000338554382324
F03||161||mut,F03,161,mut,remove_2-4k,2-4k,remove,5.12109375,mutt,mut,1,0,1,1,0.00020000338554382324
F03||161||mut,F03,161,mut,retain_4-8k,4-8k,retain,7.0703125,marked,area,0,0,150,5,0.00020000338554382324
F03||161||mut,F03,161,mut,remove_4-8k,4-8k,remove,5.26171875,mutt,mut,1,0,1,1,0.00020000338554382324
F03||164||sigh,F03,164,sigh,retain_0-0.5k,0-0.5k,retain,5.79296875,sorry,sort,0,0,111,4,0.0001284116879105568
F03||164||sigh,F03,164,sigh,remove_0-0.5k,0-0.5k,remove,4.8515625,sigh,sigh,1,1,1,0,0.00020000338554382324
F03||164||sigh,F03,164,sigh,retain_0.5-2k,0.5-2k,retain,5.5,sorry,sort,0,0,111,4,0.0002000001259148121
F03||164||sigh,F03,164,sigh,remove_0.5-2k,0.5-2k,remove,4.90234375,sigh,sigh,1,1,1,0,0.00020000338554382324
F03||164||sigh,F03,164,sigh,retain_2-4k,2-4k,retain,5.2890625,sigh,sigh,1,1,1,0,0.00020000338554382324
F03||164||sigh,F03,164,sigh,remove_2-4k,2-4k,remove,4.96484375,sigh,sigh,1,1,1,0,0.00020000338554382324
F03||164||sigh,F03,164,sigh,retain_4-8k,4-8k,retain,5.23828125,sigh,sigh,1,1,1,0,0.00020000338554382324
F03||164||sigh,F03,164,sigh,remove_4-8k,4-8k,remove,5.20703125,sigh,sigh,1,1,1,0,0.00020000338554382324
F03||177||error,F03,177,error,retain_0-0.5k,0-0.5k,retain,4.9609375,air,air,0,0,181,4,0.00014169234782457352
F03||177||error,F03,177,error,remove_0-0.5k,0-0.5k,remove,3.375,error,error,1,1,1,0,0.00020000338554382324
F03||177||error,F03,177,error,retain_0.5-2k,0.5-2k,retain,4.328125,air,air,0,0,181,4,0.0002000001259148121
F03||177||error,F03,177,error,remove_0.5-2k,0.5-2k,remove,3.404296875,error,error,1,1,1,0,0.00020000338554382324
F03||177||error,F03,177,error,retain_2-4k,2-4k,retain,3.80859375,air,air,0,0,181,4,0.00020000338554382324
F03||177||error,F03,177,error,remove_2-4k,2-4k,remove,3.490234375,error,error,1,1,1,0,0.00020000338554382324
F03||177||error,F03,177,error,retain_4-8k,4-8k,retain,3.677734375,error,error,1,1,1,0,0.00020000338554382324
F03||177||error,F03,177,error,remove_4-8k,4-8k,remove,3.623046875,error,error,1,1,1,0,0.00020000338554382324
F03||181||sleep,F03,181,sleep,retain_0-0.5k,0-0.5k,retain,4.6171875,throop,troop,0,0,141,5,0.00012458598939701915
F03||181||sleep,F03,181,sleep,remove_0-0.5k,0-0.5k,remove,3.353515625,sleep,sleep,1,1,1,0,0.00020000338554382324
F03||181||sleep,F03,181,sleep,retain_0.5-2k,0.5-2k,retain,3.171875,sleep,sleep,1,1,1,0,0.0002000001259148121
F03||181||sleep,F03,181,sleep,remove_0.5-2k,0.5-2k,remove,3.34765625,sleep,sleep,1,1,1,0,0.00020000338554382324
F03||181||sleep,F03,181,sleep,retain_2-4k,2-4k,retain,3.453125,sleep,sleep,1,1,1,0,0.00020000338554382324
F03||181||sleep,F03,181,sleep,remove_2-4k,2-4k,remove,3.08984375,sleep,sleep,1,1,1,0,0.00020000338554382324
F03||181||sleep,F03,181,sleep,retain_4-8k,4-8k,retain,3.900390625,rip,rip,0,0,220,4,0.0002000001259148121
F03||181||sleep,F03,181,sleep,remove_4-8k,4-8k,remove,3.537109375,sleep,sleep,1,1,1,0,0.00020000338554382324
F03||183||cycle,F03,183,cycle,retain_0-0.5k,0-0.5k,retain,5.8828125,psycho,echo,0,0,4,4,0.0001360354945063591
F03||183||cycle,F03,183,cycle,remove_0-0.5k,0-0.5k,remove,4.01953125,cycle,cycle,1,1,1,0,0.00020000338554382324
F03||183||cycle,F03,183,cycle,retain_0.5-2k,0.5-2k,retain,5.14453125,psycho,echo,0,0,4,4,0.0002000001259148121
F03||183||cycle,F03,183,cycle,remove_0.5-2k,0.5-2k,remove,3.9921875,cycle,cycle,1,1,1,0,0.00020000338554382324
F03||183||cycle,F03,183,cycle,retain_2-4k,2-4k,retain,4.14453125,cycle,cycle,1,1,1,0,0.00020000338554382324
F03||183||cycle,F03,183,cycle,remove_2-4k,2-4k,remove,4.0703125,cycle,cycle,1,1,1,0,0.00020000338554382324
F03||183||cycle,F03,183,cycle,retain_4-8k,4-8k,retain,4.25,cycle,cycle,1,1,1,0,0.00020000338554382324
F03||183||cycle,F03,183,cycle,remove_4-8k,4-8k,remove,3.9921875,cycle,cycle,1,1,1,0,0.00020000338554382324
F03||192||knew,F03,192,knew,retain_0-0.5k,0-0.5k,retain,4.453125,no,no,0,0,67,3,0.0001257406547665596
F03||192||knew,F03,192,knew,remove_0-0.5k,0-0.5k,remove,3.69140625,new,knew,1,0,1,1,0.00020000338554382324
F03||192||knew,F03,192,knew,retain_0.5-2k,0.5-2k,retain,4.28125,no,no,0,0,67,3,0.00020000338554382324
F03||192||knew,F03,192,knew,remove_0.5-2k,0.5-2k,remove,3.755859375,no,no,0,0,67,3,0.00020000338554382324
F03||192||knew,F03,192,knew,retain_2-4k,2-4k,retain,4.09375,no,no,0,0,67,3,0.00020000338554382324
F03||192||knew,F03,192,knew,remove_2-4k,2-4k,remove,3.888671875,no,no,0,0,67,3,0.00020000338554382324
F03||192||knew,F03,192,knew,retain_4-8k,4-8k,retain,4.1171875,no,no,0,0,67,3,0.00020000338554382324
F03||192||knew,F03,192,knew,remove_4-8k,4-8k,remove,3.87890625,no,no,0,0,67,3,0.00020000338554382324
F03||4||droop,F03,4,droop,retain_0-0.5k,0-0.5k,retain,4.32421875,joop,loop,0,0,4,2,0.00019753840751945972
F03||4||droop,F03,4,droop,remove_0-0.5k,0-0.5k,remove,3.560546875,droop,droop,1,1,1,0,0.00020000338554382324
F03||4||droop,F03,4,droop,retain_0.5-2k,0.5-2k,retain,4.1953125,joop,loop,0,0,4,2,0.00020000338554382324
F03||4||droop,F03,4,droop,remove_0.5-2k,0.5-2k,remove,3.6953125,joop,loop,0,0,4,2,0.00020000338554382324
F03||4||droop,F03,4,droop,retain_2-4k,2-4k,retain,4.0625,joop,loop,0,0,4,2,0.00020000338554382324
F03||4||droop,F03,4,droop,remove_2-4k,2-4k,remove,3.81640625,joop,loop,0,0,4,2,0.00020000338554382324
F03||4||droop,F03,4,droop,retain_4-8k,4-8k,retain,3.9609375,joop,loop,0,0,4,2,0.00020000338554382324
F03||4||droop,F03,4,droop,remove_4-8k,4-8k,remove,3.92578125,joop,loop,0,0,4,2,0.00020000338554382324
F03||36||thigh,F03,36,thigh,retain_0-0.5k,0-0.5k,retain,3.96875,bye,ate,0,0,296,5,0.00011288374662399292
F03||36||thigh,F03,36,thigh,remove_0-0.5k,0-0.5k,remove,3.037109375,thigh,thigh,1,1,1,0,0.00020000338554382324
F03||36||thigh,F03,36,thigh,retain_0.5-2k,0.5-2k,retain,3.900390625,bye,ate,0,0,296,5,0.0002000001259148121
F03||36||thigh,F03,36,thigh,remove_0.5-2k,0.5-2k,remove,3.0234375,thigh,thigh,1,1,1,0,0.00020000338554382324
F03||36||thigh,F03,36,thigh,retain_2-4k,2-4k,retain,3.73046875,bye,ate,0,0,296,5,0.00020000338554382324
F03||36||thigh,F03,36,thigh,remove_2-4k,2-4k,remove,2.908203125,thigh,thigh,1,1,1,0,0.00020000338554382324
F03||36||thigh,F03,36,thigh,retain_4-8k,4-8k,retain,2.876953125,thigh,thigh,1,1,1,0,0.00020000338554382324
F03||36||thigh,F03,36,thigh,remove_4-8k,4-8k,remove,3.666015625,bye,ate,0,0,296,5,0.00020000338554382324
F03||41||slip,F03,41,slip,retain_0-0.5k,0-0.5k,retain,3.115234375,flip,lip,0,0,2,1,0.00017101038247346878
F03||41||slip,F03,41,slip,remove_0-0.5k,0-0.5k,remove,2.69140625,slip,slip,1,1,1,0,0.00020000338554382324
F03||41||slip,F03,41,slip,retain_0.5-2k,0.5-2k,retain,3.033203125,flip,lip,0,0,2,1,0.0002000001259148121
F03||41||slip,F03,41,slip,remove_0.5-2k,0.5-2k,remove,2.724609375,slip,slip,1,1,1,0,0.00020000338554382324
F03||41||slip,F03,41,slip,retain_2-4k,2-4k,retain,2.953125,flip,lip,0,0,2,1,0.00020000338554382324
F03||41||slip,F03,41,slip,remove_2-4k,2-4k,remove,2.751953125,slip,slip,1,1,1,0,0.00020000338554382324
F03||41||slip,F03,41,slip,retain_4-8k,4-8k,retain,2.81640625,slip,slip,1,1,1,0,0.00020000338554382324
F03||41||slip,F03,41,slip,remove_4-8k,4-8k,remove,2.8671875,slip,slip,1,1,1,0,0.00020000338554382324
F03||42||slip,F03,42,slip,retain_0-0.5k,0-0.5k,retain,2.861328125,flip,lip,0,0,2,1,0.00016529671847820282
F03||42||slip,F03,42,slip,remove_0-0.5k,0-0.5k,remove,2.240234375,slip,slip,1,1,1,0,0.00020000338554382324
F03||42||slip,F03,42,slip,retain_0.5-2k,0.5-2k,retain,2.65234375,flip,lip,0,0,2,1,0.00020000338554382324
F03||42||slip,F03,42,slip,remove_0.5-2k,0.5-2k,remove,2.27734375,slip,slip,1,1,1,0,0.00020000338554382324
F03||42||slip,F03,42,slip,retain_2-4k,2-4k,retain,2.650390625,flip,lip,0,0,2,1,0.00020000338554382324
F03||42||slip,F03,42,slip,remove_2-4k,2-4k,remove,2.275390625,slip,slip,1,1,1,0,0.00020000338554382324
F03||42||slip,F03,42,slip,retain_4-8k,4-8k,retain,2.392578125,slip,slip,1,1,1,0,0.00020000338554382324
F03||42||slip,F03,42,slip,remove_4-8k,4-8k,remove,2.443359375,slip,slip,1,1,1,0,0.00020000338554382324
F03||50||root,F03,50,root,retain_0-0.5k,0-0.5k,retain,4.33203125,rude,ride,0,0,60,3,0.00016073044389486313
F03||50||root,F03,50,root,remove_0-0.5k,0-0.5k,remove,3.705078125,root,root,1,1,1,0,0.00020000338554382324
F03||50||root,F03,50,root,retain_0.5-2k,0.5-2k,retain,4.18359375,rude,ride,0,0,60,3,0.00020000338554382324
F03||50||root,F03,50,root,remove_0.5-2k,0.5-2k,remove,3.79296875,root,root,1,1,1,0,0.00020000338554382324
F03||50||root,F03,50,root,retain_2-4k,2-4k,retain,4.16796875,rude,ride,0,0,60,3,0.00020000338554382324
F03||50||root,F03,50,root,remove_2-4k,2-4k,remove,3.82421875,root,root,1,1,1,0,0.00020000338554382324
F03||50||root,F03,50,root,retain_4-8k,4-8k,retain,3.94921875,rude,ride,0,0,60,3,0.00020000338554382324
F03||50||root,F03,50,root,remove_4-8k,4-8k,remove,3.99609375,rude,ride,0,0,60,3,0.00020000338554382324
F03||51||snoop,F03,51,snoop,retain_0-0.5k,0-0.5k,retain,4.0625,slip,slip,0,0,51,3,0.00019400945166125894
F03||51||snoop,F03,51,snoop,remove_0-0.5k,0-0.5k,remove,2.8203125,snoop,snoop,1,1,1,0,0.00020000338554382324
F03||51||snoop,F03,51,snoop,retain_0.5-2k,0.5-2k,retain,3.734375,slip,slip,0,0,51,3,0.00020000338554382324
F03||51||snoop,F03,51,snoop,remove_0.5-2k,0.5-2k,remove,2.9375,snoop,snoop,1,1,1,0,0.00020000338554382324
F03||51||snoop,F03,51,snoop,retain_2-4k,2-4k,retain,3.658203125,snoop,snoop,1,1,1,0,0.00020000338554382324
F03||51||snoop,F03,51,snoop,remove_2-4k,2-4k,remove,2.966796875,snoop,snoop,1,1,1,0,0.00020000338554382324
F03||51||snoop,F03,51,snoop,retain_4-8k,4-8k,retain,3.21484375,snoop,snoop,1,1,1,0,0.00020000338554382324
F03||51||snoop,F03,51,snoop,remove_4-8k,4-8k,remove,3.359375,snoop,snoop,1,1,1,0,0.00020000338554382324
F03||60||cart,F03,60,cart,retain_0-0.5k,0-0.5k,retain,5.5234375,cut,mut,0,0,8,2,0.00018770433962345123
F03||60||cart,F03,60,cart,remove_0-0.5k,0-0.5k,remove,4.640625,cart,cart,1,1,1,0,0.00020000338554382324
F03||60||cart,F03,60,cart,retain_0.5-2k,0.5-2k,retain,5.34375,cut,mut,0,0,8,2,0.00020000338554382324
F03||60||cart,F03,60,cart,remove_0.5-2k,0.5-2k,remove,4.68359375,cart,cart,1,1,1,0,0.00020000338554382324
F03||60||cart,F03,60,cart,retain_2-4k,2-4k,retain,5.02734375,cut,mut,0,0,8,2,0.00020000338554382324
F03||60||cart,F03,60,cart,remove_2-4k,2-4k,remove,4.859375,cut,mut,0,0,8,2,0.00020000338554382324
F03||60||cart,F03,60,cart,retain_4-8k,4-8k,retain,5.03515625,cut,mut,0,0,8,2,0.00020000338554382324
F03||60||cart,F03,60,cart,remove_4-8k,4-8k,remove,4.8515625,cut,mut,0,0,8,2,0.00020000338554382324
F03||77||leak,F03,77,leak,retain_0-0.5k,0-0.5k,retain,4.55859375,reek,reek,0,0,6,2,0.00015623844228684902
F03||77||leak,F03,77,leak,remove_0-0.5k,0-0.5k,remove,4.08203125,weak,leak,1,0,1,1,0.00020000338554382324
F03||77||leak,F03,77,leak,retain_0.5-2k,0.5-2k,retain,4.484375,reek,reek,0,0,6,2,0.00020000338554382324
F03||77||leak,F03,77,leak,remove_0.5-2k,0.5-2k,remove,4.1328125,weak,leak,1,0,1,1,0.00020000338554382324
F03||77||leak,F03,77,leak,retain_2-4k,2-4k,retain,4.4296875,weak,leak,1,0,1,1,0.00020000338554382324
F03||77||leak,F03,77,leak,remove_2-4k,2-4k,remove,4.1953125,weak,leak,1,0,1,1,0.00020000338554382324
F03||77||leak,F03,77,leak,retain_4-8k,4-8k,retain,4.265625,weak,leak,1,0,1,1,0.00020000338554382324
F03||77||leak,F03,77,leak,remove_4-8k,4-8k,remove,4.359375,weak,leak,1,0,1,1,0.00020000338554382324
F03||79||thought,F03,79,thought,retain_0-0.5k,0-0.5k,retain,5.90625,not,dot,0,0,294,5,0.0002000001259148121
F03||79||thought,F03,79,thought,remove_0-0.5k,0-0.5k,remove,5.265625,thought,thought,1,1,1,0,0.00020000338554382324
F03||79||thought,F03,79,thought,retain_0.5-2k,0.5-2k,retain,5.734375,not,dot,0,0,294,5,0.00020000338554382324
F03||79||thought,F03,79,thought,remove_0.5-2k,0.5-2k,remove,5.3359375,thought,thought,1,1,1,0,0.00020000338554382324
F03||79||thought,F03,79,thought,retain_2-4k,2-4k,retain,5.703125,not,dot,0,0,294,5,0.00020000338554382324
F03||79||thought,F03,79,thought,remove_2-4k,2-4k,remove,5.37109375,thought,thought,1,1,1,0,0.00020000338554382324
F03||79||thought,F03,79,thought,retain_4-8k,4-8k,retain,5.48828125,thought,thought,1,1,1,0,0.00020000338554382324
F03||79||thought,F03,79,thought,remove_4-8k,4-8k,remove,5.609375,thought,thought,1,1,1,0,0.00020000338554382324
F03||82||seeds,F03,82,seeds,retain_0-0.5k,0-0.5k,retain,6.46875,c,a,0,0,248,5,0.00012091058306396008
F03||82||seeds,F03,82,seeds,remove_0-0.5k,0-0.5k,remove,2.84375,seeds,seeds,1,1,1,0,0.00020000338554382324
F03||82||seeds,F03,82,seeds,retain_0.5-2k,0.5-2k,retain,5.99609375,c,a,0,0,248,5,0.00020000338554382324
F03||82||seeds,F03,82,seeds,remove_0.5-2k,0.5-2k,remove,2.921875,seeds,seeds,1,1,1,0,0.00020000338554382324
F03||82||seeds,F03,82,seeds,retain_2-4k,2-4k,retain,4.47265625,see,see,0,0,23,2,0.00020000338554382324
F03||82||seeds,F03,82,seeds,remove_2-4k,2-4k,remove,2.9375,seeds,seeds,1,1,1,0,0.00020000338554382324
F03||82||seeds,F03,82,seeds,retain_4-8k,4-8k,retain,3.021484375,see you,see,0,0,3,4,0.00020000338554382324
F03||82||seeds,F03,82,seeds,remove_4-8k,4-8k,remove,3.9609375,see,see,0,0,23,2,0.00020000338554382324
F03||115||liar,F03,115,liar,retain_0-0.5k,0-0.5k,retain,4.171875,fire,five,0,0,64,3,0.00017159432172775269
F03||115||liar,F03,115,liar,remove_0-0.5k,0-0.5k,remove,3.5,liar,liar,1,1,1,0,0.00020000338554382324
F03||115||liar,F03,115,liar,retain_0.5-2k,0.5-2k,retain,4.0859375,fire,five,0,0,64,3,0.00020000338554382324
F03||115||liar,F03,115,liar,remove_0.5-2k,0.5-2k,remove,3.5078125,liar,liar,1,1,1,0,0.00020000338554382324
F03||115||liar,F03,115,liar,retain_2-4k,2-4k,retain,3.939453125,fire,five,0,0,64,3,0.00020000338554382324
F03||115||liar,F03,115,liar,remove_2-4k,2-4k,remove,3.548828125,liar,liar,1,1,1,0,0.00020000338554382324
F03||115||liar,F03,115,liar,retain_4-8k,4-8k,retain,3.576171875,fire,five,0,0,64,3,0.00020000338554382324
F03||115||liar,F03,115,liar,remove_4-8k,4-8k,remove,3.845703125,fire,five,0,0,64,3,0.00020000338554382324
F03||120||fitting,F03,120,fitting,retain_0-0.5k,0-0.5k,retain,4.33203125,good friday,briar,0,0,137,10,0.00020000338554382324
F03||120||fitting,F03,120,fitting,remove_0-0.5k,0-0.5k,remove,3.349609375,fitting,fitting,1,1,1,0,0.00020000338554382324
F03||120||fitting,F03,120,fitting,retain_0.5-2k,0.5-2k,retain,4.15234375,good friday,briar,0,0,137,10,0.00020000338554382324
F03||120||fitting,F03,120,fitting,remove_0.5-2k,0.5-2k,remove,3.421875,fitting,fitting,1,1,1,0,0.00020000338554382324
F03||120||fitting,F03,120,fitting,retain_2-4k,2-4k,retain,3.859375,good fitting,fitting,1,0,1,5,0.00020000338554382324
F03||120||fitting,F03,120,fitting,remove_2-4k,2-4k,remove,3.609375,fridding,fitting,1,0,1,3,0.00020000338554382324
F03||120||fitting,F03,120,fitting,retain_4-8k,4-8k,retain,3.763671875,fridding,fitting,1,0,1,3,0.00020000338554382324
F03||120||fitting,F03,120,fitting,remove_4-8k,4-8k,remove,3.6875,fridding,fitting,1,0,1,3,0.00020000338554382324
F03||129||dark,F03,129,dark,retain_0-0.5k,0-0.5k,retain,4.0703125,so,go,0,0,145,4,0.00012410059571266174
F03||129||dark,F03,129,dark,remove_0-0.5k,0-0.5k,remove,3.416015625,dark,dark,1,1,1,0,0.00020000338554382324
F03||129||dark,F03,129,dark,retain_0.5-2k,0.5-2k,retain,3.92578125,so,go,0,0,145,4,0.00020000338554382324
F03||129||dark,F03,129,dark,remove_0.5-2k,0.5-2k,remove,3.5078125,so,go,0,0,145,4,0.00020000338554382324
F03||129||dark,F03,129,dark,retain_2-4k,2-4k,retain,3.703125,so,go,0,0,145,4,0.00020000338554382324
F03||129||dark,F03,129,dark,remove_2-4k,2-4k,remove,3.6484375,so,go,0,0,145,4,0.00020000338554382324
F03||129||dark,F03,129,dark,retain_4-8k,4-8k,retain,3.76171875,so,go,0,0,145,4,0.00020000338554382324
F03||129||dark,F03,129,dark,remove_4-8k,4-8k,remove,3.611328125,so,go,0,0,145,4,0.00020000338554382324
F03||134||mitten,F03,134,mitten,retain_0-0.5k,0-0.5k,retain,5.375,i,a,0,0,253,5,0.00017906446009874344
F03||134||mitten,F03,134,mitten,remove_0-0.5k,0-0.5k,remove,3.990234375,mitten,mitten,1,1,1,0,0.00020000338554382324
F03||134||mitten,F03,134,mitten,retain_0.5-2k,0.5-2k,retain,5.01171875,mitten,mitten,1,1,1,0,0.00020000338554382324
F03||134||mitten,F03,134,mitten,remove_0.5-2k,0.5-2k,remove,4.1015625,mitten,mitten,1,1,1,0,0.00020000338554382324
F03||134||mitten,F03,134,mitten,retain_2-4k,2-4k,retain,4.734375,mitten,mitten,1,1,1,0,0.00020000338554382324
F03||134||mitten,F03,134,mitten,remove_2-4k,2-4k,remove,4.22265625,mitten,mitten,1,1,1,0,0.00020000338554382324
F03||134||mitten,F03,134,mitten,retain_4-8k,4-8k,retain,4.38671875,mitten,mitten,1,1,1,0,0.00020000338554382324
F03||134||mitten,F03,134,mitten,remove_4-8k,4-8k,remove,4.515625,mitten,mitten,1,1,1,0,0.00020000338554382324
F03||135||barn,F03,135,barn,retain_0-0.5k,0-0.5k,retain,4.31640625,bon,born,0,0,4,2,0.0001417761668562889
F03||135||barn,F03,135,barn,remove_0-0.5k,0-0.5k,remove,3.74609375,burn,barn,1,0,1,1,0.00020000338554382324
F03||135||barn,F03,135,barn,retain_0.5-2k,0.5-2k,retain,4.2109375,bon,born,0,0,4,2,0.00020000338554382324
F03||135||barn,F03,135,barn,remove_0.5-2k,0.5-2k,remove,3.779296875,bon,born,0,0,4,2,0.00020000338554382324
F03||135||barn,F03,135,barn,retain_2-4k,2-4k,retain,4.1328125,bon,born,0,0,4,2,0.00020000338554382324
F03||135||barn,F03,135,barn,remove_2-4k,2-4k,remove,3.837890625,bon,born,0,0,4,2,0.00020000338554382324
F03||135||barn,F03,135,barn,retain_4-8k,4-8k,retain,3.912109375,bon,born,0,0,4,2,0.00020000338554382324
F03||135||barn,F03,135,barn,remove_4-8k,4-8k,remove,4.03515625,bon,born,0,0,4,2,0.00020000338554382324
F03||136||pit,F03,136,pit,retain_0-0.5k,0-0.5k,retain,5.2890625,okay,pay,0,0,157,4,0.00015023164451122284
F03||136||pit,F03,136,pit,remove_0-0.5k,0-0.5k,remove,4.1171875,okay,pay,0,0,157,4,0.00020000338554382324
F03||136||pit,F03,136,pit,retain_0.5-2k,0.5-2k,retain,4.99609375,okay,pay,0,0,157,4,0.00020000338554382324
F03||136||pit,F03,136,pit,remove_0.5-2k,0.5-2k,remove,4.2890625,okay,pay,0,0,157,4,0.00020000338554382324
F03||136||pit,F03,136,pit,retain_2-4k,2-4k,retain,4.96484375,okay,pay,0,0,157,4,0.00020000338554382324
F03||136||pit,F03,136,pit,remove_2-4k,2-4k,remove,4.33984375,okay,pay,0,0,157,4,0.00020000338554382324
F03||136||pit,F03,136,pit,retain_4-8k,4-8k,retain,4.6015625,okay,pay,0,0,157,4,0.00020000338554382324
F03||136||pit,F03,136,pit,remove_4-8k,4-8k,remove,4.7109375,okay,pay,0,0,157,4,0.00020000338554382324
F03||5||shop,F03,5,shop,retain_0-0.5k,0-0.5k,retain,4.66796875,sharp,harp,0,0,7,2,0.00016235467046499252
F03||5||shop,F03,5,shop,remove_0-0.5k,0-0.5k,remove,3.505859375,shop,shop,1,1,1,0,0.00020000338554382324
F03||5||shop,F03,5,shop,retain_0.5-2k,0.5-2k,retain,4.2578125,shop,shop,1,1,1,0,0.0002000001259148121
F03||5||shop,F03,5,shop,remove_0.5-2k,0.5-2k,remove,3.4765625,shop,shop,1,1,1,0,0.00020000338554382324
F03||5||shop,F03,5,shop,retain_2-4k,2-4k,retain,4.12109375,shop,shop,1,1,1,0,0.00020000338554382324
F03||5||shop,F03,5,shop,remove_2-4k,2-4k,remove,3.61328125,shop,shop,1,1,1,0,0.00020000338554382324
F03||5||shop,F03,5,shop,retain_4-8k,4-8k,retain,3.892578125,shop,shop,1,1,1,0,0.00020000338554382324
F03||5||shop,F03,5,shop,remove_4-8k,4-8k,remove,3.8828125,shop,shop,1,1,1,0,0.00020000338554382324
F03||14||blend,F03,14,blend,retain_0-0.5k,0-0.5k,retain,4.88671875,lend,lend,0,0,2,1,0.00012257997877895832
F03||14||blend,F03,14,blend,remove_0-0.5k,0-0.5k,remove,3.462890625,blend,blend,1,1,1,0,0.00020000338554382324
F03||14||blend,F03,14,blend,retain_0.5-2k,0.5-2k,retain,4.5390625,lend,lend,0,0,2,1,0.00020000338554382324
F03||14||blend,F03,14,blend,remove_0.5-2k,0.5-2k,remove,3.53125,blend,blend,1,1,1,0,0.00020000338554382324
F03||14||blend,F03,14,blend,retain_2-4k,2-4k,retain,4.15625,lend,lend,0,0,2,1,0.00020000338554382324
F03||14||blend,F03,14,blend,remove_2-4k,2-4k,remove,3.57421875,blend,blend,1,1,1,0,0.00020000338554382324
F03||14||blend,F03,14,blend,retain_4-8k,4-8k,retain,3.732421875,blend,blend,1,1,1,0,0.00020000338554382324
F03||14||blend,F03,14,blend,remove_4-8k,4-8k,remove,3.87109375,blend,blend,1,1,1,0,0.00020000338554382324
F03||19||muck,F03,19,muck,retain_0-0.5k,0-0.5k,retain,4.078125,mac,a,0,0,15,2,0.00016155163757503033
F03||19||muck,F03,19,muck,remove_0-0.5k,0-0.5k,remove,3.318359375,muck,muck,1,1,1,0,0.00020000338554382324
F03||19||muck,F03,19,muck,retain_0.5-2k,0.5-2k,retain,3.833984375,muck,muck,1,1,1,0,0.00020000338554382324
F03||19||muck,F03,19,muck,remove_0.5-2k,0.5-2k,remove,3.291015625,muck,muck,1,1,1,0,0.00020000338554382324
F03||19||muck,F03,19,muck,retain_2-4k,2-4k,retain,3.720703125,muck,muck,1,1,1,0,0.00020000338554382324
F03||19||muck,F03,19,muck,remove_2-4k,2-4k,remove,3.310546875,muck,muck,1,1,1,0,0.00020000338554382324
F03||19||muck,F03,19,muck,retain_4-8k,4-8k,retain,3.306640625,muck,muck,1,1,1,0,0.00020000338554382324
F03||19||muck,F03,19,muck,remove_4-8k,4-8k,remove,3.544921875,muck,muck,1,1,1,0,0.00020000338554382324
F03||20||pit,F03,20,pit,retain_0-0.5k,0-0.5k,retain,4.63671875,okay,pay,0,0,157,4,0.0001878039911389351
F03||20||pit,F03,20,pit,remove_0-0.5k,0-0.5k,remove,3.552734375,pit,pit,1,1,1,0,0.00020000338554382324
F03||20||pit,F03,20,pit,retain_0.5-2k,0.5-2k,retain,4.1875,okay,pay,0,0,157,4,0.00020000338554382324
F03||20||pit,F03,20,pit,remove_0.5-2k,0.5-2k,remove,3.669921875,pit,pit,1,1,1,0,0.00020000338554382324
F03||20||pit,F03,20,pit,retain_2-4k,2-4k,retain,4.06640625,p,a,0,0,14,2,0.00020000338554382324
F03||20||pit,F03,20,pit,remove_2-4k,2-4k,remove,3.787109375,pit,pit,1,1,1,0,0.00020000338554382324
F03||20||pit,F03,20,pit,retain_4-8k,4-8k,retain,4.13671875,okay,pay,0,0,157,4,0.00020000338554382324
F03||20||pit,F03,20,pit,remove_4-8k,4-8k,remove,3.875,pit,pit,1,1,1,0,0.00020000338554382324
F03||28||knot,F03,28,knot,retain_0-0.5k,0-0.5k,retain,5.2421875,no,no,0,0,13,2,0.00011897832155227661
F03||28||knot,F03,28,knot,remove_0-0.5k,0-0.5k,remove,2.94921875,knot,knot,1,1,1,0,0.00020000338554382324
F03||28||knot,F03,28,knot,retain_0.5-2k,0.5-2k,retain,4.37109375,not,dot,0,0,2,1,0.0002000001259148121
F03||28||knot,F03,28,knot,remove_0.5-2k,0.5-2k,remove,2.994140625,knot,knot,1,1,1,0,0.00020000338554382324
F03||28||knot,F03,28,knot,retain_2-4k,2-4k,retain,3.94921875,not,dot,0,0,2,1,0.00020000338554382324
F03||28||knot,F03,28,knot,remove_2-4k,2-4k,remove,3.060546875,knot,knot,1,1,1,0,0.00020000338554382324
F03||28||knot,F03,28,knot,retain_4-8k,4-8k,retain,3.318359375,not,dot,0,0,2,1,0.00020000338554382324
F03||28||knot,F03,28,knot,remove_4-8k,4-8k,remove,3.47265625,not,dot,0,0,2,1,0.00020000338554382324
F03||33||quart,F03,33,quart,retain_0-0.5k,0-0.5k,retain,4.453125,court,court,0,0,26,3,0.00016697286628186703
F03||33||quart,F03,33,quart,remove_0-0.5k,0-0.5k,remove,2.76953125,quart,quart,1,1,1,0,0.00020000338554382324
F03||33||quart,F03,33,quart,retain_0.5-2k,0.5-2k,retain,4.01171875,court,court,0,0,26,3,0.00020000338554382324
F03||33||quart,F03,33,quart,remove_0.5-2k,0.5-2k,remove,2.86328125,quart,quart,1,1,1,0,0.00020000338554382324
F03||33||quart,F03,33,quart,retain_2-4k,2-4k,retain,3.716796875,court,court,0,0,26,3,0.00020000338554382324
F03||33||quart,F03,33,quart,remove_2-4k,2-4k,remove,2.927734375,quart,quart,1,1,1,0,0.00020000338554382324
F03||33||quart,F03,33,quart,retain_4-8k,4-8k,retain,3.130859375,quart,quart,1,1,1,0,0.00020000338554382324
F03||33||quart,F03,33,quart,remove_4-8k,4-8k,remove,3.271484375,quart,quart,1,1,1,0,0.00020000338554382324
F03||37||bird,F03,37,bird,retain_0-0.5k,0-0.5k,retain,4.67578125,bread,bread,0,0,18,3,0.0001826239749789238
F03||37||bird,F03,37,bird,remove_0-0.5k,0-0.5k,remove,3.533203125,bird,bird,1,1,1,0,0.00020000338554382324
F03||37||bird,F03,37,bird,retain_0.5-2k,0.5-2k,retain,4.00390625,bird,bird,1,1,1,0,0.0002000001259148121
F03||37||bird,F03,37,bird,remove_0.5-2k,0.5-2k,remove,3.537109375,bird,bird,1,1,1,0,0.00020000338554382324
F03||37||bird,F03,37,bird,retain_2-4k,2-4k,retain,3.75,bird,bird,1,1,1,0,0.00020000338554382324
F03||37||bird,F03,37,bird,remove_2-4k,2-4k,remove,3.51171875,bird,bird,1,1,1,0,0.00020000338554382324
F03||37||bird,F03,37,bird,retain_4-8k,4-8k,retain,3.70703125,bird,bird,1,1,1,0,0.00020000338554382324
F03||37||bird,F03,37,bird,remove_4-8k,4-8k,remove,3.521484375,bird,bird,1,1,1,0,0.00020000338554382324
F03||42||mill,F03,42,mill,retain_0-0.5k,0-0.5k,retain,6.078125,no,no,0,0,175,4,0.00015658000484108925
F03||42||mill,F03,42,mill,remove_0-0.5k,0-0.5k,remove,4.97265625,mill,mill,1,1,1,0,0.00020000338554382324
F03||42||mill,F03,42,mill,retain_0.5-2k,0.5-2k,retain,5.8984375,no,no,0,0,175,4,0.00020000338554382324
F03||42||mill,F03,42,mill,remove_0.5-2k,0.5-2k,remove,5.0625,no,no,0,0,175,4,0.00020000338554382324
F03||42||mill,F03,42,mill,retain_2-4k,2-4k,retain,5.69140625,no,no,0,0,175,4,0.00020000338554382324
F03||42||mill,F03,42,mill,remove_2-4k,2-4k,remove,5.12890625,no,no,0,0,175,4,0.00020000338554382324
F03||42||mill,F03,42,mill,retain_4-8k,4-8k,retain,5.3359375,no,no,0,0,175,4,0.00020000338554382324
F03||42||mill,F03,42,mill,remove_4-8k,4-8k,remove,5.4609375,no,no,0,0,175,4,0.00020000338554382324
F03||49||geese,F03,49,geese,retain_0-0.5k,0-0.5k,retain,4.77734375,peace,race,0,0,14,3,0.00015491433441638947
F03||49||geese,F03,49,geese,remove_0-0.5k,0-0.5k,remove,2.8984375,geese,geese,1,1,1,0,0.00020000338554382324
F03||49||geese,F03,49,geese,retain_0.5-2k,0.5-2k,retain,4.5390625,peace,race,0,0,14,3,0.00020000338554382324
F03||49||geese,F03,49,geese,remove_0.5-2k,0.5-2k,remove,2.88671875,geese,geese,1,1,1,0,0.00020000338554382324
F03||49||geese,F03,49,geese,retain_2-4k,2-4k,retain,3.345703125,peace,race,0,0,14,3,0.00020000338554382324
F03||49||geese,F03,49,geese,remove_2-4k,2-4k,remove,2.88671875,geese,geese,1,1,1,0,0.00020000338554382324
F03||49||geese,F03,49,geese,retain_4-8k,4-8k,retain,3.10546875,peace,race,0,0,14,3,0.00020000338554382324
F03||49||geese,F03,49,geese,remove_4-8k,4-8k,remove,3.205078125,geese,geese,1,1,1,0,0.00020000338554382324
F03||59||tread,F03,59,tread,retain_0-0.5k,0-0.5k,retain,5.65234375,shred,shred,0,0,43,3,0.0001238808035850525
F03||59||tread,F03,59,tread,remove_0-0.5k,0-0.5k,remove,2.79296875,tread,tread,1,1,1,0,0.00020000338554382324
F03||59||tread,F03,59,tread,retain_0.5-2k,0.5-2k,retain,4.91796875,shred,shred,0,0,43,3,0.00020000338554382324
F03||59||tread,F03,59,tread,remove_0.5-2k,0.5-2k,remove,2.93359375,shred,shred,0,0,43,3,0.00020000338554382324
F03||59||tread,F03,59,tread,retain_2-4k,2-4k,retain,4.51953125,shred,shred,0,0,43,3,0.00020000338554382324
F03||59||tread,F03,59,tread,remove_2-4k,2-4k,remove,3.076171875,shred,shred,0,0,43,3,0.00020000338554382324
F03||59||tread,F03,59,tread,retain_4-8k,4-8k,retain,4.0859375,shred,shred,0,0,43,3,0.00020000338554382324
F03||59||tread,F03,59,tread,remove_4-8k,4-8k,remove,3.4375,tried,red,0,0,4,2,0.00020000338554382324
F03||62||cork,F03,62,cork,retain_0-0.5k,0-0.5k,retain,5.0390625,correct,court,0,0,4,4,0.00015321513637900352
F03||62||cork,F03,62,cork,remove_0-0.5k,0-0.5k,remove,3.515625,cork,cork,1,1,1,0,0.00020000338554382324
F03||62||cork,F03,62,cork,retain_0.5-2k,0.5-2k,retain,4.171875,quark,quart,0,0,11,3,0.00020000338554382324
F03||62||cork,F03,62,cork,remove_0.5-2k,0.5-2k,remove,3.53125,cork,cork,1,1,1,0,0.00020000338554382324
F03||62||cork,F03,62,cork,retain_2-4k,2-4k,retain,4.1171875,cork,cork,1,1,1,0,0.00020000338554382324
F03||62||cork,F03,62,cork,remove_2-4k,2-4k,remove,3.56640625,cork,cork,1,1,1,0,0.00020000338554382324
F03||62||cork,F03,62,cork,retain_4-8k,4-8k,retain,3.65234375,cork,cork,1,1,1,0,0.00020000338554382324
F03||62||cork,F03,62,cork,remove_4-8k,4-8k,remove,4.0625,cork,cork,1,1,1,0,0.00020000338554382324
F03||73||walk,F03,73,walk,retain_0-0.5k,0-0.5k,retain,5.5546875,mark,dark,0,0,19,2,0.00018319673836231232
F03||73||walk,F03,73,walk,remove_0-0.5k,0-0.5k,remove,4.12109375,walk,walk,1,1,1,0,0.00020000338554382324
F03||73||walk,F03,73,walk,retain_0.5-2k,0.5-2k,retain,5.28125,mark,dark,0,0,19,2,0.0002000001259148121
F03||73||walk,F03,73,walk,remove_0.5-2k,0.5-2k,remove,4.140625,walk,walk,1,1,1,0,0.00020000338554382324
F03||73||walk,F03,73,walk,retain_2-4k,2-4k,retain,4.80859375,mark,dark,0,0,19,2,0.00020000338554382324
F03||73||walk,F03,73,walk,remove_2-4k,2-4k,remove,4.30078125,walk,walk,1,1,1,0,0.00020000338554382324
F03||73||walk,F03,73,walk,retain_4-8k,4-8k,retain,4.42578125,mark,dark,0,0,19,2,0.00020000338554382324
F03||73||walk,F03,73,walk,remove_4-8k,4-8k,remove,4.5703125,mark,dark,0,0,19,2,0.00020000338554382324
F03||81||chop,F03,81,chop,retain_0-0.5k,0-0.5k,retain,4.8671875,ciao,car,0,0,24,3,0.00013940059579908848
F03||81||chop,F03,81,chop,remove_0-0.5k,0-0.5k,remove,3.48828125,chop,chop,1,1,1,0,0.00020000338554382324
F03||81||chop,F03,81,chop,retain_0.5-2k,0.5-2k,retain,4.41015625,ciao,car,0,0,24,3,0.0002000001259148121
F03||81||chop,F03,81,chop,remove_0.5-2k,0.5-2k,remove,3.5,chop,chop,1,1,1,0,0.00020000338554382324
F03||81||chop,F03,81,chop,retain_2-4k,2-4k,retain,4.3125,ciao,car,0,0,24,3,0.00020000338554382324
F03||81||chop,F03,81,chop,remove_2-4k,2-4k,remove,3.533203125,chop,chop,1,1,1,0,0.00020000338554382324
F03||81||chop,F03,81,chop,retain_4-8k,4-8k,retain,3.6796875,chop,chop,1,1,1,0,0.00020000338554382324
F03||81||chop,F03,81,chop,remove_4-8k,4-8k,remove,3.70703125,chop,chop,1,1,1,0,0.00020000338554382324
F03||86||sip,F03,86,sip,retain_0-0.5k,0-0.5k,retain,4.1640625,sit,sit,0,0,5,1,0.00018342677503824234
F03||86||sip,F03,86,sip,remove_0-0.5k,0-0.5k,remove,2.787109375,sip,sip,1,1,1,0,0.00020000338554382324
F03||86||sip,F03,86,sip,retain_0.5-2k,0.5-2k,retain,3.642578125,sit,sit,0,0,5,1,0.0002000001259148121
F03||86||sip,F03,86,sip,remove_0.5-2k,0.5-2k,remove,2.7734375,sip,sip,1,1,1,0,0.00020000338554382324
F03||86||sip,F03,86,sip,retain_2-4k,2-4k,retain,3.09375,sit,sit,0,0,5,1,0.00020000338554382324
F03||86||sip,F03,86,sip,remove_2-4k,2-4k,remove,2.974609375,sit,sit,0,0,5,1,0.00020000338554382324
F03||86||sip,F03,86,sip,retain_4-8k,4-8k,retain,3.26171875,sit,sit,0,0,5,1,0.00020000338554382324
F03||86||sip,F03,86,sip,remove_4-8k,4-8k,remove,2.978515625,sit,sit,0,0,5,1,0.00020000338554382324
F03||111||shred,F03,111,shred,retain_0-0.5k,0-0.5k,retain,4.66015625,fred,fed,0,0,14,2,0.00013282755389809608
F03||111||shred,F03,111,shred,remove_0-0.5k,0-0.5k,remove,2.796875,shred,shred,1,1,1,0,0.00020000338554382324
F03||111||shred,F03,111,shred,retain_0.5-2k,0.5-2k,retain,3.498046875,fred,fed,0,0,14,2,0.0002000001259148121
F03||111||shred,F03,111,shred,remove_0.5-2k,0.5-2k,remove,2.787109375,shred,shred,1,1,1,0,0.00020000338554382324
F03||111||shred,F03,111,shred,retain_2-4k,2-4k,retain,3.02734375,fred,fed,0,0,14,2,0.00020000338554382324
F03||111||shred,F03,111,shred,remove_2-4k,2-4k,remove,2.830078125,shred,shred,1,1,1,0,0.00020000338554382324
F03||111||shred,F03,111,shred,retain_4-8k,4-8k,retain,2.859375,shred,shred,1,1,1,0,0.00020000338554382324
F03||111||shred,F03,111,shred,remove_4-8k,4-8k,remove,2.70703125,shred,shred,1,1,1,0,0.00020000338554382324
F03||114||goat,F03,114,goat,retain_0-0.5k,0-0.5k,retain,6.453125,trolls,rocks,0,0,69,5,0.00013596564531326294
F03||114||goat,F03,114,goat,remove_0-0.5k,0-0.5k,remove,3.794921875,goat,goat,1,1,1,0,0.00020000338554382324
F03||114||goat,F03,114,goat,retain_0.5-2k,0.5-2k,retain,6.09375,toots,toot,0,0,6,3,0.0002000001259148121
F03||114||goat,F03,114,goat,remove_0.5-2k,0.5-2k,remove,3.8671875,goat,goat,1,1,1,0,0.00020000338554382324
F03||114||goat,F03,114,goat,retain_2-4k,2-4k,retain,5.5078125,good,boot,0,0,4,2,0.00020000338554382324
F03||114||goat,F03,114,goat,remove_2-4k,2-4k,remove,4.03125,good,boot,0,0,4,2,0.00020000338554382324
F03||114||goat,F03,114,goat,retain_4-8k,4-8k,retain,4.30859375,goat,goat,1,1,1,0,0.00020000338554382324
F03||114||goat,F03,114,goat,remove_4-8k,4-8k,remove,5.046875,good,boot,0,0,4,2,0.00020000338554382324
F03||124||bitten,F03,124,bitten,retain_0-0.5k,0-0.5k,retain,4.7109375,better,bitter,0,0,2,2,0.00016060331836342812
F03||124||bitten,F03,124,bitten,remove_0-0.5k,0-0.5k,remove,3.697265625,betten,bitten,1,0,1,1,0.00020000338554382324
F03||124||bitten,F03,124,bitten,retain_0.5-2k,0.5-2k,retain,4.31640625,better,bitter,0,0,2,2,0.0002000001259148121
F03||124||bitten,F03,124,bitten,remove_0.5-2k,0.5-2k,remove,3.685546875,betten,bitten,1,0,1,1,0.00020000338554382324
F03||124||bitten,F03,124,bitten,retain_2-4k,2-4k,retain,3.849609375,button,bitten,1,0,1,2,0.00020000338554382324
F03||124||bitten,F03,124,bitten,remove_2-4k,2-4k,remove,3.7421875,button,bitten,1,0,1,2,0.00020000338554382324
F03||124||bitten,F03,124,bitten,retain_4-8k,4-8k,retain,3.865234375,better,bitter,0,0,2,2,0.00020000338554382324
F03||124||bitten,F03,124,bitten,remove_4-8k,4-8k,remove,3.75390625,button,bitten,1,0,1,2,0.00020000338554382324
F03||126||in,F03,126,in,retain_0-0.5k,0-0.5k,retain,4.77734375,m,a,0,0,9,2,0.00018057192210108042
F03||126||in,F03,126,in,remove_0-0.5k,0-0.5k,remove,3.525390625,in,in,1,1,1,0,0.00020000338554382324
F03||126||in,F03,126,in,retain_0.5-2k,0.5-2k,retain,4.44921875,m,a,0,0,9,2,0.00020000338554382324
F03||126||in,F03,126,in,remove_0.5-2k,0.5-2k,remove,3.708984375,in,in,1,1,1,0,0.00020000338554382324
F03||126||in,F03,126,in,retain_2-4k,2-4k,retain,4.12109375,m,a,0,0,9,2,0.00020000338554382324
F03||126||in,F03,126,in,remove_2-4k,2-4k,remove,3.912109375,in,in,1,1,1,0,0.00020000338554382324
F03||126||in,F03,126,in,retain_4-8k,4-8k,retain,4.2109375,m,a,0,0,9,2,0.00020000338554382324
F03||126||in,F03,126,in,remove_4-8k,4-8k,remove,3.87890625,in,in,1,1,1,0,0.00020000338554382324
F03||132||meats,F03,132,meats,retain_0-0.5k,0-0.5k,retain,4.01171875,mitch,witch,0,0,57,4,0.00011279259342700243
F03||132||meats,F03,132,meats,remove_0-0.5k,0-0.5k,remove,2.54296875,meats,meats,1,1,1,0,0.00020000338554382324
F03||132||meats,F03,132,meats,retain_0.5-2k,0.5-2k,retain,3.41796875,meets,meats,1,0,1,1,0.0002000001259148121
F03||132||meats,F03,132,meats,remove_0.5-2k,0.5-2k,remove,2.609375,meats,meats,1,1,1,0,0.00020000338554382324
F03||132||meats,F03,132,meats,retain_2-4k,2-4k,retain,3.025390625,meats,meats,1,1,1,0,0.00020000338554382324
F03||132||meats,F03,132,meats,remove_2-4k,2-4k,remove,2.646484375,meats,meats,1,1,1,0,0.00020000338554382324
F03||132||meats,F03,132,meats,retain_4-8k,4-8k,retain,2.9765625,meats,meats,1,1,1,0,0.00020000338554382324
F03||132||meats,F03,132,meats,remove_4-8k,4-8k,remove,2.833984375,meats,meats,1,1,1,0,0.00020000338554382324
F03||138||slicker,F03,138,slicker,retain_0-0.5k,0-0.5k,retain,6.69140625,sucka,muck,0,0,79,4,0.00012999726459383965
F03||138||slicker,F03,138,slicker,remove_0-0.5k,0-0.5k,remove,2.8359375,sucker,sicker,0,0,3,2,0.00020000338554382324
F03||138||slicker,F03,138,slicker,retain_0.5-2k,0.5-2k,retain,5.93359375,sucka,muck,0,0,79,4,0.00020000338554382324
F03||138||slicker,F03,138,slicker,remove_0.5-2k,0.5-2k,remove,3.033203125,sucker,sicker,0,0,3,2,0.00020000338554382324
F03||138||slicker,F03,138,slicker,retain_2-4k,2-4k,retain,3.685546875,sucker,sicker,0,0,3,2,0.00020000338554382324
F03||138||slicker,F03,138,slicker,remove_2-4k,2-4k,remove,3.416015625,sucker,sicker,0,0,3,2,0.00020000338554382324
F03||138||slicker,F03,138,slicker,retain_4-8k,4-8k,retain,4.71484375,sucker,sicker,0,0,3,2,0.00020000338554382324
F03||138||slicker,F03,138,slicker,remove_4-8k,4-8k,remove,3.28125,sucker,sicker,0,0,3,2,0.00020000338554382324
F03||151||ray,F03,151,ray,retain_0-0.5k,0-0.5k,retain,5.65625,right,right,0,0,93,4,0.0001179669052362442
F03||151||ray,F03,151,ray,remove_0-0.5k,0-0.5k,remove,3.904296875,ray,ray,1,1,1,0,0.00020000338554382324
F03||151||ray,F03,151,ray,retain_0.5-2k,0.5-2k,retain,5.1171875,ray,ray,1,1,1,0,0.00020000338554382324
F03||151||ray,F03,151,ray,remove_0.5-2k,0.5-2k,remove,4.0234375,ray,ray,1,1,1,0,0.00020000338554382324
F03||151||ray,F03,151,ray,retain_2-4k,2-4k,retain,4.83203125,ray,ray,1,1,1,0,0.00020000338554382324
F03||151||ray,F03,151,ray,remove_2-4k,2-4k,remove,4.16796875,ray,ray,1,1,1,0,0.00020000338554382324
F03||151||ray,F03,151,ray,retain_4-8k,4-8k,retain,4.54296875,ray,ray,1,1,1,0,0.00020000338554382324
F03||151||ray,F03,151,ray,remove_4-8k,4-8k,remove,4.48046875,ray,ray,1,1,1,0,0.00020000338554382324
F03||159||chip,F03,159,chip,retain_0-0.5k,0-0.5k,retain,6.0234375,sure,here,0,0,135,4,0.00010966556146740913
F03||159||chip,F03,159,chip,remove_0-0.5k,0-0.5k,remove,3.126953125,chip,chip,1,1,1,0,0.00020000338554382324
F03||159||chip,F03,159,chip,retain_0.5-2k,0.5-2k,retain,4.5625,sure,here,0,0,135,4,0.00020000338554382324
F03||159||chip,F03,159,chip,remove_0.5-2k,0.5-2k,remove,3.16796875,trip,rip,0,0,3,2,0.00020000338554382324
F03||159||chip,F03,159,chip,retain_2-4k,2-4k,retain,4.125,sure,here,0,0,135,4,0.00020000338554382324
F03||159||chip,F03,159,chip,remove_2-4k,2-4k,remove,3.23828125,trip,rip,0,0,3,2,0.00020000338554382324
F03||159||chip,F03,159,chip,retain_4-8k,4-8k,retain,3.791015625,sure,here,0,0,135,4,0.00020000338554382324
F03||159||chip,F03,159,chip,remove_4-8k,4-8k,remove,3.4140625,sure,here,0,0,135,4,0.00020000338554382324
F03||161||sip,F03,161,sip,retain_0-0.5k,0-0.5k,retain,4.15625,hm,ham,0,0,75,3,0.00013264687731862068
F03||161||sip,F03,161,sip,remove_0-0.5k,0-0.5k,remove,3.181640625,sip,sip,1,1,1,0,0.00020000338554382324
F03||161||sip,F03,161,sip,retain_0.5-2k,0.5-2k,retain,3.724609375,hm,ham,0,0,75,3,0.0002000001259148121
F03||161||sip,F03,161,sip,remove_0.5-2k,0.5-2k,remove,3.154296875,shit,ship,0,0,17,2,0.00020000338554382324
F03||161||sip,F03,161,sip,retain_2-4k,2-4k,retain,3.513671875,fh,oh,0,0,78,3,0.00020000338554382324
F03||161||sip,F03,161,sip,remove_2-4k,2-4k,remove,3.189453125,shit,ship,0,0,17,2,0.00020000338554382324
F03||161||sip,F03,161,sip,retain_4-8k,4-8k,retain,3.3671875,shit,ship,0,0,17,2,0.00020000338554382324
F03||161||sip,F03,161,sip,remove_4-8k,4-8k,remove,3.33984375,shit,ship,0,0,17,2,0.00020000338554382324
F03||164||sing,F03,164,sing,retain_0-0.5k,0-0.5k,retain,4.59375,stay,slay,0,0,53,3,0.00014755455777049065
F03||164||sing,F03,164,sing,remove_0-0.5k,0-0.5k,remove,3.525390625,sing,sing,1,1,1,0,0.00020000338554382324
F03||164||sing,F03,164,sing,retain_0.5-2k,0.5-2k,retain,4.0390625,string,sing,1,0,1,2,0.00020000338554382324
F03||164||sing,F03,164,sing,remove_0.5-2k,0.5-2k,remove,3.642578125,sing,sing,1,1,1,0,0.00020000338554382324
F03||164||sing,F03,164,sing,retain_2-4k,2-4k,retain,3.890625,sing,sing,1,1,1,0,0.00020000338554382324
F03||164||sing,F03,164,sing,remove_2-4k,2-4k,remove,3.625,string,sing,1,0,1,2,0.00020000338554382324
F03||164||sing,F03,164,sing,retain_4-8k,4-8k,retain,3.802734375,sing,sing,1,1,1,0,0.00020000338554382324
F03||164||sing,F03,164,sing,remove_4-8k,4-8k,remove,3.65625,sing,sing,1,1,1,0,0.00020000338554382324
F03||167||sin,F03,167,sin,retain_0-0.5k,0-0.5k,retain,5.16796875,see,see,0,0,29,2,0.00018546590581536293
F03||167||sin,F03,167,sin,remove_0-0.5k,0-0.5k,remove,4.3671875,sin,sin,1,1,1,0,0.00020000338554382324
F03||167||sin,F03,167,sin,retain_0.5-2k,0.5-2k,retain,4.90625,see,see,0,0,29,2,0.0002000001259148121
F03||167||sin,F03,167,sin,remove_0.5-2k,0.5-2k,remove,4.43359375,see,see,0,0,29,2,0.00020000338554382324
F03||167||sin,F03,167,sin,retain_2-4k,2-4k,retain,4.66015625,see,see,0,0,29,2,0.00020000338554382324
F03||167||sin,F03,167,sin,remove_2-4k,2-4k,remove,4.4921875,see,see,0,0,29,2,0.00020000338554382324
F03||167||sin,F03,167,sin,retain_4-8k,4-8k,retain,4.6328125,see,see,0,0,29,2,0.00020000338554382324
F03||167||sin,F03,167,sin,remove_4-8k,4-8k,remove,4.53515625,see,see,0,0,29,2,0.00020000338554382324
F03||194||hotel,F03,194,hotel,retain_0-0.5k,0-0.5k,retain,4.2578125,hong kong,hitting,0,0,24,7,0.0001882202923297882
F03||194||hotel,F03,194,hotel,remove_0-0.5k,0-0.5k,remove,2.779296875,hotel,hotel,1,1,1,0,0.00020000338554382324
F03||194||hotel,F03,194,hotel,retain_0.5-2k,0.5-2k,retain,4.0234375,hong kong,hitting,0,0,24,7,0.00020000338554382324
F03||194||hotel,F03,194,hotel,remove_0.5-2k,0.5-2k,remove,2.841796875,hotel,hotel,1,1,1,0,0.00020000338554382324
F03||194||hotel,F03,194,hotel,retain_2-4k,2-4k,retain,3.677734375,i'll tell,tell,0,0,3,6,0.00020000338554382324
F03||194||hotel,F03,194,hotel,remove_2-4k,2-4k,remove,3.052734375,hotel,hotel,1,1,1,0,0.00020000338554382324
F03||194||hotel,F03,194,hotel,retain_4-8k,4-8k,retain,3.25,hotel,hotel,1,1,1,0,0.00020000338554382324
F03||194||hotel,F03,194,hotel,remove_4-8k,4-8k,remove,3.501953125,hotel,hotel,1,1,1,0,0.00020000338554382324
F03||203||sheet,F03,203,sheet,retain_0-0.5k,0-0.5k,retain,4.46875,shoot,shoot,0,0,5,2,0.00013532908633351326
F03||203||sheet,F03,203,sheet,remove_0-0.5k,0-0.5k,remove,3.134765625,sheet,sheet,1,1,1,0,0.00020000338554382324
F03||203||sheet,F03,203,sheet,retain_0.5-2k,0.5-2k,retain,3.568359375,shoot,shoot,0,0,5,2,0.00020000338554382324
F03||203||sheet,F03,203,sheet,remove_0.5-2k,0.5-2k,remove,3.22265625,sheep,sheet,1,0,1,1,0.00020000338554382324
F03||203||sheet,F03,203,sheet,retain_2-4k,2-4k,retain,3.533203125,shoot,shoot,0,0,5,2,0.00020000338554382324
F03||203||sheet,F03,203,sheet,remove_2-4k,2-4k,remove,3.189453125,sheet,sheet,1,1,1,0,0.00020000338554382324
F03||203||sheet,F03,203,sheet,retain_4-8k,4-8k,retain,3.46484375,shoot,shoot,0,0,5,2,0.00020000338554382324
F03||203||sheet,F03,203,sheet,remove_4-8k,4-8k,remove,3.263671875,sheet,sheet,1,1,1,0,0.00020000338554382324
F03||208||him,F03,208,him,retain_0-0.5k,0-0.5k,retain,6.1328125,hem,hem,0,0,4,1,0.00011250469833612442
F03||208||him,F03,208,him,remove_0-0.5k,0-0.5k,remove,5.17578125,him,him,1,1,1,0,0.00020000338554382324
F03||208||him,F03,208,him,retain_0.5-2k,0.5-2k,retain,5.88671875,hem,hem,0,0,4,1,0.0002000001259148121
F03||208||him,F03,208,him,remove_0.5-2k,0.5-2k,remove,5.26953125,him,him,1,1,1,0,0.00020000338554382324
F03||208||him,F03,208,him,retain_2-4k,2-4k,retain,5.77734375,hem,hem,0,0,4,1,0.00020000338554382324
F03||208||him,F03,208,him,remove_2-4k,2-4k,remove,5.3359375,him,him,1,1,1,0,0.00020000338554382324
F03||208||him,F03,208,him,retain_4-8k,4-8k,retain,5.4921875,him,him,1,1,1,0,0.00020000338554382324
F03||208||him,F03,208,him,remove_4-8k,4-8k,remove,5.578125,him,him,1,1,1,0,0.00020000338554382324
M01||28||jacket,M01,28,jacket,retain_0-0.5k,0-0.5k,retain,4.16015625,drag it,trait,0,0,41,5,0.0002000001259148121
M01||28||jacket,M01,28,jacket,remove_0-0.5k,0-0.5k,remove,3.626953125,um a jacket,jacket,1,0,1,5,0.00020000338554382324
M01||28||jacket,M01,28,jacket,retain_0.5-2k,0.5-2k,retain,3.96875,drag it,trait,0,0,41,5,0.00020000338554382324
M01||28||jacket,M01,28,jacket,remove_0.5-2k,0.5-2k,remove,3.75,um drag it,trait,0,0,45,8,0.00020000338554382324
M01||28||jacket,M01,28,jacket,retain_2-4k,2-4k,retain,3.9375,drag it,trait,0,0,41,5,0.00020000338554382324
M01||28||jacket,M01,28,jacket,remove_2-4k,2-4k,remove,3.7734375,um drag it,trait,0,0,45,8,0.00020000338554382324
M01||28||jacket,M01,28,jacket,retain_4-8k,4-8k,retain,3.931640625,drag it,trait,0,0,41,5,0.00020000338554382324
M01||28||jacket,M01,28,jacket,remove_4-8k,4-8k,remove,3.787109375,drag it,trait,0,0,41,5,0.00020000338554382324
M01||35||sticks,M01,35,sticks,retain_0-0.5k,0-0.5k,retain,7.7734375,stick,stick,0,0,2,1,0.00019246339797973633
M01||35||sticks,M01,35,sticks,remove_0-0.5k,0-0.5k,remove,6.31640625,stick,stick,0,0,2,1,0.00020000338554382324
M01||35||sticks,M01,35,sticks,retain_0.5-2k,0.5-2k,retain,7.6875,stick,stick,0,0,2,1,0.00020000338554382324
M01||35||sticks,M01,35,sticks,remove_0.5-2k,0.5-2k,remove,6.78125,stick,stick,0,0,2,1,0.00020000338554382324
M01||35||sticks,M01,35,sticks,retain_2-4k,2-4k,retain,7.62109375,stick,stick,0,0,2,1,0.00020000338554382324
M01||35||sticks,M01,35,sticks,remove_2-4k,2-4k,remove,6.90234375,stick,stick,0,0,2,1,0.00020000338554382324
M01||35||sticks,M01,35,sticks,retain_4-8k,4-8k,retain,7.3984375,stick,stick,0,0,2,1,0.00020000338554382324
M01||35||sticks,M01,35,sticks,remove_4-8k,4-8k,remove,7.32421875,stick,stick,0,0,2,1,0.00020000338554382324
M01||59||air,M01,59,air,retain_0-0.5k,0-0.5k,retain,5.08203125,eeeeh,cheer,0,0,111,5,0.00016707181930541992
M01||59||air,M01,59,air,remove_0-0.5k,0-0.5k,remove,4.66796875,err,air,1,0,1,2,0.00020000338554382324
M01||59||air,M01,59,air,retain_0.5-2k,0.5-2k,retain,4.93359375,eeeeh,cheer,0,0,111,5,0.00020000338554382324
M01||59||air,M01,59,air,remove_0.5-2k,0.5-2k,remove,4.74609375,err,air,1,0,1,2,0.00020000338554382324
M01||59||air,M01,59,air,retain_2-4k,2-4k,retain,4.89453125,eeeeh,cheer,0,0,111,5,0.00020000338554382324
M01||59||air,M01,59,air,remove_2-4k,2-4k,remove,4.7890625,err,air,1,0,1,2,0.00020000338554382324
M01||59||air,M01,59,air,retain_4-8k,4-8k,retain,4.87890625,err,air,1,0,1,2,0.00020000338554382324
M01||59||air,M01,59,air,remove_4-8k,4-8k,remove,4.7890625,err,air,1,0,1,2,0.00020000338554382324
M01||61||farm,M01,61,farm,retain_0-0.5k,0-0.5k,retain,5.05859375,fine,five,0,0,33,3,0.00020000338554382324
M01||61||farm,M01,61,farm,remove_0-0.5k,0-0.5k,remove,3.97265625,farm,farm,1,1,1,0,0.00020000338554382324
M01||61||farm,M01,61,farm,retain_0.5-2k,0.5-2k,retain,4.7578125,fine,five,0,0,33,3,0.00020000338554382324
M01||61||farm,M01,61,farm,remove_0.5-2k,0.5-2k,remove,4.15625,fine,five,0,0,33,3,0.00020000338554382324
M01||61||farm,M01,61,farm,retain_2-4k,2-4k,retain,4.62109375,fine,five,0,0,33,3,0.00020000338554382324
M01||61||farm,M01,61,farm,remove_2-4k,2-4k,remove,4.26171875,fine,five,0,0,33,3,0.00020000338554382324
M01||61||farm,M01,61,farm,retain_4-8k,4-8k,retain,4.5546875,fine,five,0,0,33,3,0.00020000338554382324
M01||61||farm,M01,61,farm,remove_4-8k,4-8k,remove,4.328125,fine,five,0,0,33,3,0.00020000338554382324
M01||67||born,M01,67,born,retain_0-0.5k,0-0.5k,retain,5.69921875,bye,ate,0,0,34,3,0.00019997358322143555
M01||67||born,M01,67,born,remove_0-0.5k,0-0.5k,remove,5.1171875,morning,born,1,0,1,4,0.00020000338554382324
M01||67||born,M01,67,born,retain_0.5-2k,0.5-2k,retain,5.5390625,bye,ate,0,0,34,3,0.00020000338554382324
M01||67||born,M01,67,born,remove_0.5-2k,0.5-2k,remove,5.2578125,bye,ate,0,0,34,3,0.00020000338554382324
M01||67||born,M01,67,born,retain_2-4k,2-4k,retain,5.47265625,bye,ate,0,0,34,3,0.00020000338554382324
M01||67||born,M01,67,born,remove_2-4k,2-4k,remove,5.296875,bye,ate,0,0,34,3,0.00020000338554382324
M01||67||born,M01,67,born,retain_4-8k,4-8k,retain,5.47265625,bye,ate,0,0,34,3,0.00020000338554382324
M01||67||born,M01,67,born,remove_4-8k,4-8k,remove,5.31640625,bye,ate,0,0,34,3,0.00020000338554382324
M01||71||rage,M01,71,rage,retain_0-0.5k,0-0.5k,retain,6.84375,raid,raid,0,0,14,2,0.00020000338554382324
M01||71||rage,M01,71,rage,remove_0-0.5k,0-0.5k,remove,6.08984375,rage,rage,1,1,1,0,0.00020000338554382324
M01||71||rage,M01,71,rage,retain_0.5-2k,0.5-2k,retain,6.65234375,rage,rage,1,1,1,0,0.00020000338554382324
M01||71||rage,M01,71,rage,remove_0.5-2k,0.5-2k,remove,6.2109375,rage,rage,1,1,1,0,0.00020000338554382324
M01||71||rage,M01,71,rage,retain_2-4k,2-4k,retain,6.625,rage,rage,1,1,1,0,0.00020000338554382324
M01||71||rage,M01,71,rage,remove_2-4k,2-4k,remove,6.26953125,rage,rage,1,1,1,0,0.00020000338554382324
M01||71||rage,M01,71,rage,retain_4-8k,4-8k,retain,6.4453125,rage,rage,1,1,1,0,0.00020000338554382324
M01||71||rage,M01,71,rage,remove_4-8k,4-8k,remove,6.44921875,rage,rage,1,1,1,0,0.00020000338554382324
M01||74||car,M01,74,car,retain_0-0.5k,0-0.5k,retain,4.6328125,claire,chair,0,0,5,3,0.0002000001259148121
M01||74||car,M01,74,car,remove_0-0.5k,0-0.5k,remove,4.21875,car,car,1,1,1,0,0.00020000338554382324
M01||74||car,M01,74,car,retain_0.5-2k,0.5-2k,retain,4.51953125,claire,chair,0,0,5,3,0.00020000338554382324
M01||74||car,M01,74,car,remove_0.5-2k,0.5-2k,remove,4.29296875,car,car,1,1,1,0,0.00020000338554382324
M01||74||car,M01,74,car,retain_2-4k,2-4k,retain,4.48828125,claire,chair,0,0,5,3,0.00020000338554382324
M01||74||car,M01,74,car,remove_2-4k,2-4k,remove,4.30859375,car,car,1,1,1,0,0.00020000338554382324
M01||74||car,M01,74,car,retain_4-8k,4-8k,retain,4.43359375,car,car,1,1,1,0,0.00020000338554382324
M01||74||car,M01,74,car,remove_4-8k,4-8k,remove,4.37109375,car,car,1,1,1,0,0.00020000338554382324
M01||75||rave,M01,75,rave,retain_0-0.5k,0-0.5k,retain,5.2734375,rape,race,0,0,5,1,0.00015897606499493122
M01||75||rave,M01,75,rave,remove_0-0.5k,0-0.5k,remove,3.701171875,rave,rave,1,1,1,0,0.00020000338554382324
M01||75||rave,M01,75,rave,retain_0.5-2k,0.5-2k,retain,4.875,rape,race,0,0,5,1,0.00020000338554382324
M01||75||rave,M01,75,rave,remove_0.5-2k,0.5-2k,remove,3.70703125,rave,rave,1,1,1,0,0.00020000338554382324
M01||75||rave,M01,75,rave,retain_2-4k,2-4k,retain,4.62890625,rape,race,0,0,5,1,0.00020000338554382324
M01||75||rave,M01,75,rave,remove_2-4k,2-4k,remove,3.6875,rave,rave,1,1,1,0,0.00020000338554382324
M01||75||rave,M01,75,rave,retain_4-8k,4-8k,retain,3.705078125,rave,rave,1,1,1,0,0.00020000338554382324
M01||75||rave,M01,75,rave,remove_4-8k,4-8k,remove,4.15234375,rave,rave,1,1,1,0,0.00020000338554382324
M01||86||down,M01,86,down,retain_0-0.5k,0-0.5k,retain,4.51953125,no,no,0,0,40,3,0.00020000338554382324
M01||86||down,M01,86,down,remove_0-0.5k,0-0.5k,remove,4.08984375,down,down,1,1,1,0,0.00020000338554382324
M01||86||down,M01,86,down,retain_0.5-2k,0.5-2k,retain,4.359375,no,no,0,0,40,3,0.00020000338554382324
M01||86||down,M01,86,down,remove_0.5-2k,0.5-2k,remove,4.21875,down,down,1,1,1,0,0.00020000338554382324
M01||86||down,M01,86,down,retain_2-4k,2-4k,retain,4.390625,no,no,0,0,40,3,0.00020000338554382324
M01||86||down,M01,86,down,remove_2-4k,2-4k,remove,4.140625,down,down,1,1,1,0,0.00020000338554382324
M01||86||down,M01,86,down,retain_4-8k,4-8k,retain,4.34375,no,no,0,0,40,3,0.00020000338554382324
M01||86||down,M01,86,down,remove_4-8k,4-8k,remove,4.21875,down,down,1,1,1,0,0.00020000338554382324
M01||87||meat,M01,87,meat,retain_0-0.5k,0-0.5k,retain,3.3671875,meep,deer,0,0,6,2,0.00014414265751838684
M01||87||meat,M01,87,meat,remove_0-0.5k,0-0.5k,remove,2.833984375,meat,meat,1,1,1,0,0.00020000338554382324
M01||87||meat,M01,87,meat,retain_0.5-2k,0.5-2k,retain,3.1796875,meep,deer,0,0,6,2,0.00020000338554382324
M01||87||meat,M01,87,meat,remove_0.5-2k,0.5-2k,remove,2.884765625,meep,deer,0,0,6,2,0.00020000338554382324
M01||87||meat,M01,87,meat,retain_2-4k,2-4k,retain,3.08203125,meep,deer,0,0,6,2,0.00020000338554382324
M01||87||meat,M01,87,meat,remove_2-4k,2-4k,remove,2.9375,meep,deer,0,0,6,2,0.00020000338554382324
M01||87||meat,M01,87,meat,retain_4-8k,4-8k,retain,3.0234375,meep,deer,0,0,6,2,0.00020000338554382324
M01||87||meat,M01,87,meat,remove_4-8k,4-8k,remove,2.98046875,meep,deer,0,0,6,2,0.00020000338554382324
M01||93||for,M01,93,for,retain_0-0.5k,0-0.5k,retain,7.25,for her,flicker,0,0,3,4,0.00017164461314678192
M01||93||for,M01,93,for,remove_0-0.5k,0-0.5k,remove,5.4921875,for,for,1,1,1,0,0.00020000338554382324
M01||93||for,M01,93,for,retain_0.5-2k,0.5-2k,retain,6.5,for her,flicker,0,0,3,4,0.00020000338554382324
M01||93||for,M01,93,for,remove_0.5-2k,0.5-2k,remove,5.5703125,for,for,1,1,1,0,0.00020000338554382324
M01||93||for,M01,93,for,retain_2-4k,2-4k,retain,6.01953125,for her,flicker,0,0,3,4,0.00020000338554382324
M01||93||for,M01,93,for,remove_2-4k,2-4k,remove,5.71484375,for her,flicker,0,0,3,4,0.00020000338554382324
M01||93||for,M01,93,for,retain_4-8k,4-8k,retain,6.48828125,for her,flicker,0,0,3,4,0.00020000338554382324
M01||93||for,M01,93,for,remove_4-8k,4-8k,remove,5.578125,for,for,1,1,1,0,0.00020000338554382324
M01||4||knee,M01,4,knee,retain_0-0.5k,0-0.5k,retain,4.8359375,nee,fee,0,0,2,1,0.0001796216529328376
M01||4||knee,M01,4,knee,remove_0-0.5k,0-0.5k,remove,3.072265625,knee,knee,1,1,1,0,0.00020000338554382324
M01||4||knee,M01,4,knee,retain_0.5-2k,0.5-2k,retain,4.38671875,nee,fee,0,0,2,1,0.00020000338554382324
M01||4||knee,M01,4,knee,remove_0.5-2k,0.5-2k,remove,3.22265625,nee,fee,0,0,2,1,0.00020000338554382324
M01||4||knee,M01,4,knee,retain_2-4k,2-4k,retain,4.1640625,nee,fee,0,0,2,1,0.00020000338554382324
M01||4||knee,M01,4,knee,remove_2-4k,2-4k,remove,3.341796875,nee,fee,0,0,2,1,0.00020000338554382324
M01||4||knee,M01,4,knee,retain_4-8k,4-8k,retain,3.953125,nee,fee,0,0,2,1,0.00020000338554382324
M01||4||knee,M01,4,knee,remove_4-8k,4-8k,remove,3.51171875,nee,fee,0,0,2,1,0.00020000338554382324
M01||5||race,M01,5,race,retain_0-0.5k,0-0.5k,retain,4.8828125,hooray,horn,0,0,135,5,0.00013937801122665405
M01||5||race,M01,5,race,remove_0-0.5k,0-0.5k,remove,3.107421875,erase,race,1,0,1,2,0.00020000338554382324
M01||5||race,M01,5,race,retain_0.5-2k,0.5-2k,retain,3.982421875,erase,race,1,0,1,2,0.00020000338554382324
M01||5||race,M01,5,race,remove_0.5-2k,0.5-2k,remove,3.2265625,erase,race,1,0,1,2,0.00020000338554382324
M01||5||race,M01,5,race,retain_2-4k,2-4k,retain,3.79296875,race,race,1,1,1,0,0.00020000338554382324
M01||5||race,M01,5,race,remove_2-4k,2-4k,remove,3.427734375,erase,race,1,0,1,2,0.00020000338554382324
M01||5||race,M01,5,race,retain_4-8k,4-8k,retain,3.837890625,a race,race,1,0,1,2,0.00020000338554382324
M01||5||race,M01,5,race,remove_4-8k,4-8k,remove,3.408203125,erase,race,1,0,1,2,0.00020000338554382324
M01||8||grow,M01,8,grow,retain_0-0.5k,0-0.5k,retain,6.03515625,yo,go,0,0,50,3,0.00020000000949949026
M01||8||grow,M01,8,grow,remove_0-0.5k,0-0.5k,remove,4.8359375,grow,grow,1,1,1,0,0.00020000338554382324
M01||8||grow,M01,8,grow,retain_0.5-2k,0.5-2k,retain,5.69921875,no,no,0,0,55,3,0.00020000338554382324
M01||8||grow,M01,8,grow,remove_0.5-2k,0.5-2k,remove,4.98046875,grow,grow,1,1,1,0,0.00020000338554382324
M01||8||grow,M01,8,grow,retain_2-4k,2-4k,retain,5.390625,yo,go,0,0,50,3,0.00020000338554382324
M01||8||grow,M01,8,grow,remove_2-4k,2-4k,remove,5.12890625,grow,grow,1,1,1,0,0.00020000338554382324
M01||8||grow,M01,8,grow,retain_4-8k,4-8k,retain,5.56640625,yo,go,0,0,50,3,0.00020000338554382324
M01||8||grow,M01,8,grow,remove_4-8k,4-8k,remove,5.015625,grow,grow,1,1,1,0,0.00020000338554382324
M01||9||store,M01,9,store,retain_0-0.5k,0-0.5k,retain,5.73046875,darn,darn,0,0,217,4,0.00020000000949949026
M01||9||store,M01,9,store,remove_0-0.5k,0-0.5k,remove,3.890625,store,store,1,1,1,0,0.00020000338554382324
M01||9||store,M01,9,store,retain_0.5-2k,0.5-2k,retain,5.3125,darn,darn,0,0,217,4,0.00020000338554382324
M01||9||store,M01,9,store,remove_0.5-2k,0.5-2k,remove,4.28515625,door,boot,0,0,65,3,0.00020000338554382324
M01||9||store,M01,9,store,retain_2-4k,2-4k,retain,5.2265625,door,boot,0,0,65,3,0.00020000338554382324
M01||9||store,M01,9,store,remove_2-4k,2-4k,remove,4.1015625,store,store,1,1,1,0,0.00020000338554382324
M01||9||store,M01,9,store,retain_4-8k,4-8k,retain,4.90625,door,boot,0,0,65,3,0.00020000338554382324
M01||9||store,M01,9,store,remove_4-8k,4-8k,remove,4.5390625,door,boot,0,0,65,3,0.00020000338554382324
M01||15||swore,M01,15,swore,retain_0-0.5k,0-0.5k,retain,5.2890625,war,car,0,0,133,3,0.00017980672419071198
M01||15||swore,M01,15,swore,remove_0-0.5k,0-0.5k,remove,3.3515625,swore,swore,1,1,1,0,0.00020000338554382324
M01||15||swore,M01,15,swore,retain_0.5-2k,0.5-2k,retain,4.26171875,war,car,0,0,133,3,0.00020000338554382324
M01||15||swore,M01,15,swore,remove_0.5-2k,0.5-2k,remove,3.46875,swore,swore,1,1,1,0,0.00020000338554382324
M01||15||swore,M01,15,swore,retain_2-4k,2-4k,retain,3.966796875,war,car,0,0,133,3,0.00020000338554382324
M01||15||swore,M01,15,swore,remove_2-4k,2-4k,remove,3.478515625,swore,swore,1,1,1,0,0.00020000338554382324
M01||15||swore,M01,15,swore,retain_4-8k,4-8k,retain,3.90234375,war,car,0,0,133,3,0.00020000338554382324
M01||15||swore,M01,15,swore,remove_4-8k,4-8k,remove,3.490234375,swore,swore,1,1,1,0,0.00020000338554382324
M01||18||chair,M01,18,chair,retain_0-0.5k,0-0.5k,retain,5.28125,cheer,cheer,0,0,2,2,0.00020000000949949026
M01||18||chair,M01,18,chair,remove_0-0.5k,0-0.5k,remove,4.3125,chair,chair,1,1,1,0,0.00020000338554382324
M01||18||chair,M01,18,chair,retain_0.5-2k,0.5-2k,retain,4.79296875,cheer,cheer,0,0,2,2,0.0002000001259148121
M01||18||chair,M01,18,chair,remove_0.5-2k,0.5-2k,remove,4.66796875,cheer,cheer,0,0,2,2,0.00020000338554382324
M01||18||chair,M01,18,chair,retain_2-4k,2-4k,retain,5.12890625,cheer,cheer,0,0,2,2,0.00020000338554382324
M01||18||chair,M01,18,chair,remove_2-4k,2-4k,remove,4.3359375,chair,chair,1,1,1,0,0.00020000338554382324
M01||18||chair,M01,18,chair,retain_4-8k,4-8k,retain,5.22265625,cheer,cheer,0,0,2,2,0.00020000338554382324
M01||18||chair,M01,18,chair,remove_4-8k,4-8k,remove,4.328125,chair,chair,1,1,1,0,0.00020000338554382324
M01||20||feed,M01,20,feed,retain_0-0.5k,0-0.5k,retain,6.41015625,g,a,0,0,114,4,0.0001702986191958189
M01||20||feed,M01,20,feed,remove_0-0.5k,0-0.5k,remove,4.640625,feed,feed,1,1,1,0,0.00020000338554382324
M01||20||feed,M01,20,feed,retain_0.5-2k,0.5-2k,retain,5.8203125,sweet,sheet,0,0,14,3,0.00020000338554382324
M01||20||feed,M01,20,feed,remove_0.5-2k,0.5-2k,remove,4.796875,sweet,sheet,0,0,14,3,0.00020000338554382324
M01||20||feed,M01,20,feed,retain_2-4k,2-4k,retain,5.73046875,sweet,sheet,0,0,14,3,0.00020000338554382324
M01||20||feed,M01,20,feed,remove_2-4k,2-4k,remove,5.1328125,sweet,sheet,0,0,14,3,0.00020000338554382324
M01||20||feed,M01,20,feed,retain_4-8k,4-8k,retain,6.0,sweet,sheet,0,0,14,3,0.00020000338554382324
M01||20||feed,M01,20,feed,remove_4-8k,4-8k,remove,4.95703125,sweet,sheet,0,0,14,3,0.00020000338554382324
M01||22||floor,M01,22,floor,retain_0-0.5k,0-0.5k,retain,5.2578125,see y'all,sell,0,0,239,9,0.00020000000949949026
M01||22||floor,M01,22,floor,remove_0-0.5k,0-0.5k,remove,4.03515625,floor,floor,1,1,1,0,0.00020000338554382324
M01||22||floor,M01,22,floor,retain_0.5-2k,0.5-2k,retain,4.50390625,fjord,for,0,0,13,3,0.00020000338554382324
M01||22||floor,M01,22,floor,remove_0.5-2k,0.5-2k,remove,4.421875,fjord,for,0,0,13,3,0.00020000338554382324
M01||22||floor,M01,22,floor,retain_2-4k,2-4k,retain,4.76171875,see ya,see,0,0,182,6,0.00020000338554382324
M01||22||floor,M01,22,floor,remove_2-4k,2-4k,remove,4.21875,fjord,for,0,0,13,3,0.00020000338554382324
M01||22||floor,M01,22,floor,retain_4-8k,4-8k,retain,5.0234375,see y'all,sell,0,0,239,9,0.00020000338554382324
M01||22||floor,M01,22,floor,remove_4-8k,4-8k,remove,4.17578125,fjllllllll,fill,0,0,4,8,0.00020000338554382324
M01||24||feet,M01,24,feet,retain_0-0.5k,0-0.5k,retain,3.34375,good,boot,0,0,115,4,0.00017592310905456543
M01||24||feet,M01,24,feet,remove_0-0.5k,0-0.5k,remove,2.68359375,feet,feet,1,1,1,0,0.00020000338554382324
M01||24||feet,M01,24,feet,retain_0.5-2k,0.5-2k,retain,2.87109375,feet,feet,1,1,1,0,0.00020000338554382324
M01||24||feet,M01,24,feet,remove_0.5-2k,0.5-2k,remove,2.70703125,feet,feet,1,1,1,0,0.00020000338554382324
M01||24||feet,M01,24,feet,retain_2-4k,2-4k,retain,2.87890625,pete,ate,0,0,38,3,0.00020000338554382324
M01||24||feet,M01,24,feet,remove_2-4k,2-4k,remove,2.69921875,feet,feet,1,1,1,0,0.00020000338554382324
M01||24||feet,M01,24,feet,retain_4-8k,4-8k,retain,2.80859375,feet,feet,1,1,1,0,0.00020000338554382324
M01||24||feet,M01,24,feet,remove_4-8k,4-8k,remove,2.7890625,feet,feet,1,1,1,0,0.00020000338554382324
M01||31||fate,M01,31,fate,retain_0-0.5k,0-0.5k,retain,4.81640625,peace,race,0,0,11,3,0.00020000000949949026
M01||31||fate,M01,31,fate,remove_0-0.5k,0-0.5k,remove,3.8046875,fate,fate,1,1,1,0,0.00020000338554382324
M01||31||fate,M01,31,fate,retain_0.5-2k,0.5-2k,retain,4.1875,faith,fair,0,0,3,2,0.00020000338554382324
M01||31||fate,M01,31,fate,remove_0.5-2k,0.5-2k,remove,3.9375,fade,fate,1,0,1,1,0.00020000338554382324
M01||31||fate,M01,31,fate,retain_2-4k,2-4k,retain,4.171875,faith,fair,0,0,3,2,0.00020000338554382324
M01||31||fate,M01,31,fate,remove_2-4k,2-4k,remove,3.9609375,faith,fair,0,0,3,2,0.00020000338554382324
M01||31||fate,M01,31,fate,retain_4-8k,4-8k,retain,4.328125,faith,fair,0,0,3,2,0.00020000338554382324
M01||31||fate,M01,31,fate,remove_4-8k,4-8k,remove,3.908203125,faith,fair,0,0,3,2,0.00020000338554382324
M01||36||pile,M01,36,pile,retain_0-0.5k,0-0.5k,retain,4.21484375,paya,papa,0,0,47,3,0.00020000000949949026
M01||36||pile,M01,36,pile,remove_0-0.5k,0-0.5k,remove,2.98046875,pile,pile,1,1,1,0,0.00020000338554382324
M01||36||pile,M01,36,pile,retain_0.5-2k,0.5-2k,retain,3.6015625,pile,pile,1,1,1,0,0.00020000338554382324
M01||36||pile,M01,36,pile,remove_0.5-2k,0.5-2k,remove,3.22265625,pile,pile,1,1,1,0,0.00020000338554382324
M01||36||pile,M01,36,pile,retain_2-4k,2-4k,retain,3.576171875,pile,pile,1,1,1,0,0.00020000338554382324
M01||36||pile,M01,36,pile,remove_2-4k,2-4k,remove,3.232421875,pile,pile,1,1,1,0,0.00020000338554382324
M01||36||pile,M01,36,pile,retain_4-8k,4-8k,retain,3.9609375,pire,pile,1,0,1,1,0.00020000338554382324
M01||36||pile,M01,36,pile,remove_4-8k,4-8k,remove,3.083984375,pile,pile,1,1,1,0,0.00020000338554382324
M01||40||play,M01,40,play,retain_0-0.5k,0-0.5k,retain,6.2421875,bye,ate,0,0,192,4,0.00020000000949949026
M01||40||play,M01,40,play,remove_0-0.5k,0-0.5k,remove,4.546875,bye,ate,0,0,192,4,0.00020000338554382324
M01||40||play,M01,40,play,retain_0.5-2k,0.5-2k,retain,5.66015625,bye,ate,0,0,192,4,0.00020000338554382324
M01||40||play,M01,40,play,remove_0.5-2k,0.5-2k,remove,4.93359375,bye,ate,0,0,192,4,0.00020000338554382324
M01||40||play,M01,40,play,retain_2-4k,2-4k,retain,5.49609375,bye,ate,0,0,192,4,0.00020000338554382324
M01||40||play,M01,40,play,remove_2-4k,2-4k,remove,5.01171875,bye,ate,0,0,192,4,0.00020000338554382324
M01||40||play,M01,40,play,retain_4-8k,4-8k,retain,5.78125,bye,ate,0,0,192,4,0.00020000338554382324
M01||40||play,M01,40,play,remove_4-8k,4-8k,remove,4.87890625,bye,ate,0,0,192,4,0.00020000338554382324
M01||46||knew,M01,46,knew,retain_0-0.5k,0-0.5k,retain,5.0234375,no,no,0,0,67,3,0.00020000338554382324
M01||46||knew,M01,46,knew,remove_0-0.5k,0-0.5k,remove,4.3515625,new,knew,1,0,1,1,0.00020000338554382324
M01||46||knew,M01,46,knew,retain_0.5-2k,0.5-2k,retain,4.66796875,no,no,0,0,67,3,0.00020000338554382324
M01||46||knew,M01,46,knew,remove_0.5-2k,0.5-2k,remove,4.546875,no,no,0,0,67,3,0.00020000338554382324
M01||46||knew,M01,46,knew,retain_2-4k,2-4k,retain,4.73046875,no,no,0,0,67,3,0.00020000338554382324
M01||46||knew,M01,46,knew,remove_2-4k,2-4k,remove,4.4609375,no,no,0,0,67,3,0.00020000338554382324
M01||46||knew,M01,46,knew,retain_4-8k,4-8k,retain,4.90625,no,no,0,0,67,3,0.00020000338554382324
M01||46||knew,M01,46,knew,remove_4-8k,4-8k,remove,4.39453125,new,knew,1,0,1,1,0.00020000338554382324
M01||58||witch,M01,58,witch,retain_0-0.5k,0-0.5k,retain,4.765625,which,rich,0,0,5,2,0.00020000000949949026
M01||58||witch,M01,58,witch,remove_0-0.5k,0-0.5k,remove,3.478515625,which,rich,0,0,5,2,0.00020000338554382324
M01||58||witch,M01,58,witch,retain_0.5-2k,0.5-2k,retain,4.1484375,which,rich,0,0,5,2,0.00020000338554382324
M01||58||witch,M01,58,witch,remove_0.5-2k,0.5-2k,remove,3.77734375,which,rich,0,0,5,2,0.00020000338554382324
M01||58||witch,M01,58,witch,retain_2-4k,2-4k,retain,4.15625,which,rich,0,0,5,2,0.00020000338554382324
M01||58||witch,M01,58,witch,remove_2-4k,2-4k,remove,3.626953125,which,rich,0,0,5,2,0.00020000338554382324
M01||58||witch,M01,58,witch,retain_4-8k,4-8k,retain,4.578125,which,rich,0,0,5,2,0.00020000338554382324
M01||58||witch,M01,58,witch,remove_4-8k,4-8k,remove,3.560546875,which,rich,0,0,5,2,0.00020000338554382324
M01||63||rock,M01,63,rock,retain_0-0.5k,0-0.5k,retain,6.35546875,rake,rake,0,0,82,3,0.00020000000949949026
M01||63||rock,M01,63,rock,remove_0-0.5k,0-0.5k,remove,4.91796875,rock,rock,1,1,1,0,0.00020000338554382324
M01||63||rock,M01,63,rock,retain_0.5-2k,0.5-2k,retain,5.8125,r o o o o o o o,romeo,0,0,9,13,0.00020000338554382324
M01||63||rock,M01,63,rock,remove_0.5-2k,0.5-2k,remove,5.32421875,rock,rock,1,1,1,0,0.00020000338554382324
M01||63||rock,M01,63,rock,retain_2-4k,2-4k,retain,5.8515625,r o o o o o o o,romeo,0,0,9,13,0.00020000338554382324
M01||63||rock,M01,63,rock,remove_2-4k,2-4k,remove,5.30859375,rock,rock,1,1,1,0,0.00020000338554382324
M01||63||rock,M01,63,rock,retain_4-8k,4-8k,retain,6.13671875,rake,rake,0,0,82,3,0.00020000338554382324
M01||63||rock,M01,63,rock,remove_4-8k,4-8k,remove,5.18359375,rock,rock,1,1,1,0,0.00020000338554382324
M01||70||area,M01,70,area,retain_0-0.5k,0-0.5k,retain,5.78515625,yeah,bear,0,0,13,3,0.00020000000949949026
M01||70||area,M01,70,area,remove_0-0.5k,0-0.5k,remove,4.47265625,area,area,1,1,1,0,0.00020000338554382324
M01||70||area,M01,70,area,retain_0.5-2k,0.5-2k,retain,5.4609375,yeah,bear,0,0,13,3,0.00020000338554382324
M01||70||area,M01,70,area,remove_0.5-2k,0.5-2k,remove,4.66015625,area,area,1,1,1,0,0.00020000338554382324
M01||70||area,M01,70,area,retain_2-4k,2-4k,retain,5.15625,yeah,bear,0,0,13,3,0.00020000338554382324
M01||70||area,M01,70,area,remove_2-4k,2-4k,remove,4.78125,yeah,bear,0,0,13,3,0.00020000338554382324
M01||70||area,M01,70,area,retain_4-8k,4-8k,retain,5.484375,yeah,bear,0,0,13,3,0.00020000338554382324
M01||70||area,M01,70,area,remove_4-8k,4-8k,remove,4.58203125,area,area,1,1,1,0,0.00020000338554382324
M01||71||steer,M01,71,steer,retain_0-0.5k,0-0.5k,retain,3.498046875,still,bill,0,0,26,3,0.0002000001259148121
M01||71||steer,M01,71,steer,remove_0-0.5k,0-0.5k,remove,2.73046875,steer,steer,1,1,1,0,0.00020000338554382324
M01||71||steer,M01,71,steer,retain_0.5-2k,0.5-2k,retain,3.24609375,still,bill,0,0,26,3,0.00020000338554382324
M01||71||steer,M01,71,steer,remove_0.5-2k,0.5-2k,remove,2.833984375,still,bill,0,0,26,3,0.00020000338554382324
M01||71||steer,M01,71,steer,retain_2-4k,2-4k,retain,3.072265625,still,bill,0,0,26,3,0.00020000338554382324
M01||71||steer,M01,71,steer,remove_2-4k,2-4k,remove,2.884765625,still,bill,0,0,26,3,0.00020000338554382324
M01||71||steer,M01,71,steer,retain_4-8k,4-8k,retain,3.173828125,still,bill,0,0,26,3,0.00020000338554382324
M01||71||steer,M01,71,steer,remove_4-8k,4-8k,remove,2.837890625,still,bill,0,0,26,3,0.00020000338554382324
M01||92||hate,M01,92,hate,retain_0-0.5k,0-0.5k,retain,4.765625,hey,he,0,0,59,3,0.00020000338554382324
M01||92||hate,M01,92,hate,remove_0-0.5k,0-0.5k,remove,4.15625,hey,he,0,0,59,3,0.00020000338554382324
M01||92||hate,M01,92,hate,retain_0.5-2k,0.5-2k,retain,4.4609375,hey,he,0,0,59,3,0.00020000338554382324
M01||92||hate,M01,92,hate,remove_0.5-2k,0.5-2k,remove,4.25390625,hey,he,0,0,59,3,0.00020000338554382324
M01||92||hate,M01,92,hate,retain_2-4k,2-4k,retain,4.5,hey,he,0,0,59,3,0.00020000338554382324
M01||92||hate,M01,92,hate,remove_2-4k,2-4k,remove,4.24609375,hey,he,0,0,59,3,0.00020000338554382324
M01||92||hate,M01,92,hate,retain_4-8k,4-8k,retain,4.6015625,hey,he,0,0,59,3,0.00020000338554382324
M01||92||hate,M01,92,hate,remove_4-8k,4-8k,remove,4.2109375,hey,he,0,0,59,3,0.00020000338554382324
M01||93||group,M01,93,group,retain_0-0.5k,0-0.5k,retain,6.2265625,go,go,0,0,52,3,0.00018260593060404062
M01||93||group,M01,93,group,remove_0-0.5k,0-0.5k,remove,5.01171875,group,group,1,1,1,0,0.00020000338554382324
M01||93||group,M01,93,group,retain_0.5-2k,0.5-2k,retain,5.53515625,groop,droop,0,0,2,1,0.00020000338554382324
M01||93||group,M01,93,group,remove_0.5-2k,0.5-2k,remove,5.37109375,groop,droop,0,0,2,1,0.00020000338554382324
M01||93||group,M01,93,group,retain_2-4k,2-4k,retain,5.84765625,groop,droop,0,0,2,1,0.00020000338554382324
M01||93||group,M01,93,group,remove_2-4k,2-4k,remove,5.29296875,group,group,1,1,1,0,0.00020000338554382324
M01||93||group,M01,93,group,retain_4-8k,4-8k,retain,5.90234375,groop,droop,0,0,2,1,0.00020000338554382324
M01||93||group,M01,93,group,remove_4-8k,4-8k,remove,5.203125,group,group,1,1,1,0,0.00020000338554382324
M01||99||sigh,M01,99,sigh,retain_0-0.5k,0-0.5k,retain,6.37109375,sorry,sort,0,0,111,4,0.00018834450747817755
M01||99||sigh,M01,99,sigh,remove_0-0.5k,0-0.5k,remove,5.19921875,shigh,sigh,1,0,1,1,0.00020000338554382324
M01||99||sigh,M01,99,sigh,retain_0.5-2k,0.5-2k,retain,5.609375,sorry,sort,0,0,111,4,0.0002000001259148121
M01||99||sigh,M01,99,sigh,remove_0.5-2k,0.5-2k,remove,5.3125,shire,share,0,0,43,3,0.00020000338554382324
M01||99||sigh,M01,99,sigh,retain_2-4k,2-4k,retain,5.640625,sorry,sort,0,0,111,4,0.00020000338554382324
M01||99||sigh,M01,99,sigh,remove_2-4k,2-4k,remove,5.3046875,shire,share,0,0,43,3,0.00020000338554382324
M01||99||sigh,M01,99,sigh,retain_4-8k,4-8k,retain,5.87890625,sorry,sort,0,0,111,4,0.00020000338554382324
M01||99||sigh,M01,99,sigh,remove_4-8k,4-8k,remove,5.2421875,shite,white,0,0,42,3,0.00020000338554382324
M01||107||explore,M01,107,explore,retain_0-0.5k,0-0.5k,retain,3.98046875,and,and,0,0,323,7,0.00019001142936758697
M01||107||explore,M01,107,explore,remove_0-0.5k,0-0.5k,remove,2.884765625,explore,explore,1,1,1,0,0.00020000338554382324
M01||107||explore,M01,107,explore,retain_0.5-2k,0.5-2k,retain,3.39453125,explore,explore,1,1,1,0,0.00020000338554382324
M01||107||explore,M01,107,explore,remove_0.5-2k,0.5-2k,remove,3.009765625,explore,explore,1,1,1,0,0.00020000338554382324
M01||107||explore,M01,107,explore,retain_2-4k,2-4k,retain,3.462890625,i,a,0,0,325,7,0.00020000338554382324
M01||107||explore,M01,107,explore,remove_2-4k,2-4k,remove,2.951171875,explore,explore,1,1,1,0,0.00020000338554382324
M01||107||explore,M01,107,explore,retain_4-8k,4-8k,retain,3.484375,and explore,explore,1,0,1,4,0.00020000338554382324
M01||107||explore,M01,107,explore,remove_4-8k,4-8k,remove,3.107421875,explore,explore,1,1,1,0,0.00020000338554382324
M01||108||sprinkle,M01,108,sprinkle,retain_0-0.5k,0-0.5k,retain,6.10546875,spingo,sing,0,0,31,4,0.0001656471285969019
M01||108||sprinkle,M01,108,sprinkle,remove_0-0.5k,0-0.5k,remove,2.72265625,sprinkles,sprinkle,1,0,1,1,0.00020000338554382324
M01||108||sprinkle,M01,108,sprinkle,retain_0.5-2k,0.5-2k,retain,5.66015625,bingo,sing,0,0,324,6,0.00020000338554382324
M01||108||sprinkle,M01,108,sprinkle,remove_0.5-2k,0.5-2k,remove,2.876953125,sprinkles,sprinkle,1,0,1,1,0.00020000338554382324
M01||108||sprinkle,M01,108,sprinkle,retain_2-4k,2-4k,retain,4.92578125,bingo,sing,0,0,324,6,0.00020000338554382324
M01||108||sprinkle,M01,108,sprinkle,remove_2-4k,2-4k,remove,3.080078125,sprinkles,sprinkle,1,0,1,1,0.00020000338554382324
M01||108||sprinkle,M01,108,sprinkle,retain_4-8k,4-8k,retain,4.234375,bingo,sing,0,0,324,6,0.00020000338554382324
M01||108||sprinkle,M01,108,sprinkle,remove_4-8k,4-8k,remove,3.5703125,bingo,sing,0,0,324,6,0.00020000338554382324
M01||110||of,M01,110,of,retain_0-0.5k,0-0.5k,retain,4.94921875,um,hum,0,0,16,2,0.00020000000949949026
M01||110||of,M01,110,of,remove_0-0.5k,0-0.5k,remove,4.0390625,of,of,1,1,1,0,0.00020000338554382324
M01||110||of,M01,110,of,retain_0.5-2k,0.5-2k,retain,4.71484375,of,of,1,1,1,0,0.0002000001259148121
M01||110||of,M01,110,of,remove_0.5-2k,0.5-2k,remove,4.12890625,of,of,1,1,1,0,0.00020000338554382324
M01||110||of,M01,110,of,retain_2-4k,2-4k,retain,4.59375,of,of,1,1,1,0,0.00020000338554382324
M01||110||of,M01,110,of,remove_2-4k,2-4k,remove,4.15234375,of,of,1,1,1,0,0.00020000338554382324
M01||110||of,M01,110,of,retain_4-8k,4-8k,retain,4.55859375,of,of,1,1,1,0,0.00020000338554382324
M01||110||of,M01,110,of,remove_4-8k,4-8k,remove,4.1875,of,of,1,1,1,0,0.00020000338554382324
M01||112||fruit,M01,112,fruit,retain_0-0.5k,0-0.5k,retain,5.9296875,food,boot,0,0,118,4,0.00020000000949949026
M01||112||fruit,M01,112,fruit,remove_0-0.5k,0-0.5k,remove,4.16796875,fruit,fruit,1,1,1,0,0.00020000338554382324
M01||112||fruit,M01,112,fruit,retain_0.5-2k,0.5-2k,retain,5.3671875,food,boot,0,0,118,4,0.00020000338554382324
M01||112||fruit,M01,112,fruit,remove_0.5-2k,0.5-2k,remove,4.48828125,fruit,fruit,1,1,1,0,0.00020000338554382324
M01||112||fruit,M01,112,fruit,retain_2-4k,2-4k,retain,4.953125,food,boot,0,0,118,4,0.00020000338554382324
M01||112||fruit,M01,112,fruit,remove_2-4k,2-4k,remove,4.5390625,food,boot,0,0,118,4,0.00020000338554382324
M01||112||fruit,M01,112,fruit,retain_4-8k,4-8k,retain,5.87109375,food,boot,0,0,118,4,0.00020000338554382324
M01||112||fruit,M01,112,fruit,remove_4-8k,4-8k,remove,4.2578125,fruit,fruit,1,1,1,0,0.00020000338554382324
M01||120||menu,M01,120,menu,retain_0-0.5k,0-0.5k,retain,3.390625,man knew,knew,0,0,34,6,0.00020000000949949026
M01||120||menu,M01,120,menu,remove_0-0.5k,0-0.5k,remove,2.708984375,menu,menu,1,1,1,0,0.00020000338554382324
M01||120||menu,M01,120,menu,retain_0.5-2k,0.5-2k,retain,3.140625,man knew,knew,0,0,34,6,0.00020000338554382324
M01||120||menu,M01,120,menu,remove_0.5-2k,0.5-2k,remove,2.78125,men new,knew,0,0,2,4,0.00020000338554382324
M01||120||menu,M01,120,menu,retain_2-4k,2-4k,retain,3.029296875,man new,knew,0,0,25,5,0.00020000338554382324
M01||120||menu,M01,120,menu,remove_2-4k,2-4k,remove,2.830078125,men new,knew,0,0,2,4,0.00020000338554382324
M01||120||menu,M01,120,menu,retain_4-8k,4-8k,retain,3.04296875,man new,knew,0,0,25,5,0.00020000338554382324
M01||120||menu,M01,120,menu,remove_4-8k,4-8k,remove,2.85546875,men new,knew,0,0,2,4,0.00020000338554382324
M01||123||slay,M01,123,slay,retain_0-0.5k,0-0.5k,retain,5.8125,sorry,sort,0,0,16,3,0.00017096583906095475
M01||123||slay,M01,123,slay,remove_0-0.5k,0-0.5k,remove,3.419921875,slay,slay,1,1,1,0,0.00020000338554382324
M01||123||slay,M01,123,slay,retain_0.5-2k,0.5-2k,retain,5.375,three,three,0,0,289,5,0.0002000001259148121
M01||123||slay,M01,123,slay,remove_0.5-2k,0.5-2k,remove,3.44140625,slay,slay,1,1,1,0,0.00020000338554382324
M01||123||slay,M01,123,slay,retain_2-4k,2-4k,retain,4.4921875,see you later,double,0,0,61,10,0.00020000338554382324
M01||123||slay,M01,123,slay,remove_2-4k,2-4k,remove,3.38671875,s s s e y,geese,0,0,21,7,0.00020000338554382324
M01||123||slay,M01,123,slay,retain_4-8k,4-8k,retain,3.681640625,see you later,double,0,0,61,10,0.00020000338554382324
M01||123||slay,M01,123,slay,remove_4-8k,4-8k,remove,3.6015625,see you later,double,0,0,61,10,0.00020000338554382324
M01||130||write,M01,130,write,retain_0-0.5k,0-0.5k,retain,6.28515625,right,right,0,0,128,4,0.00020000000949949026
M01||130||write,M01,130,write,remove_0-0.5k,0-0.5k,remove,4.546875,write,write,1,1,1,0,0.00020000338554382324
M01||130||write,M01,130,write,retain_0.5-2k,0.5-2k,retain,5.3125,right,right,0,0,128,4,0.0002000001259148121
M01||130||write,M01,130,write,remove_0.5-2k,0.5-2k,remove,4.9375,write,write,1,1,1,0,0.00020000338554382324
M01||130||write,M01,130,write,retain_2-4k,2-4k,retain,5.84765625,right,right,0,0,128,4,0.00020000338554382324
M01||130||write,M01,130,write,remove_2-4k,2-4k,remove,4.65234375,write,write,1,1,1,0,0.00020000338554382324
M01||130||write,M01,130,write,retain_4-8k,4-8k,retain,5.8984375,right,right,0,0,128,4,0.00020000338554382324
M01||130||write,M01,130,write,remove_4-8k,4-8k,remove,4.64453125,write,write,1,1,1,0,0.00020000338554382324
M01||140||we're,M01,140,we're,retain_0-0.5k,0-0.5k,retain,4.43359375,will,bill,0,0,225,4,0.00020000000949949026
M01||140||we're,M01,140,we're,remove_0-0.5k,0-0.5k,remove,3.5234375,we're,we're,1,1,1,0,0.00020000338554382324
M01||140||we're,M01,140,we're,retain_0.5-2k,0.5-2k,retain,4.10546875,we'll,sell,0,0,3,2,0.00020000338554382324
M01||140||we're,M01,140,we're,remove_0.5-2k,0.5-2k,remove,3.64453125,we're,we're,1,1,1,0,0.00020000338554382324
M01||140||we're,M01,140,we're,retain_2-4k,2-4k,retain,4.16015625,we'll,sell,0,0,3,2,0.00020000338554382324
M01||140||we're,M01,140,we're,remove_2-4k,2-4k,remove,3.591796875,we're,we're,1,1,1,0,0.00020000338554382324
M01||140||we're,M01,140,we're,retain_4-8k,4-8k,retain,4.05078125,we'll,sell,0,0,3,2,0.00020000338554382324
M01||140||we're,M01,140,we're,remove_4-8k,4-8k,remove,3.802734375,we'll,sell,0,0,3,2,0.00020000338554382324
M01||149||jungle,M01,149,jungle,retain_0-0.5k,0-0.5k,retain,3.5546875,django,tango,0,0,17,4,0.0001855616137618199
M01||149||jungle,M01,149,jungle,remove_0-0.5k,0-0.5k,remove,2.572265625,jungle,jungle,1,1,1,0,0.00020000338554382324
M01||149||jungle,M01,149,jungle,retain_0.5-2k,0.5-2k,retain,2.90625,jungle,jungle,1,1,1,0,0.00020000338554382324
M01||149||jungle,M01,149,jungle,remove_0.5-2k,0.5-2k,remove,2.8828125,jungle,jungle,1,1,1,0,0.00020000338554382324
M01||149||jungle,M01,149,jungle,retain_2-4k,2-4k,retain,3.189453125,jungle,jungle,1,1,1,0,0.00020000338554382324
M01||149||jungle,M01,149,jungle,remove_2-4k,2-4k,remove,2.6875,jungle,jungle,1,1,1,0,0.00020000338554382324
M01||149||jungle,M01,149,jungle,retain_4-8k,4-8k,retain,3.265625,jungle,jungle,1,1,1,0,0.00020000338554382324
M01||149||jungle,M01,149,jungle,remove_4-8k,4-8k,remove,2.646484375,jungle,jungle,1,1,1,0,0.00020000338554382324
M01||153||dot,M01,153,dot,retain_0-0.5k,0-0.5k,retain,6.14453125,dart,dart,0,0,10,2,0.00019717495888471603
M01||153||dot,M01,153,dot,remove_0-0.5k,0-0.5k,remove,4.828125,dot,dot,1,1,1,0,0.00020000338554382324
M01||153||dot,M01,153,dot,retain_0.5-2k,0.5-2k,retain,5.578125,dart,dart,0,0,10,2,0.0002000001259148121
M01||153||dot,M01,153,dot,remove_0.5-2k,0.5-2k,remove,5.1875,dart,dart,0,0,10,2,0.00020000338554382324
M01||153||dot,M01,153,dot,retain_2-4k,2-4k,retain,5.62890625,dart,dart,0,0,10,2,0.00020000338554382324
M01||153||dot,M01,153,dot,remove_2-4k,2-4k,remove,5.0390625,dart,dart,0,0,10,2,0.00020000338554382324
M01||153||dot,M01,153,dot,retain_4-8k,4-8k,retain,5.68359375,dart,dart,0,0,10,2,0.00020000338554382324
M01||153||dot,M01,153,dot,remove_4-8k,4-8k,remove,5.03125,dot,dot,1,1,1,0,0.00020000338554382324
M01||163||hark,M01,163,hark,retain_0-0.5k,0-0.5k,retain,4.4453125,i,a,0,0,150,4,0.00019407522631809115
M01||163||hark,M01,163,hark,remove_0-0.5k,0-0.5k,remove,3.18359375,arrgh,air,0,0,49,4,0.00020000338554382324
M01||163||hark,M01,163,hark,retain_0.5-2k,0.5-2k,retain,3.888671875,arrgh,air,0,0,49,4,0.0002000001259148121
M01||163||hark,M01,163,hark,remove_0.5-2k,0.5-2k,remove,3.568359375,arrgh,air,0,0,49,4,0.00020000338554382324
M01||163||hark,M01,163,hark,retain_2-4k,2-4k,retain,4.06640625,arrgh,air,0,0,49,4,0.00020000338554382324
M01||163||hark,M01,163,hark,remove_2-4k,2-4k,remove,3.369140625,arrgh,air,0,0,49,4,0.00020000338554382324
M01||163||hark,M01,163,hark,retain_4-8k,4-8k,retain,4.19921875,i,a,0,0,150,4,0.00020000338554382324
M01||163||hark,M01,163,hark,remove_4-8k,4-8k,remove,3.271484375,arrgh,air,0,0,49,4,0.00020000338554382324
M01||170||at,M01,170,at,retain_0-0.5k,0-0.5k,retain,6.23046875,and,and,0,0,6,2,0.000188455858733505
M01||170||at,M01,170,at,remove_0-0.5k,0-0.5k,remove,4.25390625,at,at,1,1,1,0,0.00020000338554382324
M01||170||at,M01,170,at,retain_0.5-2k,0.5-2k,retain,5.6015625,at,at,1,1,1,0,0.0002000001259148121
M01||170||at,M01,170,at,remove_0.5-2k,0.5-2k,remove,4.48828125,at,at,1,1,1,0,0.00020000338554382324
M01||170||at,M01,170,at,retain_2-4k,2-4k,retain,5.53125,add,and,0,0,4,2,0.00020000338554382324
M01||170||at,M01,170,at,remove_2-4k,2-4k,remove,4.38671875,at,at,1,1,1,0,0.00020000338554382324
M01||170||at,M01,170,at,retain_4-8k,4-8k,retain,5.28125,at,at,1,1,1,0,0.00020000338554382324
M01||170||at,M01,170,at,remove_4-8k,4-8k,remove,4.5859375,at,at,1,1,1,0,0.00020000338554382324
M01||172||bit,M01,172,bit,retain_0-0.5k,0-0.5k,retain,4.5078125,beat,beat,0,0,13,2,0.00020000338554382324
M01||172||bit,M01,172,bit,remove_0-0.5k,0-0.5k,remove,3.6484375,bit,bit,1,1,1,0,0.00020000338554382324
M01||172||bit,M01,172,bit,retain_0.5-2k,0.5-2k,retain,4.0078125,beat,beat,0,0,13,2,0.00020000338554382324
M01||172||bit,M01,172,bit,remove_0.5-2k,0.5-2k,remove,3.89453125,beat,beat,0,0,13,2,0.00020000338554382324
M01||172||bit,M01,172,bit,retain_2-4k,2-4k,retain,4.2109375,beat,beat,0,0,13,2,0.00020000338554382324
M01||172||bit,M01,172,bit,remove_2-4k,2-4k,remove,3.71875,bit,bit,1,1,1,0,0.00020000338554382324
M01||172||bit,M01,172,bit,retain_4-8k,4-8k,retain,4.3046875,beat,beat,0,0,13,2,0.00020000338554382324
M01||172||bit,M01,172,bit,remove_4-8k,4-8k,remove,3.6875,bit,bit,1,1,1,0,0.00020000338554382324
M01||175||fat,M01,175,fat,retain_0-0.5k,0-0.5k,retain,6.69140625,that,hat,0,0,6,2,0.00020000000949949026
M01||175||fat,M01,175,fat,remove_0-0.5k,0-0.5k,remove,5.37890625,fat,fat,1,1,1,0,0.00020000338554382324
M01||175||fat,M01,175,fat,retain_0.5-2k,0.5-2k,retain,6.0546875,fert,feet,0,0,8,2,0.00020000338554382324
M01||175||fat,M01,175,fat,remove_0.5-2k,0.5-2k,remove,6.16796875,fet,fat,1,0,1,1,0.00020000338554382324
M01||175||fat,M01,175,fat,retain_2-4k,2-4k,retain,6.41796875,fet,fat,1,0,1,1,0.00020000338554382324
M01||175||fat,M01,175,fat,remove_2-4k,2-4k,remove,5.4765625,fet,fat,1,0,1,1,0.00020000338554382324
M01||175||fat,M01,175,fat,retain_4-8k,4-8k,retain,6.484375,fet,fat,1,0,1,1,0.00020000338554382324
M01||175||fat,M01,175,fat,remove_4-8k,4-8k,remove,5.4765625,fet,fat,1,0,1,1,0.00020000338554382324
M01||182||bloat,M01,182,bloat,retain_0-0.5k,0-0.5k,retain,7.49609375,bleaut,beat,0,0,2,2,0.00019568856805562973
M01||182||bloat,M01,182,bloat,remove_0-0.5k,0-0.5k,remove,4.296875,blot,bloat,1,0,1,1,0.00020000338554382324
M01||182||bloat,M01,182,bloat,retain_0.5-2k,0.5-2k,retain,6.2734375,blurt,bloat,1,0,1,2,0.0002000001259148121
M01||182||bloat,M01,182,bloat,remove_0.5-2k,0.5-2k,remove,5.171875,blart,barn,0,0,5,2,0.00020000338554382324
M01||182||bloat,M01,182,bloat,retain_2-4k,2-4k,retain,6.10546875,blurt,bloat,1,0,1,2,0.00020000338554382324
M01||182||bloat,M01,182,bloat,remove_2-4k,2-4k,remove,5.15625,blurt,bloat,1,0,1,2,0.00020000338554382324
M01||182||bloat,M01,182,bloat,retain_4-8k,4-8k,retain,6.71875,b o r t,bloat,1,0,1,4,0.00020000338554382324
M01||182||bloat,M01,182,bloat,remove_4-8k,4-8k,remove,4.84765625,blurt,bloat,1,0,1,2,0.00020000338554382324
M01||194||seven,M01,194,seven,retain_0-0.5k,0-0.5k,retain,5.23046875,,a,0,0,244,5,0.00020000000949949026
M01||194||seven,M01,194,seven,remove_0-0.5k,0-0.5k,remove,4.4375,seven,seven,1,1,1,0,0.00020000338554382324
M01||194||seven,M01,194,seven,retain_0.5-2k,0.5-2k,retain,4.7421875,,a,0,0,244,5,0.00020000338554382324
M01||194||seven,M01,194,seven,remove_0.5-2k,0.5-2k,remove,4.54296875,seven,seven,1,1,1,0,0.00020000338554382324
M01||194||seven,M01,194,seven,retain_2-4k,2-4k,retain,4.6484375,,a,0,0,244,5,0.00020000338554382324
M01||194||seven,M01,194,seven,remove_2-4k,2-4k,remove,4.5859375,,a,0,0,244,5,0.00020000338554382324
M01||194||seven,M01,194,seven,retain_4-8k,4-8k,retain,4.921875,,a,0,0,244,5,0.00020000338554382324
M01||194||seven,M01,194,seven,remove_4-8k,4-8k,remove,4.421875,seven,seven,1,1,1,0,0.00020000338554382324
M01||198||hem,M01,198,hem,retain_0-0.5k,0-0.5k,retain,6.16015625,um,hum,0,0,10,2,0.00019522913498803973
M01||198||hem,M01,198,hem,remove_0-0.5k,0-0.5k,remove,4.60546875,em,hem,1,0,1,1,0.00020000338554382324
M01||198||hem,M01,198,hem,retain_0.5-2k,0.5-2k,retain,5.67578125,um,hum,0,0,10,2,0.00020000000949949026
M01||198||hem,M01,198,hem,remove_0.5-2k,0.5-2k,remove,4.80078125,um,hum,0,0,10,2,0.00020000338554382324
M01||198||hem,M01,198,hem,retain_2-4k,2-4k,retain,5.73828125,um,hum,0,0,10,2,0.00020000338554382324
M01||198||hem,M01,198,hem,remove_2-4k,2-4k,remove,4.89453125,um,hum,0,0,10,2,0.00020000338554382324
M01||198||hem,M01,198,hem,retain_4-8k,4-8k,retain,5.515625,um,hum,0,0,10,2,0.00020000338554382324
M01||198||hem,M01,198,hem,remove_4-8k,4-8k,remove,4.8984375,um,hum,0,0,10,2,0.00020000338554382324
M01||200||rich,M01,200,rich,retain_0-0.5k,0-0.5k,retain,5.1875,wait,wit,0,0,207,4,0.00020000000949949026
M01||200||rich,M01,200,rich,remove_0-0.5k,0-0.5k,remove,3.611328125,rich,rich,1,1,1,0,0.00020000338554382324
M01||200||rich,M01,200,rich,retain_0.5-2k,0.5-2k,retain,4.640625,which,rich,1,0,1,2,0.00020000338554382324
M01||200||rich,M01,200,rich,remove_0.5-2k,0.5-2k,remove,3.82421875,rich,rich,1,1,1,0,0.00020000338554382324
M01||200||rich,M01,200,rich,retain_2-4k,2-4k,retain,4.47265625,rates,rate,0,0,121,4,0.00020000338554382324
M01||200||rich,M01,200,rich,remove_2-4k,2-4k,remove,3.955078125,which,rich,1,0,1,2,0.00020000338554382324
M01||200||rich,M01,200,rich,retain_4-8k,4-8k,retain,4.4921875,wait,wit,0,0,207,4,0.00020000338554382324
M01||200||rich,M01,200,rich,remove_4-8k,4-8k,remove,4.05078125,which,rich,1,0,1,2,0.00020000338554382324
M01||207||fill,M01,207,fill,retain_0-0.5k,0-0.5k,retain,6.1953125,for,for,0,0,62,3,0.00020000000949949026
M01||207||fill,M01,207,fill,remove_0-0.5k,0-0.5k,remove,3.939453125,fill,fill,1,1,1,0,0.00020000338554382324
M01||207||fill,M01,207,fill,retain_0.5-2k,0.5-2k,retain,5.53125,phil,chip,0,0,13,3,0.00020000338554382324
M01||207||fill,M01,207,fill,remove_0.5-2k,0.5-2k,remove,4.21484375,phil,chip,0,0,13,3,0.00020000338554382324
M01||207||fill,M01,207,fill,retain_2-4k,2-4k,retain,5.62890625,phil,chip,0,0,13,3,0.00020000338554382324
M01||207||fill,M01,207,fill,remove_2-4k,2-4k,remove,4.07421875,fill,fill,1,1,1,0,0.00020000338554382324
M01||207||fill,M01,207,fill,retain_4-8k,4-8k,retain,5.8828125,phil,chip,0,0,13,3,0.00020000338554382324
M01||207||fill,M01,207,fill,remove_4-8k,4-8k,remove,4.171875,phil,chip,0,0,13,3,0.00020000338554382324
M01||216||written,M01,216,written,retain_0-0.5k,0-0.5k,retain,7.63671875,we didn't,eight,0,0,77,7,0.00019642806728370488
M01||216||written,M01,216,written,remove_0-0.5k,0-0.5k,remove,4.80859375,written,written,1,1,1,0,0.00020000338554382324
M01||216||written,M01,216,written,retain_0.5-2k,0.5-2k,retain,7.0,we didn't,eight,0,0,77,7,0.00020000338554382324
M01||216||written,M01,216,written,remove_0.5-2k,0.5-2k,remove,4.92578125,written,written,1,1,1,0,0.00020000338554382324
M01||216||written,M01,216,written,retain_2-4k,2-4k,retain,6.52734375,weeping,fitting,0,0,198,6,0.00020000338554382324
M01||216||written,M01,216,written,remove_2-4k,2-4k,remove,5.18359375,written,written,1,1,1,0,0.00020000338554382324
M01||216||written,M01,216,written,retain_4-8k,4-8k,retain,6.5625,rating,rain,0,0,188,5,0.00020000338554382324
M01||216||written,M01,216,written,remove_4-8k,4-8k,remove,5.27734375,written,written,1,1,1,0,0.00020000338554382324
M01||228||him,M01,228,him,retain_0-0.5k,0-0.5k,retain,6.046875,um,hum,0,0,11,2,0.0001901687792269513
M01||228||him,M01,228,him,remove_0-0.5k,0-0.5k,remove,4.73828125,him,him,1,1,1,0,0.00020000338554382324
M01||228||him,M01,228,him,retain_0.5-2k,0.5-2k,retain,5.5078125,um,hum,0,0,11,2,0.0002000001259148121
M01||228||him,M01,228,him,remove_0.5-2k,0.5-2k,remove,5.015625,um,hum,0,0,11,2,0.00020000338554382324
M01||228||him,M01,228,him,retain_2-4k,2-4k,retain,5.56640625,um,hum,0,0,11,2,0.00020000338554382324
M01||228||him,M01,228,him,remove_2-4k,2-4k,remove,4.87890625,him,him,1,1,1,0,0.00020000338554382324
M01||228||him,M01,228,him,retain_4-8k,4-8k,retain,5.57421875,um,hum,0,0,11,2,0.00020000338554382324
M01||228||him,M01,228,him,remove_4-8k,4-8k,remove,4.94921875,him,him,1,1,1,0,0.00020000338554382324
M01||234||leak,M01,234,leak,retain_0-0.5k,0-0.5k,retain,3.853515625,eek,reek,0,0,11,2,0.00020000000949949026
M01||234||leak,M01,234,leak,remove_0-0.5k,0-0.5k,remove,3.2265625,eek,reek,0,0,11,2,0.00020000338554382324
M01||234||leak,M01,234,leak,retain_0.5-2k,0.5-2k,retain,3.6015625,eek,reek,0,0,11,2,0.00020000338554382324
M01||234||leak,M01,234,leak,remove_0.5-2k,0.5-2k,remove,3.328125,eek,reek,0,0,11,2,0.00020000338554382324
M01||234||leak,M01,234,leak,retain_2-4k,2-4k,retain,3.431640625,eek,reek,0,0,11,2,0.00020000338554382324
M01||234||leak,M01,234,leak,remove_2-4k,2-4k,remove,3.408203125,eek,reek,0,0,11,2,0.00020000338554382324
M01||234||leak,M01,234,leak,retain_4-8k,4-8k,retain,3.66015625,eek,reek,0,0,11,2,0.00020000338554382324
M01||234||leak,M01,234,leak,remove_4-8k,4-8k,remove,3.234375,eek,reek,0,0,11,2,0.00020000338554382324
M01||238||spark,M01,238,spark,retain_0-0.5k,0-0.5k,retain,2.8828125,spork,spark,1,0,1,1,0.00017411503358744085
M01||238||spark,M01,238,spark,remove_0-0.5k,0-0.5k,remove,2.466796875,spark,spark,1,1,1,0,0.00020000338554382324
M01||238||spark,M01,238,spark,retain_0.5-2k,0.5-2k,retain,2.6640625,spork,spark,1,0,1,1,0.00020000338554382324
M01||238||spark,M01,238,spark,remove_0.5-2k,0.5-2k,remove,2.548828125,spark,spark,1,1,1,0,0.00020000338554382324
M01||238||spark,M01,238,spark,retain_2-4k,2-4k,retain,2.6171875,spark,spark,1,1,1,0,0.00020000338554382324
M01||238||spark,M01,238,spark,remove_2-4k,2-4k,remove,2.53125,spark,spark,1,1,1,0,0.00020000338554382324
M01||238||spark,M01,238,spark,retain_4-8k,4-8k,retain,2.705078125,spark,spark,1,1,1,0,0.00020000338554382324
M01||238||spark,M01,238,spark,remove_4-8k,4-8k,remove,2.5,spark,spark,1,1,1,0,0.00020000338554382324
M01||250||side,M01,250,side,retain_0-0.5k,0-0.5k,retain,4.30078125,sigh,sigh,0,0,9,2,0.00016428588423877954
M01||250||side,M01,250,side,remove_0-0.5k,0-0.5k,remove,3.126953125,side,side,1,1,1,0,0.00020000338554382324
M01||250||side,M01,250,side,retain_0.5-2k,0.5-2k,retain,3.716796875,sigh,sigh,0,0,9,2,0.0002000001259148121
M01||250||side,M01,250,side,remove_0.5-2k,0.5-2k,remove,3.326171875,side,side,1,1,1,0,0.00020000338554382324
M01||250||side,M01,250,side,retain_2-4k,2-4k,retain,3.751953125,sigh,sigh,0,0,9,2,0.00020000338554382324
M01||250||side,M01,250,side,remove_2-4k,2-4k,remove,3.205078125,side,side,1,1,1,0,0.00020000338554382324
M01||250||side,M01,250,side,retain_4-8k,4-8k,retain,3.603515625,sigh,sigh,0,0,9,2,0.00020000338554382324
M01||250||side,M01,250,side,remove_4-8k,4-8k,remove,3.37890625,sigh,sigh,0,0,9,2,0.00020000338554382324
M01||252||lima,M01,252,lima,retain_0-0.5k,0-0.5k,retain,5.66796875,and i'm,and,0,0,67,6,0.00014276057481765747
M01||252||lima,M01,252,lima,remove_0-0.5k,0-0.5k,remove,3.732421875,lime,lima,1,0,1,1,0.00020000338554382324
M01||252||lima,M01,252,lima,retain_0.5-2k,0.5-2k,retain,4.91015625,and i'm,and,0,0,67,6,0.00020000338554382324
M01||252||lima,M01,252,lima,remove_0.5-2k,0.5-2k,remove,3.984375,and i'm,and,0,0,67,6,0.00020000338554382324
M01||252||lima,M01,252,lima,retain_2-4k,2-4k,retain,4.90234375,and i'm,and,0,0,67,6,0.00020000338554382324
M01||252||lima,M01,252,lima,remove_2-4k,2-4k,remove,3.96875,i'm,ham,0,0,45,3,0.00020000338554382324
M01||252||lima,M01,252,lima,retain_4-8k,4-8k,retain,4.42578125,and i'm,and,0,0,67,6,0.00020000338554382324
M01||252||lima,M01,252,lima,remove_4-8k,4-8k,remove,4.484375,i'm,ham,0,0,45,3,0.00020000338554382324
M01||253||pitting,M01,253,pitting,retain_0-0.5k,0-0.5k,retain,5.9609375,p d d m,pad,0,0,45,6,0.00019887875532731414
M01||253||pitting,M01,253,pitting,remove_0-0.5k,0-0.5k,remove,3.609375,pidding,pitting,1,0,1,2,0.00020000338554382324
M01||253||pitting,M01,253,pitting,retain_0.5-2k,0.5-2k,retain,5.3203125,p d d d d d d d,dead,0,0,42,14,0.00020000338554382324
M01||253||pitting,M01,253,pitting,remove_0.5-2k,0.5-2k,remove,3.810546875,pidding,pitting,1,0,1,2,0.00020000338554382324
M01||253||pitting,M01,253,pitting,retain_2-4k,2-4k,retain,5.203125,p d d d d d d d,dead,0,0,42,14,0.00020000338554382324
M01||253||pitting,M01,253,pitting,remove_2-4k,2-4k,remove,3.884765625,pidding,pitting,1,0,1,2,0.00020000338554382324
M01||253||pitting,M01,253,pitting,retain_4-8k,4-8k,retain,4.75,pidding,pitting,1,0,1,2,0.00020000338554382324
M01||253||pitting,M01,253,pitting,remove_4-8k,4-8k,remove,4.13671875,pidding,pitting,1,0,1,2,0.00020000338554382324
M01||257||start,M01,257,start,retain_0-0.5k,0-0.5k,retain,5.62890625,darn,darn,0,0,86,3,0.00015417486429214478
M01||257||start,M01,257,start,remove_0-0.5k,0-0.5k,remove,4.0546875,start,start,1,1,1,0,0.00020000338554382324
M01||257||start,M01,257,start,retain_0.5-2k,0.5-2k,retain,4.29296875,darned,darn,0,0,190,5,0.0002000001259148121
M01||257||start,M01,257,start,remove_0.5-2k,0.5-2k,remove,4.08203125,start,start,1,1,1,0,0.00020000338554382324
M01||257||start,M01,257,start,retain_2-4k,2-4k,retain,4.29296875,start,start,1,1,1,0,0.00020000338554382324
M01||257||start,M01,257,start,remove_2-4k,2-4k,remove,4.046875,start,start,1,1,1,0,0.00020000338554382324
M01||257||start,M01,257,start,retain_4-8k,4-8k,retain,4.328125,darned,darn,0,0,190,5,0.00020000338554382324
M01||257||start,M01,257,start,remove_4-8k,4-8k,remove,4.08203125,start,start,1,1,1,0,0.00020000338554382324
M01||259||harp,M01,259,harp,retain_0-0.5k,0-0.5k,retain,5.484375,i,a,0,0,152,4,0.00016345217591151595
M01||259||harp,M01,259,harp,remove_0-0.5k,0-0.5k,remove,3.357421875,arp,harp,1,0,1,1,0.00020000338554382324
M01||259||harp,M01,259,harp,retain_0.5-2k,0.5-2k,retain,4.49609375,i hope,chop,0,0,74,5,0.00020000000949949026
M01||259||harp,M01,259,harp,remove_0.5-2k,0.5-2k,remove,3.4453125,arp,harp,1,0,1,1,0.00020000338554382324
M01||259||harp,M01,259,harp,retain_2-4k,2-4k,retain,4.1328125,i hope,chop,0,0,74,5,0.00020000338554382324
M01||259||harp,M01,259,harp,remove_2-4k,2-4k,remove,3.587890625,i hope,chop,0,0,74,5,0.00020000338554382324
M01||259||harp,M01,259,harp,retain_4-8k,4-8k,retain,3.958984375,i hope,chop,0,0,74,5,0.00020000338554382324
M01||259||harp,M01,259,harp,remove_4-8k,4-8k,remove,3.75,i hope,chop,0,0,74,5,0.00020000338554382324
M01||264||witch,M01,264,witch,retain_0-0.5k,0-0.5k,retain,4.9921875,wait,wit,0,0,110,3,0.00020000000949949026
M01||264||witch,M01,264,witch,remove_0-0.5k,0-0.5k,remove,3.267578125,witch,witch,1,1,1,0,0.00020000338554382324
M01||264||witch,M01,264,witch,retain_0.5-2k,0.5-2k,retain,4.0546875,which,rich,0,0,5,2,0.00020000338554382324
M01||264||witch,M01,264,witch,remove_0.5-2k,0.5-2k,remove,3.44921875,witch,witch,1,1,1,0,0.00020000338554382324
M01||264||witch,M01,264,witch,retain_2-4k,2-4k,retain,3.916015625,which,rich,0,0,5,2,0.00020000338554382324
M01||264||witch,M01,264,witch,remove_2-4k,2-4k,remove,3.466796875,witch,witch,1,1,1,0,0.00020000338554382324
M01||264||witch,M01,264,witch,retain_4-8k,4-8k,retain,4.3046875,which,rich,0,0,5,2,0.00020000338554382324
M01||264||witch,M01,264,witch,remove_4-8k,4-8k,remove,3.380859375,witch,witch,1,1,1,0,0.00020000338554382324
M01||265||him,M01,265,him,retain_0-0.5k,0-0.5k,retain,5.83203125,um,hum,0,0,11,2,0.00016844284255057573
M01||265||him,M01,265,him,remove_0-0.5k,0-0.5k,remove,4.84765625,him,him,1,1,1,0,0.00020000338554382324
M01||265||him,M01,265,him,retain_0.5-2k,0.5-2k,retain,5.16796875,em,hem,0,0,11,2,0.00020000338554382324
M01||265||him,M01,265,him,remove_0.5-2k,0.5-2k,remove,4.9765625,him,him,1,1,1,0,0.00020000338554382324
M01||265||him,M01,265,him,retain_2-4k,2-4k,retain,5.06640625,em,hem,0,0,11,2,0.00020000338554382324
M01||265||him,M01,265,him,remove_2-4k,2-4k,remove,4.8671875,him,him,1,1,1,0,0.00020000338554382324
M01||265||him,M01,265,him,retain_4-8k,4-8k,retain,5.6328125,um,hum,0,0,11,2,0.00020000338554382324
M01||265||him,M01,265,him,remove_4-8k,4-8k,remove,4.7421875,him,him,1,1,1,0,0.00020000338554382324
M01||266||knitting,M01,266,knitting,retain_0-0.5k,0-0.5k,retain,6.6015625,need it,feed,0,0,240,7,0.00020000000949949026
M01||266||knitting,M01,266,knitting,remove_0-0.5k,0-0.5k,remove,5.18359375,sneading,knitting,1,0,1,4,0.00020000338554382324
M01||266||knitting,M01,266,knitting,retain_0.5-2k,0.5-2k,retain,6.1328125,kneady,bread,0,0,230,6,0.00020000338554382324
M01||266||knitting,M01,266,knitting,remove_0.5-2k,0.5-2k,remove,5.53125,sneedy,seed,0,0,329,7,0.00020000338554382324
M01||266||knitting,M01,266,knitting,retain_2-4k,2-4k,retain,6.19140625,kneady,bread,0,0,230,6,0.00020000338554382324
M01||266||knitting,M01,266,knitting,remove_2-4k,2-4k,remove,5.37109375,sneedy,seed,0,0,329,7,0.00020000338554382324
M01||266||knitting,M01,266,knitting,retain_4-8k,4-8k,retain,5.953125,kneady,bread,0,0,230,6,0.00020000338554382324
M01||266||knitting,M01,266,knitting,remove_4-8k,4-8k,remove,5.4921875,sneedy,seed,0,0,329,7,0.00020000338554382324
M01||269||spain,M01,269,spain,retain_0-0.5k,0-0.5k,retain,4.6171875,see you,see,0,0,135,6,0.00018153339624404907
M01||269||spain,M01,269,spain,remove_0-0.5k,0-0.5k,remove,3.732421875,spain,spain,1,1,1,0,0.00020000338554382324
M01||269||spain,M01,269,spain,retain_0.5-2k,0.5-2k,retain,3.728515625,spain,spain,1,1,1,0,0.00020000338554382324
M01||269||spain,M01,269,spain,remove_0.5-2k,0.5-2k,remove,3.60546875,spain,spain,1,1,1,0,0.00020000338554382324
M01||269||spain,M01,269,spain,retain_2-4k,2-4k,retain,3.646484375,spain,spain,1,1,1,0,0.00020000338554382324
M01||269||spain,M01,269,spain,remove_2-4k,2-4k,remove,3.53515625,spain,spain,1,1,1,0,0.00020000338554382324
M01||269||spain,M01,269,spain,retain_4-8k,4-8k,retain,3.892578125,spain,spain,1,1,1,0,0.00020000338554382324
M01||269||spain,M01,269,spain,remove_4-8k,4-8k,remove,3.6796875,spain,spain,1,1,1,0,0.00020000338554382324
M01||286||brought,M01,286,brought,retain_0-0.5k,0-0.5k,retain,4.35546875,bright,right,0,0,2,2,0.00020000000949949026
M01||286||brought,M01,286,brought,remove_0-0.5k,0-0.5k,remove,3.25,brought,brought,1,1,1,0,0.00020000338554382324
M01||286||brought,M01,286,brought,retain_0.5-2k,0.5-2k,retain,3.685546875,bright,right,0,0,2,2,0.00020000338554382324
M01||286||brought,M01,286,brought,remove_0.5-2k,0.5-2k,remove,3.611328125,bright,right,0,0,2,2,0.00020000338554382324
M01||286||brought,M01,286,brought,retain_2-4k,2-4k,retain,3.990234375,bright,right,0,0,2,2,0.00020000338554382324
M01||286||brought,M01,286,brought,remove_2-4k,2-4k,remove,3.408203125,brought,brought,1,1,1,0,0.00020000338554382324
M01||286||brought,M01,286,brought,retain_4-8k,4-8k,retain,4.00390625,bright,right,0,0,2,2,0.00020000338554382324
M01||286||brought,M01,286,brought,remove_4-8k,4-8k,remove,3.236328125,bright,right,0,0,2,2,0.00020000338554382324
M02||12||sip,M02,12,sip,retain_0-0.5k,0-0.5k,retain,4.765625,say it,said,0,0,36,4,0.00020000000949949026
M02||12||sip,M02,12,sip,remove_0-0.5k,0-0.5k,remove,3.38671875,sip,sip,1,1,1,0,0.00020000338554382324
M02||12||sip,M02,12,sip,retain_0.5-2k,0.5-2k,retain,3.638671875,say it,said,0,0,36,4,0.00020000338554382324
M02||12||sip,M02,12,sip,remove_0.5-2k,0.5-2k,remove,3.359375,see it,feet,0,0,43,4,0.00020000338554382324
M02||12||sip,M02,12,sip,retain_2-4k,2-4k,retain,3.599609375,say it,said,0,0,36,4,0.00020000338554382324
M02||12||sip,M02,12,sip,remove_2-4k,2-4k,remove,3.3046875,sip,sip,1,1,1,0,0.00020000338554382324
M02||12||sip,M02,12,sip,retain_4-8k,4-8k,retain,4.046875,say it,said,0,0,36,4,0.00020000338554382324
M02||12||sip,M02,12,sip,remove_4-8k,4-8k,remove,3.357421875,sip,sip,1,1,1,0,0.00020000338554382324
M02||14||dagger,M02,14,dagger,retain_0-0.5k,0-0.5k,retain,6.14453125,thank you,tango,0,0,97,8,0.00020000000949949026
M02||14||dagger,M02,14,dagger,remove_0-0.5k,0-0.5k,remove,3.646484375,dagger,dagger,1,1,1,0,0.00020000338554382324
M02||14||dagger,M02,14,dagger,retain_0.5-2k,0.5-2k,retain,4.68359375,thank you,tango,0,0,97,8,0.00020000338554382324
M02||14||dagger,M02,14,dagger,remove_0.5-2k,0.5-2k,remove,3.89453125,tiger,ticker,0,0,8,3,0.00020000338554382324
M02||14||dagger,M02,14,dagger,retain_2-4k,2-4k,retain,4.53125,thank you,tango,0,0,97,8,0.00020000338554382324
M02||14||dagger,M02,14,dagger,remove_2-4k,2-4k,remove,3.9765625,thank you,tango,0,0,97,8,0.00020000338554382324
M02||14||dagger,M02,14,dagger,retain_4-8k,4-8k,retain,5.328125,thank you,tango,0,0,97,8,0.00020000338554382324
M02||14||dagger,M02,14,dagger,remove_4-8k,4-8k,remove,3.71875,dagger,dagger,1,1,1,0,0.00020000338554382324
M02||17||feet,M02,17,feet,retain_0-0.5k,0-0.5k,retain,3.78515625,fint,bit,0,0,3,2,0.00019442604389041662
M02||17||feet,M02,17,feet,remove_0-0.5k,0-0.5k,remove,3.28125,fiend,blend,0,0,13,3,0.00020000338554382324
M02||17||feet,M02,17,feet,retain_0.5-2k,0.5-2k,retain,3.4921875,fint,bit,0,0,3,2,0.00020000338554382324
M02||17||feet,M02,17,feet,remove_0.5-2k,0.5-2k,remove,3.3515625,fiend,blend,0,0,13,3,0.00020000338554382324
M02||17||feet,M02,17,feet,retain_2-4k,2-4k,retain,3.572265625,fiend,blend,0,0,13,3,0.00020000338554382324
M02||17||feet,M02,17,feet,remove_2-4k,2-4k,remove,3.29296875,fiend,blend,0,0,13,3,0.00020000338554382324
M02||17||feet,M02,17,feet,retain_4-8k,4-8k,retain,3.431640625,fiend,blend,0,0,13,3,0.00020000338554382324
M02||17||feet,M02,17,feet,remove_4-8k,4-8k,remove,3.35546875,fiend,blend,0,0,13,3,0.00020000338554382324
M02||22||bit,M02,22,bit,retain_0-0.5k,0-0.5k,retain,6.234375,bang,bag,0,0,25,3,0.00020000000949949026
M02||22||bit,M02,22,bit,remove_0-0.5k,0-0.5k,remove,4.9140625,bit,bit,1,1,1,0,0.00020000338554382324
M02||22||bit,M02,22,bit,retain_0.5-2k,0.5-2k,retain,5.23828125,bitch,witch,0,0,2,2,0.0002000001259148121
M02||22||bit,M02,22,bit,remove_0.5-2k,0.5-2k,remove,5.23046875,bet,bat,0,0,6,1,0.00020000338554382324
M02||22||bit,M02,22,bit,retain_2-4k,2-4k,retain,5.06640625,bet,bat,0,0,6,1,0.00020000338554382324
M02||22||bit,M02,22,bit,remove_2-4k,2-4k,remove,4.95703125,bit,bit,1,1,1,0,0.00020000338554382324
M02||22||bit,M02,22,bit,retain_4-8k,4-8k,retain,5.6015625,bit,bit,1,1,1,0,0.00020000338554382324
M02||22||bit,M02,22,bit,remove_4-8k,4-8k,remove,4.8828125,bit,bit,1,1,1,0,0.00020000338554382324
M02||25||chair,M02,25,chair,retain_0-0.5k,0-0.5k,retain,4.83203125,cheer,cheer,0,0,2,2,0.00020000000949949026
M02||25||chair,M02,25,chair,remove_0-0.5k,0-0.5k,remove,4.40234375,chair,chair,1,1,1,0,0.00020000338554382324
M02||25||chair,M02,25,chair,retain_0.5-2k,0.5-2k,retain,4.65234375,chair,chair,1,1,1,0,0.0002000001259148121
M02||25||chair,M02,25,chair,remove_0.5-2k,0.5-2k,remove,4.3046875,chair,chair,1,1,1,0,0.00020000338554382324
M02||25||chair,M02,25,chair,retain_2-4k,2-4k,retain,4.3828125,chair,chair,1,1,1,0,0.00020000338554382324
M02||25||chair,M02,25,chair,remove_2-4k,2-4k,remove,4.0078125,chair,chair,1,1,1,0,0.00020000338554382324
M02||25||chair,M02,25,chair,retain_4-8k,4-8k,retain,4.6015625,chair,chair,1,1,1,0,0.00020000338554382324
M02||25||chair,M02,25,chair,remove_4-8k,4-8k,remove,4.08203125,chair,chair,1,1,1,0,0.00020000338554382324
M02||29||one,M02,29,one,retain_0-0.5k,0-0.5k,retain,4.09375,run,bran,0,0,69,3,0.0001828159438446164
M02||29||one,M02,29,one,remove_0-0.5k,0-0.5k,remove,2.533203125,one,one,1,1,1,0,0.00020000338554382324
M02||29||one,M02,29,one,retain_0.5-2k,0.5-2k,retain,3.544921875,one,one,1,1,1,0,0.0002000001259148121
M02||29||one,M02,29,one,remove_0.5-2k,0.5-2k,remove,2.841796875,one,one,1,1,1,0,0.00020000338554382324
M02||29||one,M02,29,one,retain_2-4k,2-4k,retain,3.44140625,one,one,1,1,1,0,0.00020000338554382324
M02||29||one,M02,29,one,remove_2-4k,2-4k,remove,2.912109375,one,one,1,1,1,0,0.00020000338554382324
M02||29||one,M02,29,one,retain_4-8k,4-8k,retain,3.607421875,one,one,1,1,1,0,0.00020000338554382324
M02||29||one,M02,29,one,remove_4-8k,4-8k,remove,3.0703125,one,one,1,1,1,0,0.00020000338554382324
M02||33||share,M02,33,share,retain_0-0.5k,0-0.5k,retain,3.880859375,shove,share,1,0,1,2,0.00020000000949949026
M02||33||share,M02,33,share,remove_0-0.5k,0-0.5k,remove,3.333984375,share,share,1,1,1,0,0.00020000338554382324
M02||33||share,M02,33,share,retain_0.5-2k,0.5-2k,retain,3.634765625,sure,here,0,0,4,2,0.0002000001259148121
M02||33||share,M02,33,share,remove_0.5-2k,0.5-2k,remove,3.478515625,share,share,1,1,1,0,0.00020000338554382324
M02||33||share,M02,33,share,retain_2-4k,2-4k,retain,3.640625,sure,here,0,0,4,2,0.00020000338554382324
M02||33||share,M02,33,share,remove_2-4k,2-4k,remove,3.5078125,share,share,1,1,1,0,0.00020000338554382324
M02||33||share,M02,33,share,retain_4-8k,4-8k,retain,3.904296875,sure,here,0,0,4,2,0.00020000338554382324
M02||33||share,M02,33,share,remove_4-8k,4-8k,remove,3.5,share,share,1,1,1,0,0.00020000338554382324
M02||38||feet,M02,38,feet,retain_0-0.5k,0-0.5k,retain,3.5625,feet,feet,1,1,1,0,0.00020000000949949026
M02||38||feet,M02,38,feet,remove_0-0.5k,0-0.5k,remove,2.59765625,feet,feet,1,1,1,0,0.00020000338554382324
M02||38||feet,M02,38,feet,retain_0.5-2k,0.5-2k,retain,3.24609375,feet,feet,1,1,1,0,0.00020000338554382324
M02||38||feet,M02,38,feet,remove_0.5-2k,0.5-2k,remove,2.94140625,feet,feet,1,1,1,0,0.00020000338554382324
M02||38||feet,M02,38,feet,retain_2-4k,2-4k,retain,3.345703125,feet,feet,1,1,1,0,0.00020000338554382324
M02||38||feet,M02,38,feet,remove_2-4k,2-4k,remove,2.619140625,feet,feet,1,1,1,0,0.00020000338554382324
M02||38||feet,M02,38,feet,retain_4-8k,4-8k,retain,3.29296875,feet,feet,1,1,1,0,0.00020000338554382324
M02||38||feet,M02,38,feet,remove_4-8k,4-8k,remove,2.798828125,feet,feet,1,1,1,0,0.00020000338554382324
M02||39||sticks,M02,39,sticks,retain_0-0.5k,0-0.5k,retain,5.42578125,stairs,start,0,0,13,3,0.00020000000949949026
M02||39||sticks,M02,39,sticks,remove_0-0.5k,0-0.5k,remove,3.78515625,sticks,sticks,1,1,1,0,0.00020000338554382324
M02||39||sticks,M02,39,sticks,retain_0.5-2k,0.5-2k,retain,4.34765625,sticks,sticks,1,1,1,0,0.0002000001259148121
M02||39||sticks,M02,39,sticks,remove_0.5-2k,0.5-2k,remove,4.08984375,sticks,sticks,1,1,1,0,0.00020000338554382324
M02||39||sticks,M02,39,sticks,retain_2-4k,2-4k,retain,4.75390625,sticks,sticks,1,1,1,0,0.00020000338554382324
M02||39||sticks,M02,39,sticks,remove_2-4k,2-4k,remove,3.94140625,sticks,sticks,1,1,1,0,0.00020000338554382324
M02||39||sticks,M02,39,sticks,retain_4-8k,4-8k,retain,4.86328125,sticks,sticks,1,1,1,0,0.00020000338554382324
M02||39||sticks,M02,39,sticks,remove_4-8k,4-8k,remove,3.912109375,sticks,sticks,1,1,1,0,0.00020000338554382324
M02||47||store,M02,47,store,retain_0-0.5k,0-0.5k,retain,6.43359375,stall,sell,0,0,18,3,0.00020000000949949026
M02||47||store,M02,47,store,remove_0-0.5k,0-0.5k,remove,4.87109375,store,store,1,1,1,0,0.00020000338554382324
M02||47||store,M02,47,store,retain_0.5-2k,0.5-2k,retain,5.8203125,stall,sell,0,0,18,3,0.00020000338554382324
M02||47||store,M02,47,store,remove_0.5-2k,0.5-2k,remove,5.171875,store,store,1,1,1,0,0.00020000338554382324
M02||47||store,M02,47,store,retain_2-4k,2-4k,retain,5.79296875,stall,sell,0,0,18,3,0.00020000338554382324
M02||47||store,M02,47,store,remove_2-4k,2-4k,remove,5.19921875,store,store,1,1,1,0,0.00020000338554382324
M02||47||store,M02,47,store,retain_4-8k,4-8k,retain,6.1171875,stall,sell,0,0,18,3,0.00020000338554382324
M02||47||store,M02,47,store,remove_4-8k,4-8k,remove,5.0703125,store,store,1,1,1,0,0.00020000338554382324
M02||49||swarm,M02,49,swarm,retain_0-0.5k,0-0.5k,retain,5.76171875,slown,blow,0,0,113,4,0.0001898461632663384
M02||49||swarm,M02,49,swarm,remove_0-0.5k,0-0.5k,remove,3.986328125,swamp,swarm,1,0,1,2,0.00020000338554382324
M02||49||swarm,M02,49,swarm,retain_0.5-2k,0.5-2k,retain,4.30859375,swarm,swarm,1,1,1,0,0.0002000001259148121
M02||49||swarm,M02,49,swarm,remove_0.5-2k,0.5-2k,remove,3.375,swarm,swarm,1,1,1,0,0.00020000338554382324
M02||49||swarm,M02,49,swarm,retain_2-4k,2-4k,retain,4.7421875,swarm,swarm,1,1,1,0,0.00020000338554382324
M02||49||swarm,M02,49,swarm,remove_2-4k,2-4k,remove,3.501953125,swarm,swarm,1,1,1,0,0.00020000338554382324
M02||49||swarm,M02,49,swarm,retain_4-8k,4-8k,retain,4.9453125,swarm,swarm,1,1,1,0,0.00020000338554382324
M02||49||swarm,M02,49,swarm,remove_4-8k,4-8k,remove,3.099609375,swarm,swarm,1,1,1,0,0.00020000338554382324
M02||54||trait,M02,54,trait,retain_0-0.5k,0-0.5k,retain,4.0390625,trout,group,0,0,6,2,0.00020000000949949026
M02||54||trait,M02,54,trait,remove_0-0.5k,0-0.5k,remove,3.51953125,traout,trait,1,0,1,2,0.00020000338554382324
M02||54||trait,M02,54,trait,retain_0.5-2k,0.5-2k,retain,3.736328125,traved,rave,0,0,12,3,0.00020000338554382324
M02||54||trait,M02,54,trait,remove_0.5-2k,0.5-2k,remove,3.638671875,traout,trait,1,0,1,2,0.00020000338554382324
M02||54||trait,M02,54,trait,retain_2-4k,2-4k,retain,3.728515625,traved,rave,0,0,12,3,0.00020000338554382324
M02||54||trait,M02,54,trait,remove_2-4k,2-4k,remove,3.60546875,trout,group,0,0,6,2,0.00020000338554382324
M02||54||trait,M02,54,trait,retain_4-8k,4-8k,retain,3.94140625,trout,group,0,0,6,2,0.00020000338554382324
M02||54||trait,M02,54,trait,remove_4-8k,4-8k,remove,3.48828125,traved,rave,0,0,12,3,0.00020000338554382324
M02||56||horn,M02,56,horn,retain_0-0.5k,0-0.5k,retain,5.36328125,hard,hand,0,0,23,2,0.00016829802189022303
M02||56||horn,M02,56,horn,remove_0-0.5k,0-0.5k,remove,3.447265625,horn,horn,1,1,1,0,0.00020000338554382324
M02||56||horn,M02,56,horn,retain_0.5-2k,0.5-2k,retain,4.37109375,hon,horn,1,0,1,1,0.00020000338554382324
M02||56||horn,M02,56,horn,remove_0.5-2k,0.5-2k,remove,3.51171875,horn,horn,1,1,1,0,0.00020000338554382324
M02||56||horn,M02,56,horn,retain_2-4k,2-4k,retain,3.9140625,horn,horn,1,1,1,0,0.00020000338554382324
M02||56||horn,M02,56,horn,remove_2-4k,2-4k,remove,3.5703125,horn,horn,1,1,1,0,0.00020000338554382324
M02||56||horn,M02,56,horn,retain_4-8k,4-8k,retain,4.0703125,horn,horn,1,1,1,0,0.00020000338554382324
M02||56||horn,M02,56,horn,remove_4-8k,4-8k,remove,3.630859375,horn,horn,1,1,1,0,0.00020000338554382324
M02||58||sheet,M02,58,sheet,retain_0-0.5k,0-0.5k,retain,3.654296875,shoot,shoot,0,0,5,2,0.00020000000949949026
M02||58||sheet,M02,58,sheet,remove_0-0.5k,0-0.5k,remove,2.681640625,sheet,sheet,1,1,1,0,0.00020000338554382324
M02||58||sheet,M02,58,sheet,retain_0.5-2k,0.5-2k,retain,3.39453125,sheet,sheet,1,1,1,0,0.00020000338554382324
M02||58||sheet,M02,58,sheet,remove_0.5-2k,0.5-2k,remove,2.888671875,sheet,sheet,1,1,1,0,0.00020000338554382324
M02||58||sheet,M02,58,sheet,retain_2-4k,2-4k,retain,3.2734375,sheet,sheet,1,1,1,0,0.00020000338554382324
M02||58||sheet,M02,58,sheet,remove_2-4k,2-4k,remove,3.052734375,sheet,sheet,1,1,1,0,0.00020000338554382324
M02||58||sheet,M02,58,sheet,retain_4-8k,4-8k,retain,3.552734375,shoot,shoot,0,0,5,2,0.00020000338554382324
M02||58||sheet,M02,58,sheet,remove_4-8k,4-8k,remove,2.75390625,sheet,sheet,1,1,1,0,0.00020000338554382324
M02||68||floor,M02,68,floor,retain_0-0.5k,0-0.5k,retain,4.34375,so,go,0,0,162,4,0.00020000000949949026
M02||68||floor,M02,68,floor,remove_0-0.5k,0-0.5k,remove,3.025390625,floor,floor,1,1,1,0,0.00020000338554382324
M02||68||floor,M02,68,floor,retain_0.5-2k,0.5-2k,retain,4.12109375,so,go,0,0,162,4,0.00020000000949949026
M02||68||floor,M02,68,floor,remove_0.5-2k,0.5-2k,remove,3.1953125,so,go,0,0,162,4,0.00020000338554382324
M02||68||floor,M02,68,floor,retain_2-4k,2-4k,retain,4.0703125,so,go,0,0,162,4,0.00020000338554382324
M02||68||floor,M02,68,floor,remove_2-4k,2-4k,remove,3.25,so,go,0,0,162,4,0.00020000338554382324
M02||68||floor,M02,68,floor,retain_4-8k,4-8k,retain,3.876953125,so,go,0,0,162,4,0.00020000338554382324
M02||68||floor,M02,68,floor,remove_4-8k,4-8k,remove,3.607421875,so,go,0,0,162,4,0.00020000338554382324
M02||74||beat,M02,74,beat,retain_0-0.5k,0-0.5k,retain,5.67578125,beaut,beat,1,0,1,1,0.00016560897347517312
M02||74||beat,M02,74,beat,remove_0-0.5k,0-0.5k,remove,3.541015625,beat,beat,1,1,1,0,0.00020000338554382324
M02||74||beat,M02,74,beat,retain_0.5-2k,0.5-2k,retain,4.0703125,beat,beat,1,1,1,0,0.0002000001259148121
M02||74||beat,M02,74,beat,remove_0.5-2k,0.5-2k,remove,3.6796875,beat,beat,1,1,1,0,0.00020000338554382324
M02||74||beat,M02,74,beat,retain_2-4k,2-4k,retain,4.3828125,beat,beat,1,1,1,0,0.00020000338554382324
M02||74||beat,M02,74,beat,remove_2-4k,2-4k,remove,3.744140625,beat,beat,1,1,1,0,0.00020000338554382324
M02||74||beat,M02,74,beat,retain_4-8k,4-8k,retain,4.50390625,beat,beat,1,1,1,0,0.00020000338554382324
M02||74||beat,M02,74,beat,remove_4-8k,4-8k,remove,3.76953125,beat,beat,1,1,1,0,0.00020000338554382324
M02||75||knew,M02,75,knew,retain_0-0.5k,0-0.5k,retain,5.01171875,no,no,0,0,67,3,0.00020000000949949026
M02||75||knew,M02,75,knew,remove_0-0.5k,0-0.5k,remove,3.849609375,new,knew,1,0,1,1,0.00020000338554382324
M02||75||knew,M02,75,knew,retain_0.5-2k,0.5-2k,retain,4.1953125,no,no,0,0,67,3,0.0002000001259148121
M02||75||knew,M02,75,knew,remove_0.5-2k,0.5-2k,remove,4.00390625,no,no,0,0,67,3,0.00020000338554382324
M02||75||knew,M02,75,knew,retain_2-4k,2-4k,retain,4.3125,no,no,0,0,67,3,0.00020000338554382324
M02||75||knew,M02,75,knew,remove_2-4k,2-4k,remove,3.974609375,no,no,0,0,67,3,0.00020000338554382324
M02||75||knew,M02,75,knew,retain_4-8k,4-8k,retain,4.59375,no,no,0,0,67,3,0.00020000338554382324
M02||75||knew,M02,75,knew,remove_4-8k,4-8k,remove,3.83203125,no,no,0,0,67,3,0.00020000338554382324
M02||78||sip,M02,78,sip,retain_0-0.5k,0-0.5k,retain,3.666015625,see up,see,0,0,27,4,0.00020000000949949026
M02||78||sip,M02,78,sip,remove_0-0.5k,0-0.5k,remove,3.1953125,sip,sip,1,1,1,0,0.00020000338554382324
M02||78||sip,M02,78,sip,retain_0.5-2k,0.5-2k,retain,3.494140625,see up,see,0,0,27,4,0.0002000001259148121
M02||78||sip,M02,78,sip,remove_0.5-2k,0.5-2k,remove,3.3046875,sip,sip,1,1,1,0,0.00020000338554382324
M02||78||sip,M02,78,sip,retain_2-4k,2-4k,retain,3.4375,see up,see,0,0,27,4,0.00020000338554382324
M02||78||sip,M02,78,sip,remove_2-4k,2-4k,remove,3.26171875,sip,sip,1,1,1,0,0.00020000338554382324
M02||78||sip,M02,78,sip,retain_4-8k,4-8k,retain,3.53515625,sip,sip,1,1,1,0,0.00020000338554382324
M02||78||sip,M02,78,sip,remove_4-8k,4-8k,remove,3.24609375,see up,see,0,0,27,4,0.00020000338554382324
M02||79||stick,M02,79,stick,retain_0-0.5k,0-0.5k,retain,6.05078125,still,bill,0,0,7,2,0.00020000000949949026
M02||79||stick,M02,79,stick,remove_0-0.5k,0-0.5k,remove,4.09765625,stick,stick,1,1,1,0,0.00020000338554382324
M02||79||stick,M02,79,stick,retain_0.5-2k,0.5-2k,retain,5.21484375,stay,slay,0,0,65,3,0.0002000001259148121
M02||79||stick,M02,79,stick,remove_0.5-2k,0.5-2k,remove,4.3203125,stick,stick,1,1,1,0,0.00020000338554382324
M02||79||stick,M02,79,stick,retain_2-4k,2-4k,retain,5.15234375,stuck,stick,1,0,1,1,0.00020000338554382324
M02||79||stick,M02,79,stick,remove_2-4k,2-4k,remove,4.39453125,stick,stick,1,1,1,0,0.00020000338554382324
M02||79||stick,M02,79,stick,retain_4-8k,4-8k,retain,5.4765625,still,bill,0,0,7,2,0.00020000338554382324
M02||79||stick,M02,79,stick,remove_4-8k,4-8k,remove,4.359375,stick,stick,1,1,1,0,0.00020000338554382324
M02||101||race,M02,101,race,retain_0-0.5k,0-0.5k,retain,4.35546875,yes,yes,0,0,185,4,0.00020000000949949026
M02||101||race,M02,101,race,remove_0-0.5k,0-0.5k,remove,3.548828125,peace,race,1,0,1,2,0.00020000338554382324
M02||101||race,M02,101,race,retain_0.5-2k,0.5-2k,retain,3.892578125,reif,raid,0,0,54,3,0.0002000001259148121
M02||101||race,M02,101,race,remove_0.5-2k,0.5-2k,remove,3.765625,reis,dress,0,0,56,3,0.00020000338554382324
M02||101||race,M02,101,race,retain_2-4k,2-4k,retain,4.0546875,reif,raid,0,0,54,3,0.00020000338554382324
M02||101||race,M02,101,race,remove_2-4k,2-4k,remove,3.59375,peace,race,1,0,1,2,0.00020000338554382324
M02||101||race,M02,101,race,retain_4-8k,4-8k,retain,3.998046875,yes,yes,0,0,185,4,0.00020000338554382324
M02||101||race,M02,101,race,remove_4-8k,4-8k,remove,3.642578125,peace,race,1,0,1,2,0.00020000338554382324
M02||104||air,M02,104,air,retain_0-0.5k,0-0.5k,retain,6.72265625,hey uh,he,0,0,101,6,0.00020000000949949026
M02||104||air,M02,104,air,remove_0-0.5k,0-0.5k,remove,4.71484375,air,air,1,1,1,0,0.00020000338554382324
M02||104||air,M02,104,air,retain_0.5-2k,0.5-2k,retain,5.8828125,hey uh,he,0,0,101,6,0.00020000338554382324
M02||104||air,M02,104,air,remove_0.5-2k,0.5-2k,remove,5.34375,hey uh,he,0,0,101,6,0.00020000338554382324
M02||104||air,M02,104,air,retain_2-4k,2-4k,retain,6.203125,hey uh,he,0,0,101,6,0.00020000338554382324
M02||104||air,M02,104,air,remove_2-4k,2-4k,remove,5.0,hey yeah,hear,0,0,202,8,0.00020000338554382324
M02||104||air,M02,104,air,retain_4-8k,4-8k,retain,6.19921875,hey uh,he,0,0,101,6,0.00020000338554382324
M02||104||air,M02,104,air,remove_4-8k,4-8k,remove,5.046875,hey yeah,hear,0,0,202,8,0.00020000338554382324
M02||111||goat,M02,111,goat,retain_0-0.5k,0-0.5k,retain,5.81640625,go,go,0,0,9,2,0.00020000000949949026
M02||111||goat,M02,111,goat,remove_0-0.5k,0-0.5k,remove,3.966796875,goat,goat,1,1,1,0,0.00020000338554382324
M02||111||goat,M02,111,goat,retain_0.5-2k,0.5-2k,retain,3.982421875,goat,goat,1,1,1,0,0.0002000001259148121
M02||111||goat,M02,111,goat,remove_0.5-2k,0.5-2k,remove,3.8359375,goat,goat,1,1,1,0,0.00020000338554382324
M02||111||goat,M02,111,goat,retain_2-4k,2-4k,retain,3.8359375,goat,goat,1,1,1,0,0.00020000338554382324
M02||111||goat,M02,111,goat,remove_2-4k,2-4k,remove,3.982421875,goat,goat,1,1,1,0,0.00020000338554382324
M02||111||goat,M02,111,goat,retain_4-8k,4-8k,retain,4.21875,go,go,0,0,9,2,0.00020000338554382324
M02||111||goat,M02,111,goat,remove_4-8k,4-8k,remove,3.869140625,goat,goat,1,1,1,0,0.00020000338554382324
M02||112||jagged,M02,112,jagged,retain_0-0.5k,0-0.5k,retain,3.76171875,very good,droop,0,0,30,7,0.00020000000949949026
M02||112||jagged,M02,112,jagged,remove_0-0.5k,0-0.5k,remove,2.494140625,jagged,jagged,1,1,1,0,0.00020000338554382324
M02||112||jagged,M02,112,jagged,retain_0.5-2k,0.5-2k,retain,2.767578125,very good,droop,0,0,30,7,0.00020000338554382324
M02||112||jagged,M02,112,jagged,remove_0.5-2k,0.5-2k,remove,2.384765625,jagged,jagged,1,1,1,0,0.00020000338554382324
M02||112||jagged,M02,112,jagged,retain_2-4k,2-4k,retain,2.7578125,very good,droop,0,0,30,7,0.00020000338554382324
M02||112||jagged,M02,112,jagged,remove_2-4k,2-4k,remove,2.373046875,jagged,jagged,1,1,1,0,0.00020000338554382324
M02||112||jagged,M02,112,jagged,retain_4-8k,4-8k,retain,3.33984375,very good,droop,0,0,30,7,0.00020000338554382324
M02||112||jagged,M02,112,jagged,remove_4-8k,4-8k,remove,2.47265625,jagged,jagged,1,1,1,0,0.00020000338554382324
M02||113||corn,M02,113,corn,retain_0-0.5k,0-0.5k,retain,5.29296875,cone,cope,0,0,5,2,0.00018544867634773254
M02||113||corn,M02,113,corn,remove_0-0.5k,0-0.5k,remove,4.4453125,corn,corn,1,1,1,0,0.00020000338554382324
M02||113||corn,M02,113,corn,retain_0.5-2k,0.5-2k,retain,4.65625,corn,corn,1,1,1,0,0.00020000338554382324
M02||113||corn,M02,113,corn,remove_0.5-2k,0.5-2k,remove,4.4296875,corn,corn,1,1,1,0,0.00020000338554382324
M02||113||corn,M02,113,corn,retain_2-4k,2-4k,retain,4.59765625,corn,corn,1,1,1,0,0.00020000338554382324
M02||113||corn,M02,113,corn,remove_2-4k,2-4k,remove,4.54296875,corn,corn,1,1,1,0,0.00020000338554382324
M02||113||corn,M02,113,corn,retain_4-8k,4-8k,retain,4.91015625,cone,cope,0,0,5,2,0.00020000338554382324
M02||113||corn,M02,113,corn,remove_4-8k,4-8k,remove,4.5234375,corn,corn,1,1,1,0,0.00020000338554382324
M02||116||feed,M02,116,feed,retain_0-0.5k,0-0.5k,retain,5.26953125,food,boot,0,0,3,2,0.0001876596361398697
M02||116||feed,M02,116,feed,remove_0-0.5k,0-0.5k,remove,4.21484375,feed,feed,1,1,1,0,0.00020000338554382324
M02||116||feed,M02,116,feed,retain_0.5-2k,0.5-2k,retain,4.87890625,feed,feed,1,1,1,0,0.00020000338554382324
M02||116||feed,M02,116,feed,remove_0.5-2k,0.5-2k,remove,4.2734375,feed,feed,1,1,1,0,0.00020000338554382324
M02||116||feed,M02,116,feed,retain_2-4k,2-4k,retain,4.625,feed,feed,1,1,1,0,0.00020000338554382324
M02||116||feed,M02,116,feed,remove_2-4k,2-4k,remove,4.2265625,feed,feed,1,1,1,0,0.00020000338554382324
M02||116||feed,M02,116,feed,retain_4-8k,4-8k,retain,4.6171875,feed,feed,1,1,1,0,0.00020000338554382324
M02||116||feed,M02,116,feed,remove_4-8k,4-8k,remove,4.19140625,feed,feed,1,1,1,0,0.00020000338554382324
M02||124||error,M02,124,error,retain_0-0.5k,0-0.5k,retain,5.71875,oh,oh,0,0,135,4,0.00020000000949949026
M02||124||error,M02,124,error,remove_0-0.5k,0-0.5k,remove,3.458984375,error,error,1,1,1,0,0.00020000338554382324
M02||124||error,M02,124,error,retain_0.5-2k,0.5-2k,retain,4.640625,oh,oh,0,0,135,4,0.00020000338554382324
M02||124||error,M02,124,error,remove_0.5-2k,0.5-2k,remove,3.505859375,error,error,1,1,1,0,0.00020000338554382324
M02||124||error,M02,124,error,retain_2-4k,2-4k,retain,4.7734375,oh,oh,0,0,135,4,0.00020000338554382324
M02||124||error,M02,124,error,remove_2-4k,2-4k,remove,3.755859375,oh,oh,0,0,135,4,0.00020000338554382324
M02||124||error,M02,124,error,retain_4-8k,4-8k,retain,4.85546875,oh,oh,0,0,135,4,0.00020000338554382324
M02||124||error,M02,124,error,remove_4-8k,4-8k,remove,3.775390625,oh,oh,0,0,135,4,0.00020000338554382324
M02||131||sigh,M02,131,sigh,retain_0-0.5k,0-0.5k,retain,6.75,thrive,three,0,0,157,5,0.00020000000949949026
M02||131||sigh,M02,131,sigh,remove_0-0.5k,0-0.5k,remove,4.99609375,sigh,sigh,1,1,1,0,0.00020000338554382324
M02||131||sigh,M02,131,sigh,retain_0.5-2k,0.5-2k,retain,5.98828125,five,five,0,0,64,3,0.00020000338554382324
M02||131||sigh,M02,131,sigh,remove_0.5-2k,0.5-2k,remove,5.30078125,five,five,0,0,64,3,0.00020000338554382324
M02||131||sigh,M02,131,sigh,retain_2-4k,2-4k,retain,6.01953125,five,five,0,0,64,3,0.00020000338554382324
M02||131||sigh,M02,131,sigh,remove_2-4k,2-4k,remove,5.17578125,sigh,sigh,1,1,1,0,0.00020000338554382324
M02||131||sigh,M02,131,sigh,retain_4-8k,4-8k,retain,5.859375,five,five,0,0,64,3,0.00020000338554382324
M02||131||sigh,M02,131,sigh,remove_4-8k,4-8k,remove,5.3359375,sigh,sigh,1,1,1,0,0.00020000338554382324
M02||151||fruit,M02,151,fruit,retain_0-0.5k,0-0.5k,retain,7.29296875,i'm so sorry,floor,0,0,258,12,0.0001713964156806469
M02||151||fruit,M02,151,fruit,remove_0-0.5k,0-0.5k,remove,5.10546875,fruit,fruit,1,1,1,0,0.00020000338554382324
M02||151||fruit,M02,151,fruit,retain_0.5-2k,0.5-2k,retain,6.390625,fru,farm,0,0,10,2,0.0002000001259148121
M02||151||fruit,M02,151,fruit,remove_0.5-2k,0.5-2k,remove,5.28515625,fruit,fruit,1,1,1,0,0.00020000338554382324
M02||151||fruit,M02,151,fruit,retain_2-4k,2-4k,retain,6.6484375,fru,farm,0,0,10,2,0.00020000338554382324
M02||151||fruit,M02,151,fruit,remove_2-4k,2-4k,remove,5.16015625,fruit,fruit,1,1,1,0,0.00020000338554382324
M02||151||fruit,M02,151,fruit,retain_4-8k,4-8k,retain,6.2109375,fru,farm,0,0,10,2,0.00020000338554382324
M02||151||fruit,M02,151,fruit,remove_4-8k,4-8k,remove,5.44921875,fruit,fruit,1,1,1,0,0.00020000338554382324
M02||158||three,M02,158,three,retain_0-0.5k,0-0.5k,retain,6.1796875,see you,see,0,0,306,7,0.0002000001259148121
M02||158||three,M02,158,three,remove_0-0.5k,0-0.5k,remove,4.12890625,three,three,1,1,1,0,0.00020000338554382324
M02||158||three,M02,158,three,retain_0.5-2k,0.5-2k,retain,5.52734375,three,three,1,1,1,0,0.0002000001259148121
M02||158||three,M02,158,three,remove_0.5-2k,0.5-2k,remove,4.1875,three,three,1,1,1,0,0.00020000338554382324
M02||158||three,M02,158,three,retain_2-4k,2-4k,retain,4.90625,three,three,1,1,1,0,0.00020000338554382324
M02||158||three,M02,158,three,remove_2-4k,2-4k,remove,4.3125,three,three,1,1,1,0,0.00020000338554382324
M02||158||three,M02,158,three,retain_4-8k,4-8k,retain,4.9140625,three,three,1,1,1,0,0.00020000338554382324
M02||158||three,M02,158,three,remove_4-8k,4-8k,remove,4.29296875,three,three,1,1,1,0,0.00020000338554382324
M02||161||mut,M02,161,mut,retain_0-0.5k,0-0.5k,retain,7.015625,mwah,meat,0,0,33,3,0.0001383167109452188
M02||161||mut,M02,161,mut,remove_0-0.5k,0-0.5k,remove,4.90234375,mut,mut,1,1,1,0,0.00020000338554382324
M02||161||mut,M02,161,mut,retain_0.5-2k,0.5-2k,retain,6.10546875,mut,mut,1,1,1,0,0.00020000338554382324
M02||161||mut,M02,161,mut,remove_0.5-2k,0.5-2k,remove,5.1953125,mut,mut,1,1,1,0,0.00020000338554382324
M02||161||mut,M02,161,mut,retain_2-4k,2-4k,retain,5.89453125,mot,dot,0,0,2,1,0.00020000338554382324
M02||161||mut,M02,161,mut,remove_2-4k,2-4k,remove,5.25390625,mut,mut,1,1,1,0,0.00020000338554382324
M02||161||mut,M02,161,mut,retain_4-8k,4-8k,retain,6.1875,not,dot,0,0,20,2,0.00020000338554382324
M02||161||mut,M02,161,mut,remove_4-8k,4-8k,remove,5.1640625,mut,mut,1,1,1,0,0.00020000338554382324
M02||164||dot,M02,164,dot,retain_0-0.5k,0-0.5k,retain,6.6796875,start,start,0,0,88,4,0.00020000000949949026
M02||164||dot,M02,164,dot,remove_0-0.5k,0-0.5k,remove,3.8828125,dot,dot,1,1,1,0,0.00020000338554382324
M02||164||dot,M02,164,dot,retain_0.5-2k,0.5-2k,retain,5.49609375,start,start,0,0,88,4,0.00020000338554382324
M02||164||dot,M02,164,dot,remove_0.5-2k,0.5-2k,remove,4.30859375,dot,dot,1,1,1,0,0.00020000338554382324
M02||164||dot,M02,164,dot,retain_2-4k,2-4k,retain,5.5,start,start,0,0,88,4,0.00020000338554382324
M02||164||dot,M02,164,dot,remove_2-4k,2-4k,remove,4.3828125,dot,dot,1,1,1,0,0.00020000338554382324
M02||164||dot,M02,164,dot,retain_4-8k,4-8k,retain,5.6953125,start,start,0,0,88,4,0.00020000338554382324
M02||164||dot,M02,164,dot,remove_4-8k,4-8k,remove,4.16015625,dot,dot,1,1,1,0,0.00020000338554382324
M02||166||single,M02,166,single,retain_0-0.5k,0-0.5k,retain,3.921875,sing on,sign,0,0,3,3,0.0002000001259148121
M02||166||single,M02,166,single,remove_0-0.5k,0-0.5k,remove,3.8828125,single,single,1,1,1,0,0.00020000338554382324
M02||166||single,M02,166,single,retain_0.5-2k,0.5-2k,retain,3.595703125,single,single,1,1,1,0,0.00020000338554382324
M02||166||single,M02,166,single,remove_0.5-2k,0.5-2k,remove,3.689453125,single,single,1,1,1,0,0.00020000338554382324
M02||166||single,M02,166,single,retain_2-4k,2-4k,retain,3.60546875,single,single,1,1,1,0,0.00020000338554382324
M02||166||single,M02,166,single,remove_2-4k,2-4k,remove,3.509765625,single,single,1,1,1,0,0.00020000338554382324
M02||166||single,M02,166,single,retain_4-8k,4-8k,retain,3.662109375,single,single,1,1,1,0,0.00020000338554382324
M02||166||single,M02,166,single,remove_4-8k,4-8k,remove,3.3828125,single,single,1,1,1,0,0.00020000338554382324
M02||170||pay,M02,170,pay,retain_0-0.5k,0-0.5k,retain,5.359375,pain,rain,0,0,15,2,0.00019131205044686794
M02||170||pay,M02,170,pay,remove_0-0.5k,0-0.5k,remove,4.2421875,pay,pay,1,1,1,0,0.00020000338554382324
M02||170||pay,M02,170,pay,retain_0.5-2k,0.5-2k,retain,4.77734375,pay,pay,1,1,1,0,0.00020000338554382324
M02||170||pay,M02,170,pay,remove_0.5-2k,0.5-2k,remove,4.35546875,pay,pay,1,1,1,0,0.00020000338554382324
M02||170||pay,M02,170,pay,retain_2-4k,2-4k,retain,4.80859375,pay,pay,1,1,1,0,0.00020000338554382324
M02||170||pay,M02,170,pay,remove_2-4k,2-4k,remove,4.296875,pay,pay,1,1,1,0,0.00020000338554382324
M02||170||pay,M02,170,pay,retain_4-8k,4-8k,retain,4.58203125,pay,pay,1,1,1,0,0.00020000338554382324
M02||170||pay,M02,170,pay,remove_4-8k,4-8k,remove,4.46484375,pay,pay,1,1,1,0,0.00020000338554382324
M02||175||write,M02,175,write,retain_0-0.5k,0-0.5k,retain,6.80078125,right,right,0,0,128,4,0.0002000001259148121
M02||175||write,M02,175,write,remove_0-0.5k,0-0.5k,remove,5.06640625,right,right,0,0,128,4,0.00020000338554382324
M02||175||write,M02,175,write,retain_0.5-2k,0.5-2k,retain,5.87109375,right,right,0,0,128,4,0.00020000338554382324
M02||175||write,M02,175,write,remove_0.5-2k,0.5-2k,remove,5.54296875,right,right,0,0,128,4,0.00020000338554382324
M02||175||write,M02,175,write,retain_2-4k,2-4k,retain,6.453125,right,right,0,0,128,4,0.00020000338554382324
M02||175||write,M02,175,write,remove_2-4k,2-4k,remove,5.01953125,write,write,1,1,1,0,0.00020000338554382324
M02||175||write,M02,175,write,retain_4-8k,4-8k,retain,6.46484375,right,right,0,0,128,4,0.00020000338554382324
M02||175||write,M02,175,write,remove_4-8k,4-8k,remove,5.109375,right,right,0,0,128,4,0.00020000338554382324
M02||178||shear,M02,178,shear,retain_0-0.5k,0-0.5k,retain,4.09375,cheer,cheer,0,0,6,2,0.00020000000949949026
M02||178||shear,M02,178,shear,remove_0-0.5k,0-0.5k,remove,2.6484375,sheer,cheer,0,0,2,1,0.00020000338554382324
M02||178||shear,M02,178,shear,retain_0.5-2k,0.5-2k,retain,3.453125,sheer,cheer,0,0,2,1,0.00020000338554382324
M02||178||shear,M02,178,shear,remove_0.5-2k,0.5-2k,remove,3.056640625,sheer,cheer,0,0,2,1,0.00020000338554382324
M02||178||shear,M02,178,shear,retain_2-4k,2-4k,retain,3.53125,cheer,cheer,0,0,6,2,0.00020000338554382324
M02||178||shear,M02,178,shear,remove_2-4k,2-4k,remove,2.8515625,sheer,cheer,0,0,2,1,0.00020000338554382324
M02||178||shear,M02,178,shear,retain_4-8k,4-8k,retain,3.82421875,cheer,cheer,0,0,6,2,0.00020000338554382324
M02||178||shear,M02,178,shear,remove_4-8k,4-8k,remove,2.783203125,sheer,cheer,0,0,2,1,0.00020000338554382324
M02||180||steer,M02,180,steer,retain_0-0.5k,0-0.5k,retain,3.884765625,still,bill,0,0,26,3,0.00020000000949949026
M02||180||steer,M02,180,steer,remove_0-0.5k,0-0.5k,remove,2.61328125,steer,steer,1,1,1,0,0.00020000338554382324
M02||180||steer,M02,180,steer,retain_0.5-2k,0.5-2k,retain,3.529296875,still,bill,0,0,26,3,0.00020000338554382324
M02||180||steer,M02,180,steer,remove_0.5-2k,0.5-2k,remove,2.68359375,steer,steer,1,1,1,0,0.00020000338554382324
M02||180||steer,M02,180,steer,retain_2-4k,2-4k,retain,2.982421875,still,bill,0,0,26,3,0.00020000338554382324
M02||180||steer,M02,180,steer,remove_2-4k,2-4k,remove,2.904296875,still,bill,0,0,26,3,0.00020000338554382324
M02||180||steer,M02,180,steer,retain_4-8k,4-8k,retain,3.470703125,still,bill,0,0,26,3,0.00020000338554382324
M02||180||steer,M02,180,steer,remove_4-8k,4-8k,remove,2.68359375,steer,steer,1,1,1,0,0.00020000338554382324
M02||181||bad,M02,181,bad,retain_0-0.5k,0-0.5k,retain,6.27734375,boom,boot,0,0,9,3,0.00014677061699330807
M02||181||bad,M02,181,bad,remove_0-0.5k,0-0.5k,remove,4.0859375,bad,bad,1,1,1,0,0.00020000338554382324
M02||181||bad,M02,181,bad,retain_0.5-2k,0.5-2k,retain,4.9609375,bad,bad,1,1,1,0,0.0002000001259148121
M02||181||bad,M02,181,bad,remove_0.5-2k,0.5-2k,remove,4.26171875,bad,bad,1,1,1,0,0.00020000338554382324
M02||181||bad,M02,181,bad,retain_2-4k,2-4k,retain,4.765625,bad,bad,1,1,1,0,0.00020000338554382324
M02||181||bad,M02,181,bad,remove_2-4k,2-4k,remove,4.26171875,bad,bad,1,1,1,0,0.00020000338554382324
M02||181||bad,M02,181,bad,retain_4-8k,4-8k,retain,4.859375,bad,bad,1,1,1,0,0.00020000338554382324
M02||181||bad,M02,181,bad,remove_4-8k,4-8k,remove,4.32421875,bad,bad,1,1,1,0,0.00020000338554382324
M02||193||though,M02,193,though,retain_0-0.5k,0-0.5k,retain,6.6796875,no,no,0,0,275,5,0.00020000000949949026
M02||193||though,M02,193,though,remove_0-0.5k,0-0.5k,remove,5.26953125,though,though,1,1,1,0,0.00020000338554382324
M02||193||though,M02,193,though,retain_0.5-2k,0.5-2k,retain,5.79296875,no,no,0,0,275,5,0.00020000338554382324
M02||193||though,M02,193,though,remove_0.5-2k,0.5-2k,remove,5.76171875,no,no,0,0,275,5,0.00020000338554382324
M02||193||though,M02,193,though,retain_2-4k,2-4k,retain,6.1796875,no,no,0,0,275,5,0.00020000338554382324
M02||193||though,M02,193,though,remove_2-4k,2-4k,remove,5.44921875,low,blow,0,0,279,5,0.00020000338554382324
M02||193||though,M02,193,though,retain_4-8k,4-8k,retain,6.51171875,no,no,0,0,275,5,0.00020000338554382324
M02||193||though,M02,193,though,remove_4-8k,4-8k,remove,5.234375,though,though,1,1,1,0,0.00020000338554382324
M02||195||floor,M02,195,floor,retain_0-0.5k,0-0.5k,retain,4.19140625,so,go,0,0,162,4,0.00020000000949949026
M02||195||floor,M02,195,floor,remove_0-0.5k,0-0.5k,remove,3.21484375,floor,floor,1,1,1,0,0.00020000338554382324
M02||195||floor,M02,195,floor,retain_0.5-2k,0.5-2k,retain,3.41796875,flaw,blow,0,0,31,3,0.00020000338554382324
M02||195||floor,M02,195,floor,remove_0.5-2k,0.5-2k,remove,3.181640625,floor,floor,1,1,1,0,0.00020000338554382324
M02||195||floor,M02,195,floor,retain_2-4k,2-4k,retain,3.224609375,flaw,blow,0,0,31,3,0.00020000338554382324
M02||195||floor,M02,195,floor,remove_2-4k,2-4k,remove,3.216796875,flaw,blow,0,0,31,3,0.00020000338554382324
M02||195||floor,M02,195,floor,retain_4-8k,4-8k,retain,3.189453125,floor,floor,1,1,1,0,0.00020000338554382324
M02||195||floor,M02,195,floor,remove_4-8k,4-8k,remove,3.251953125,flaw,blow,0,0,31,3,0.00020000338554382324
M02||199||slay,M02,199,slay,retain_0-0.5k,0-0.5k,retain,3.623046875,play,play,0,0,3,1,0.00020000000949949026
M02||199||slay,M02,199,slay,remove_0-0.5k,0-0.5k,remove,3.220703125,slay,slay,1,1,1,0,0.00020000338554382324
M02||199||slay,M02,199,slay,retain_0.5-2k,0.5-2k,retain,3.5,play,play,0,0,3,1,0.0002000001259148121
M02||199||slay,M02,199,slay,remove_0.5-2k,0.5-2k,remove,3.283203125,play,play,0,0,3,1,0.00020000338554382324
M02||199||slay,M02,199,slay,retain_2-4k,2-4k,retain,3.603515625,play,play,0,0,3,1,0.00020000338554382324
M02||199||slay,M02,199,slay,remove_2-4k,2-4k,remove,3.169921875,slay,slay,1,1,1,0,0.00020000338554382324
M02||199||slay,M02,199,slay,retain_4-8k,4-8k,retain,3.607421875,play,play,0,0,3,1,0.00020000338554382324
M02||199||slay,M02,199,slay,remove_4-8k,4-8k,remove,3.224609375,slay,slay,1,1,1,0,0.00020000338554382324
M02||205||jungle,M02,205,jungle,retain_0-0.5k,0-0.5k,retain,4.21875,django,tango,0,0,17,4,0.00020000000949949026
M02||205||jungle,M02,205,jungle,remove_0-0.5k,0-0.5k,remove,2.80078125,jungle,jungle,1,1,1,0,0.00020000338554382324
M02||205||jungle,M02,205,jungle,retain_0.5-2k,0.5-2k,retain,3.40625,jungle,jungle,1,1,1,0,0.00020000338554382324
M02||205||jungle,M02,205,jungle,remove_0.5-2k,0.5-2k,remove,3.154296875,jungle,jungle,1,1,1,0,0.00020000338554382324
M02||205||jungle,M02,205,jungle,retain_2-4k,2-4k,retain,3.619140625,jungle,jungle,1,1,1,0,0.00020000338554382324
M02||205||jungle,M02,205,jungle,remove_2-4k,2-4k,remove,3.0,jungle,jungle,1,1,1,0,0.00020000338554382324
M02||205||jungle,M02,205,jungle,retain_4-8k,4-8k,retain,3.951171875,django,tango,0,0,17,4,0.00020000338554382324
M02||205||jungle,M02,205,jungle,remove_4-8k,4-8k,remove,2.908203125,jungle,jungle,1,1,1,0,0.00020000338554382324
M02||209||pile,M02,209,pile,retain_0-0.5k,0-0.5k,retain,5.2890625,bye,ate,0,0,83,3,0.00020000000949949026
M02||209||pile,M02,209,pile,remove_0-0.5k,0-0.5k,remove,3.072265625,pile,pile,1,1,1,0,0.00020000338554382324
M02||209||pile,M02,209,pile,retain_0.5-2k,0.5-2k,retain,3.982421875,pile,pile,1,1,1,0,0.0002000001259148121
M02||209||pile,M02,209,pile,remove_0.5-2k,0.5-2k,remove,3.05078125,pile,pile,1,1,1,0,0.00020000338554382324
M02||209||pile,M02,209,pile,retain_2-4k,2-4k,retain,3.65234375,pile,pile,1,1,1,0,0.00020000338554382324
M02||209||pile,M02,209,pile,remove_2-4k,2-4k,remove,3.251953125,pile,pile,1,1,1,0,0.00020000338554382324
M02||209||pile,M02,209,pile,retain_4-8k,4-8k,retain,3.77734375,pile,pile,1,1,1,0,0.00020000338554382324
M02||209||pile,M02,209,pile,remove_4-8k,4-8k,remove,3.337890625,pile,pile,1,1,1,0,0.00020000338554382324
M02||212||four,M02,212,four,retain_0-0.5k,0-0.5k,retain,5.51953125,for,for,0,0,5,1,0.00020000000949949026
M02||212||four,M02,212,four,remove_0-0.5k,0-0.5k,remove,4.703125,four,four,1,1,1,0,0.00020000338554382324
M02||212||four,M02,212,four,retain_0.5-2k,0.5-2k,retain,5.1171875,four,four,1,1,1,0,0.00020000338554382324
M02||212||four,M02,212,four,remove_0.5-2k,0.5-2k,remove,4.91796875,four,four,1,1,1,0,0.00020000338554382324
M02||212||four,M02,212,four,retain_2-4k,2-4k,retain,5.23828125,for,for,0,0,5,1,0.00020000338554382324
M02||212||four,M02,212,four,remove_2-4k,2-4k,remove,4.87109375,four,four,1,1,1,0,0.00020000338554382324
M02||212||four,M02,212,four,retain_4-8k,4-8k,retain,5.4921875,for,for,0,0,5,1,0.00020000338554382324
M02||212||four,M02,212,four,remove_4-8k,4-8k,remove,4.73046875,four,four,1,1,1,0,0.00020000338554382324
M02||216||slip,M02,216,slip,retain_0-0.5k,0-0.5k,retain,3.9921875,slope,cope,0,0,3,2,0.00020000000949949026
M02||216||slip,M02,216,slip,remove_0-0.5k,0-0.5k,remove,2.6953125,slip,slip,1,1,1,0,0.00020000338554382324
M02||216||slip,M02,216,slip,retain_0.5-2k,0.5-2k,retain,3.06640625,slip,slip,1,1,1,0,0.0002000001259148121
M02||216||slip,M02,216,slip,remove_0.5-2k,0.5-2k,remove,3.044921875,slip,slip,1,1,1,0,0.00020000338554382324
M02||216||slip,M02,216,slip,retain_2-4k,2-4k,retain,3.494140625,slope,cope,0,0,3,2,0.00020000338554382324
M02||216||slip,M02,216,slip,remove_2-4k,2-4k,remove,2.712890625,slip,slip,1,1,1,0,0.00020000338554382324
M02||216||slip,M02,216,slip,retain_4-8k,4-8k,retain,3.912109375,slope,cope,0,0,3,2,0.00020000338554382324
M02||216||slip,M02,216,slip,remove_4-8k,4-8k,remove,2.72265625,slip,slip,1,1,1,0,0.00020000338554382324
M02||218||prior,M02,218,prior,retain_0-0.5k,0-0.5k,retain,3.716796875,prime,pile,0,0,2,2,0.00020000000949949026
M02||218||prior,M02,218,prior,remove_0-0.5k,0-0.5k,remove,3.271484375,prior,prior,1,1,1,0,0.00020000338554382324
M02||218||prior,M02,218,prior,retain_0.5-2k,0.5-2k,retain,3.67578125,prime,pile,0,0,2,2,0.00020000338554382324
M02||218||prior,M02,218,prior,remove_0.5-2k,0.5-2k,remove,3.15625,prior,prior,1,1,1,0,0.00020000338554382324
M02||218||prior,M02,218,prior,retain_2-4k,2-4k,retain,3.33984375,prior,prior,1,1,1,0,0.00020000338554382324
M02||218||prior,M02,218,prior,remove_2-4k,2-4k,remove,3.181640625,prior,prior,1,1,1,0,0.00020000338554382324
M02||218||prior,M02,218,prior,retain_4-8k,4-8k,retain,3.525390625,try them,hem,0,0,171,7,0.00020000338554382324
M02||218||prior,M02,218,prior,remove_4-8k,4-8k,remove,3.228515625,prior,prior,1,1,1,0,0.00020000338554382324
M02||221||back,M02,221,back,retain_0-0.5k,0-0.5k,retain,6.8515625,but,bat,0,0,33,3,0.00020000000949949026
M02||221||back,M02,221,back,remove_0-0.5k,0-0.5k,remove,4.6640625,black,back,1,0,1,1,0.00020000338554382324
M02||221||back,M02,221,back,retain_0.5-2k,0.5-2k,retain,5.8515625,but,bat,0,0,33,3,0.0002000001259148121
M02||221||back,M02,221,back,remove_0.5-2k,0.5-2k,remove,5.3515625,black,back,1,0,1,1,0.00020000338554382324
M02||221||back,M02,221,back,retain_2-4k,2-4k,retain,6.02734375,but,bat,0,0,33,3,0.00020000338554382324
M02||221||back,M02,221,back,remove_2-4k,2-4k,remove,4.91015625,black,back,1,0,1,1,0.00020000338554382324
M02||221||back,M02,221,back,retain_4-8k,4-8k,retain,6.1484375,but,bat,0,0,33,3,0.00020000338554382324
M02||221||back,M02,221,back,remove_4-8k,4-8k,remove,5.07421875,black,back,1,0,1,1,0.00020000338554382324
M02||235||root,M02,235,root,retain_0-0.5k,0-0.5k,retain,4.4140625,brute,bite,0,0,122,4,0.00020000000949949026
M02||235||root,M02,235,root,remove_0-0.5k,0-0.5k,remove,3.509765625,root,root,1,1,1,0,0.00020000338554382324
M02||235||root,M02,235,root,retain_0.5-2k,0.5-2k,retain,3.8515625,root,root,1,1,1,0,0.00020000338554382324
M02||235||root,M02,235,root,remove_0.5-2k,0.5-2k,remove,3.716796875,root,root,1,1,1,0,0.00020000338554382324
M02||235||root,M02,235,root,retain_2-4k,2-4k,retain,4.0703125,root,root,1,1,1,0,0.00020000338554382324
M02||235||root,M02,235,root,remove_2-4k,2-4k,remove,3.537109375,root,root,1,1,1,0,0.00020000338554382324
M02||235||root,M02,235,root,retain_4-8k,4-8k,retain,4.19921875,brut,bat,0,0,60,3,0.00020000338554382324
M02||235||root,M02,235,root,remove_4-8k,4-8k,remove,3.67578125,root,root,1,1,1,0,0.00020000338554382324
M02||239||deer,M02,239,deer,retain_0-0.5k,0-0.5k,retain,3.794921875,dear,bear,0,0,3,1,0.00020000000949949026
M02||239||deer,M02,239,deer,remove_0-0.5k,0-0.5k,remove,3.169921875,deer,deer,1,1,1,0,0.00020000338554382324
M02||239||deer,M02,239,deer,retain_0.5-2k,0.5-2k,retain,3.697265625,dear,bear,0,0,3,1,0.00020000338554382324
M02||239||deer,M02,239,deer,remove_0.5-2k,0.5-2k,remove,3.255859375,deer,deer,1,1,1,0,0.00020000338554382324
M02||239||deer,M02,239,deer,retain_2-4k,2-4k,retain,3.67578125,dear,bear,0,0,3,1,0.00020000338554382324
M02||239||deer,M02,239,deer,remove_2-4k,2-4k,remove,3.259765625,deer,deer,1,1,1,0,0.00020000338554382324
M02||239||deer,M02,239,deer,retain_4-8k,4-8k,retain,3.712890625,dear,bear,0,0,3,1,0.00020000338554382324
M02||239||deer,M02,239,deer,remove_4-8k,4-8k,remove,3.271484375,dear,bear,0,0,3,1,0.00020000338554382324
M02||81||select,M02,81,select,retain_0-0.5k,0-0.5k,retain,5.85546875,oh,oh,0,0,309,6,0.0001858845353126526
M02||81||select,M02,81,select,remove_0-0.5k,0-0.5k,remove,3.37890625,select,select,1,1,1,0,0.00020000338554382324
M02||81||select,M02,81,select,retain_0.5-2k,0.5-2k,retain,4.7890625,oh,oh,0,0,309,6,0.00020000338554382324
M02||81||select,M02,81,select,remove_0.5-2k,0.5-2k,remove,3.478515625,oh,oh,0,0,309,6,0.00020000338554382324
M02||81||select,M02,81,select,retain_2-4k,2-4k,retain,4.4609375,oh,oh,0,0,309,6,0.00020000338554382324
M02||81||select,M02,81,select,remove_2-4k,2-4k,remove,3.560546875,oh,oh,0,0,309,6,0.00020000338554382324
M02||81||select,M02,81,select,retain_4-8k,4-8k,retain,4.0546875,oh,oh,0,0,309,6,0.00020000338554382324
M02||81||select,M02,81,select,remove_4-8k,4-8k,remove,3.8515625,oh,oh,0,0,309,6,0.00020000338554382324
M02||89||briar,M02,89,briar,retain_0-0.5k,0-0.5k,retain,5.046875,yeah,bear,0,0,97,4,0.000154886394739151
M02||89||briar,M02,89,briar,remove_0-0.5k,0-0.5k,remove,3.66015625,drier,briar,1,0,1,2,0.00020000338554382324
M02||89||briar,M02,89,briar,retain_0.5-2k,0.5-2k,retain,4.58984375,drah,bran,0,0,17,3,0.00020000338554382324
M02||89||briar,M02,89,briar,remove_0.5-2k,0.5-2k,remove,3.841796875,drair,air,0,0,13,3,0.00020000338554382324
M02||89||briar,M02,89,briar,retain_2-4k,2-4k,retain,4.37890625,drair,air,0,0,13,3,0.00020000338554382324
M02||89||briar,M02,89,briar,remove_2-4k,2-4k,remove,4.00390625,drair,air,0,0,13,3,0.00020000338554382324
M02||89||briar,M02,89,briar,retain_4-8k,4-8k,retain,4.4140625,drair,air,0,0,13,3,0.00020000338554382324
M02||89||briar,M02,89,briar,remove_4-8k,4-8k,remove,4.05078125,drair,air,0,0,13,3,0.00020000338554382324
M02||94||pat,M02,94,pat,retain_0-0.5k,0-0.5k,retain,6.3046875,god,go,0,0,76,3,0.00016683340072631836
M02||94||pat,M02,94,pat,remove_0-0.5k,0-0.5k,remove,4.78515625,pat,pat,1,1,1,0,0.00020000338554382324
M02||94||pat,M02,94,pat,retain_0.5-2k,0.5-2k,retain,5.7890625,god,go,0,0,76,3,0.00020000338554382324
M02||94||pat,M02,94,pat,remove_0.5-2k,0.5-2k,remove,5.015625,god,go,0,0,76,3,0.00020000338554382324
M02||94||pat,M02,94,pat,retain_2-4k,2-4k,retain,5.46875,todd,hold,0,0,175,4,0.00020000338554382324
M02||94||pat,M02,94,pat,remove_2-4k,2-4k,remove,5.171875,that,hat,0,0,12,2,0.00020000338554382324
M02||94||pat,M02,94,pat,retain_4-8k,4-8k,retain,5.59375,god,go,0,0,76,3,0.00020000338554382324
M02||94||pat,M02,94,pat,remove_4-8k,4-8k,remove,5.13671875,that,hat,0,0,12,2,0.00020000338554382324
M02||97||echo,M02,97,echo,retain_0-0.5k,0-0.5k,retain,3.986328125,i call,bill,0,0,52,5,0.0002000001259148121
M02||97||echo,M02,97,echo,remove_0-0.5k,0-0.5k,remove,3.41796875,echo,echo,1,1,1,0,0.00020000338554382324
M02||97||echo,M02,97,echo,retain_0.5-2k,0.5-2k,retain,3.83984375,i call,bill,0,0,52,5,0.00020000338554382324
M02||97||echo,M02,97,echo,remove_0.5-2k,0.5-2k,remove,3.541015625,echo,echo,1,1,1,0,0.00020000338554382324
M02||97||echo,M02,97,echo,retain_2-4k,2-4k,retain,3.697265625,echo,echo,1,1,1,0,0.00020000338554382324
M02||97||echo,M02,97,echo,remove_2-4k,2-4k,remove,3.638671875,echo,echo,1,1,1,0,0.00020000338554382324
M02||97||echo,M02,97,echo,retain_4-8k,4-8k,retain,3.8046875,echo,echo,1,1,1,0,0.00020000338554382324
M02||97||echo,M02,97,echo,remove_4-8k,4-8k,remove,3.5546875,echo,echo,1,1,1,0,0.00020000338554382324
M02||105||at,M02,105,at,retain_0-0.5k,0-0.5k,retain,6.72265625,alright,light,0,0,14,5,0.0001878291368484497
M02||105||at,M02,105,at,remove_0-0.5k,0-0.5k,remove,5.4765625,act,at,1,0,1,1,0.00020000338554382324
M02||105||at,M02,105,at,retain_0.5-2k,0.5-2k,retain,6.3828125,alright,light,0,0,14,5,0.00020000338554382324
M02||105||at,M02,105,at,remove_0.5-2k,0.5-2k,remove,5.62109375,act,at,1,0,1,1,0.00020000338554382324
M02||105||at,M02,105,at,retain_2-4k,2-4k,retain,5.953125,act,at,1,0,1,1,0.00020000338554382324
M02||105||at,M02,105,at,remove_2-4k,2-4k,remove,5.93359375,act,at,1,0,1,1,0.00020000338554382324
M02||105||at,M02,105,at,retain_4-8k,4-8k,retain,6.19140625,alright,light,0,0,14,5,0.00020000338554382324
M02||105||at,M02,105,at,remove_4-8k,4-8k,remove,5.74609375,act,at,1,0,1,1,0.00020000338554382324
M02||108||pitting,M02,108,pitting,retain_0-0.5k,0-0.5k,retain,7.171875,paisley,pile,0,0,176,6,0.00015524309128522873
M02||108||pitting,M02,108,pitting,remove_0-0.5k,0-0.5k,remove,5.71875,pilling,pitting,1,0,1,2,0.00020000338554382324
M02||108||pitting,M02,108,pitting,retain_0.5-2k,0.5-2k,retain,6.83203125,paling,pitting,1,0,1,3,0.00020000338554382324
M02||108||pitting,M02,108,pitting,remove_0.5-2k,0.5-2k,remove,5.80078125,pilling,pitting,1,0,1,2,0.00020000338554382324
M02||108||pitting,M02,108,pitting,retain_2-4k,2-4k,retain,6.484375,paling,pitting,1,0,1,3,0.00020000338554382324
M02||108||pitting,M02,108,pitting,remove_2-4k,2-4k,remove,6.09375,paling,pitting,1,0,1,3,0.00020000338554382324
M02||108||pitting,M02,108,pitting,retain_4-8k,4-8k,retain,6.5234375,paling,pitting,1,0,1,3,0.00020000338554382324
M02||108||pitting,M02,108,pitting,remove_4-8k,4-8k,remove,6.0703125,paling,pitting,1,0,1,3,0.00020000338554382324
M02||115||kilo,M02,115,kilo,retain_0-0.5k,0-0.5k,retain,5.75,here now,here,0,0,137,7,0.00013489685079548508
M02||115||kilo,M02,115,kilo,remove_0-0.5k,0-0.5k,remove,4.5390625,kilo,kilo,1,1,1,0,0.00020000338554382324
M02||115||kilo,M02,115,kilo,retain_0.5-2k,0.5-2k,retain,5.41796875,here now,here,0,0,137,7,0.00020000338554382324
M02||115||kilo,M02,115,kilo,remove_0.5-2k,0.5-2k,remove,4.75,here now,here,0,0,137,7,0.00020000338554382324
M02||115||kilo,M02,115,kilo,retain_2-4k,2-4k,retain,5.19140625,here now,here,0,0,137,7,0.00020000338554382324
M02||115||kilo,M02,115,kilo,remove_2-4k,2-4k,remove,4.88671875,here now,here,0,0,137,7,0.00020000338554382324
M02||115||kilo,M02,115,kilo,retain_4-8k,4-8k,retain,5.16796875,here now,here,0,0,137,7,0.00020000338554382324
M02||115||kilo,M02,115,kilo,remove_4-8k,4-8k,remove,4.94140625,here now,here,0,0,137,7,0.00020000338554382324
M02||120||papa,M02,120,papa,retain_0-0.5k,0-0.5k,retain,5.2421875,far up all,alpha,0,0,9,7,0.00010361429303884506
M02||120||papa,M02,120,papa,remove_0-0.5k,0-0.5k,remove,3.74609375,papa,papa,1,1,1,0,0.00020000338554382324
M02||120||papa,M02,120,papa,retain_0.5-2k,0.5-2k,retain,4.80859375,far up all,alpha,0,0,9,7,0.00020000338554382324
M02||120||papa,M02,120,papa,remove_0.5-2k,0.5-2k,remove,4.11328125,far up,farm,0,0,100,5,0.00020000338554382324
M02||120||papa,M02,120,papa,retain_2-4k,2-4k,retain,4.546875,far up,farm,0,0,100,5,0.00020000338554382324
M02||120||papa,M02,120,papa,remove_2-4k,2-4k,remove,4.3203125,far up,farm,0,0,100,5,0.00020000338554382324
M02||120||papa,M02,120,papa,retain_4-8k,4-8k,retain,4.8125,far up,farm,0,0,100,5,0.00020000338554382324
M02||120||papa,M02,120,papa,remove_4-8k,4-8k,remove,4.12109375,purple,bubble,0,0,12,4,0.00020000338554382324
M02||123||hem,M02,123,hem,retain_0-0.5k,0-0.5k,retain,5.34375,him,him,0,0,3,1,0.000136498361825943
M02||123||hem,M02,123,hem,remove_0-0.5k,0-0.5k,remove,4.37109375,hem,hem,1,1,1,0,0.00020000338554382324
M02||123||hem,M02,123,hem,retain_0.5-2k,0.5-2k,retain,5.00390625,him,him,0,0,3,1,0.00020000338554382324
M02||123||hem,M02,123,hem,remove_0.5-2k,0.5-2k,remove,4.55859375,hem,hem,1,1,1,0,0.00020000338554382324
M02||123||hem,M02,123,hem,retain_2-4k,2-4k,retain,4.80859375,him,him,0,0,3,1,0.00020000338554382324
M02||123||hem,M02,123,hem,remove_2-4k,2-4k,remove,4.68359375,him,him,0,0,3,1,0.00020000338554382324
M02||123||hem,M02,123,hem,retain_4-8k,4-8k,retain,4.9765625,him,him,0,0,3,1,0.00020000338554382324
M02||123||hem,M02,123,hem,remove_4-8k,4-8k,remove,4.6015625,hem,hem,1,1,1,0,0.00020000338554382324
M02||124||loyal,M02,124,loyal,retain_0-0.5k,0-0.5k,retain,3.755859375,no,no,0,0,171,4,0.00013044947991147637
M02||124||loyal,M02,124,loyal,remove_0-0.5k,0-0.5k,remove,3.408203125,l l l l l l l l,bill,0,0,4,13,0.00020000338554382324
M02||124||loyal,M02,124,loyal,retain_0.5-2k,0.5-2k,retain,3.67578125,no,no,0,0,171,4,0.00020000338554382324
M02||124||loyal,M02,124,loyal,remove_0.5-2k,0.5-2k,remove,3.44921875,l l l l l l l l,bill,0,0,4,13,0.00020000338554382324
M02||124||loyal,M02,124,loyal,retain_2-4k,2-4k,retain,3.548828125,no,no,0,0,171,4,0.00020000338554382324
M02||124||loyal,M02,124,loyal,remove_2-4k,2-4k,remove,3.513671875,no,no,0,0,171,4,0.00020000338554382324
M02||124||loyal,M02,124,loyal,retain_4-8k,4-8k,retain,3.58203125,no,no,0,0,171,4,0.00020000338554382324
M02||124||loyal,M02,124,loyal,remove_4-8k,4-8k,remove,3.494140625,l l l l l l l l,bill,0,0,4,13,0.00020000338554382324
M02||125||sign,M02,125,sign,retain_0-0.5k,0-0.5k,retain,5.140625,sorry,sort,0,0,113,4,0.00015403376892209053
M02||125||sign,M02,125,sign,remove_0-0.5k,0-0.5k,remove,3.88671875,sign,sign,1,1,1,0,0.00020000338554382324
M02||125||sign,M02,125,sign,retain_0.5-2k,0.5-2k,retain,4.89453125,sorry,sort,0,0,113,4,0.00020000338554382324
M02||125||sign,M02,125,sign,remove_0.5-2k,0.5-2k,remove,4.0234375,son,sin,0,0,23,2,0.00020000338554382324
M02||125||sign,M02,125,sign,retain_2-4k,2-4k,retain,4.515625,sorry,sort,0,0,113,4,0.00020000338554382324
M02||125||sign,M02,125,sign,remove_2-4k,2-4k,remove,4.30078125,sorry,sort,0,0,113,4,0.00020000338554382324
M02||125||sign,M02,125,sign,retain_4-8k,4-8k,retain,4.55078125,sorry,sort,0,0,113,4,0.00020000338554382324
M02||125||sign,M02,125,sign,remove_4-8k,4-8k,remove,4.31640625,sorry,sort,0,0,113,4,0.00020000338554382324
M02||127||take,M02,127,take,retain_0-0.5k,0-0.5k,retain,5.60546875,hey,he,0,0,224,4,0.0001393333077430725
M02||127||take,M02,127,take,remove_0-0.5k,0-0.5k,remove,4.81640625,take,take,1,1,1,0,0.00020000338554382324
M02||127||take,M02,127,take,retain_0.5-2k,0.5-2k,retain,5.390625,hey,he,0,0,224,4,0.00020000338554382324
M02||127||take,M02,127,take,remove_0.5-2k,0.5-2k,remove,4.96484375,hey,he,0,0,224,4,0.00020000338554382324
M02||127||take,M02,127,take,retain_2-4k,2-4k,retain,5.2734375,hey,he,0,0,224,4,0.00020000338554382324
M02||127||take,M02,127,take,remove_2-4k,2-4k,remove,5.04296875,hey,he,0,0,224,4,0.00020000338554382324
M02||127||take,M02,127,take,retain_4-8k,4-8k,retain,5.2265625,hey,he,0,0,224,4,0.00020000338554382324
M02||127||take,M02,127,take,remove_4-8k,4-8k,remove,5.0703125,hey,he,0,0,224,4,0.00020000338554382324
M02||132||brawn,M02,132,brawn,retain_0-0.5k,0-0.5k,retain,5.296875,all right,light,0,0,79,8,0.00013154232874512672
M02||132||brawn,M02,132,brawn,remove_0-0.5k,0-0.5k,remove,3.66015625,brawn,brawn,1,1,1,0,0.00020000338554382324
M02||132||brawn,M02,132,brawn,retain_0.5-2k,0.5-2k,retain,4.7265625,bye,ate,0,0,121,4,0.00020000338554382324
M02||132||brawn,M02,132,brawn,remove_0.5-2k,0.5-2k,remove,3.708984375,brawn,brawn,1,1,1,0,0.00020000338554382324
M02||132||brawn,M02,132,brawn,retain_2-4k,2-4k,retain,3.94140625,braun,bran,0,0,2,1,0.00020000338554382324
M02||132||brawn,M02,132,brawn,remove_2-4k,2-4k,remove,4.0078125,brawn,brawn,1,1,1,0,0.00020000338554382324
M02||132||brawn,M02,132,brawn,retain_4-8k,4-8k,retain,4.4296875,bye,ate,0,0,121,4,0.00020000338554382324
M02||132||brawn,M02,132,brawn,remove_4-8k,4-8k,remove,3.759765625,braun,bran,0,0,2,1,0.00020000338554382324
M02||136||knitting,M02,136,knitting,retain_0-0.5k,0-0.5k,retain,5.99609375,nighting,fitting,0,0,3,3,0.0001418055035173893
M02||136||knitting,M02,136,knitting,remove_0-0.5k,0-0.5k,remove,4.4296875,knitting,knitting,1,1,1,0,0.00020000338554382324
M02||136||knitting,M02,136,knitting,retain_0.5-2k,0.5-2k,retain,5.37890625,nothing,fitting,0,0,3,3,0.00020000338554382324
M02||136||knitting,M02,136,knitting,remove_0.5-2k,0.5-2k,remove,4.640625,needing,feed,0,0,4,4,0.00020000338554382324
M02||136||knitting,M02,136,knitting,retain_2-4k,2-4k,retain,5.21484375,nothing,fitting,0,0,3,3,0.00020000338554382324
M02||136||knitting,M02,136,knitting,remove_2-4k,2-4k,remove,4.83203125,needing,feed,0,0,4,4,0.00020000338554382324
M02||136||knitting,M02,136,knitting,retain_4-8k,4-8k,retain,5.35546875,nothing,fitting,0,0,3,3,0.00020000338554382324
M02||136||knitting,M02,136,knitting,remove_4-8k,4-8k,remove,4.671875,needing,feed,0,0,4,4,0.00020000338554382324
M02||140||pit,M02,140,pit,retain_0-0.5k,0-0.5k,retain,6.79296875,pick,lick,0,0,9,2,0.00016742944717407227
M02||140||pit,M02,140,pit,remove_0-0.5k,0-0.5k,remove,5.0859375,pit,pit,1,1,1,0,0.00020000338554382324
M02||140||pit,M02,140,pit,retain_0.5-2k,0.5-2k,retain,6.36328125,pic,pit,1,0,1,1,0.00020000338554382324
M02||140||pit,M02,140,pit,remove_0.5-2k,0.5-2k,remove,5.4609375,pic,pit,1,0,1,1,0.00020000338554382324
M02||140||pit,M02,140,pit,retain_2-4k,2-4k,retain,6.171875,pic,pit,1,0,1,1,0.00020000338554382324
M02||140||pit,M02,140,pit,remove_2-4k,2-4k,remove,5.609375,pic,pit,1,0,1,1,0.00020000338554382324
M02||140||pit,M02,140,pit,retain_4-8k,4-8k,retain,6.08984375,pic,pit,1,0,1,1,0.00020000338554382324
M02||140||pit,M02,140,pit,remove_4-8k,4-8k,remove,5.7421875,pic,pit,1,0,1,1,0.00020000338554382324
M02||142||pit,M02,142,pit,retain_0-0.5k,0-0.5k,retain,5.515625,okay,pay,0,0,157,4,0.00019997358322143555
M02||142||pit,M02,142,pit,remove_0-0.5k,0-0.5k,remove,4.8125,pit,pit,1,1,1,0,0.00020000338554382324
M02||142||pit,M02,142,pit,retain_0.5-2k,0.5-2k,retain,5.3671875,okay,pay,0,0,157,4,0.0002000001259148121
M02||142||pit,M02,142,pit,remove_0.5-2k,0.5-2k,remove,4.94140625,okay,pay,0,0,157,4,0.00020000338554382324
M02||142||pit,M02,142,pit,retain_2-4k,2-4k,retain,5.1796875,okay,pay,0,0,157,4,0.00020000338554382324
M02||142||pit,M02,142,pit,remove_2-4k,2-4k,remove,5.109375,okay,pay,0,0,157,4,0.00020000338554382324
M02||142||pit,M02,142,pit,retain_4-8k,4-8k,retain,5.2890625,okay,pay,0,0,157,4,0.00020000338554382324
M02||142||pit,M02,142,pit,remove_4-8k,4-8k,remove,5.03125,okay,pay,0,0,157,4,0.00020000338554382324
M02||143||november,M02,143,november,retain_0-0.5k,0-0.5k,retain,5.81640625,no this is bad,bad,0,0,4,11,0.00011193379759788513
M02||143||november,M02,143,november,remove_0-0.5k,0-0.5k,remove,3.470703125,november,november,1,1,1,0,0.00020000338554382324
M02||143||november,M02,143,november,retain_0.5-2k,0.5-2k,retain,5.08203125,no this is bad,bad,0,0,4,11,0.00020000338554382324
M02||143||november,M02,143,november,remove_0.5-2k,0.5-2k,remove,3.5,november,november,1,1,1,0,0.00020000338554382324
M02||143||november,M02,143,november,retain_2-4k,2-4k,retain,4.46875,no no no,boot,0,0,13,6,0.00020000338554382324
M02||143||november,M02,143,november,remove_2-4k,2-4k,remove,3.634765625,november,november,1,1,1,0,0.00020000338554382324
M02||143||november,M02,143,november,retain_4-8k,4-8k,retain,4.25,no no no,boot,0,0,13,6,0.00020000338554382324
M02||143||november,M02,143,november,remove_4-8k,4-8k,remove,3.845703125,no no no,boot,0,0,13,6,0.00020000338554382324
M02||146||barn,M02,146,barn,retain_0-0.5k,0-0.5k,retain,4.61328125,bone,one,0,0,13,3,0.00014358758926391602
M02||146||barn,M02,146,barn,remove_0-0.5k,0-0.5k,remove,3.974609375,burn,barn,1,0,1,1,0.00020000338554382324
M02||146||barn,M02,146,barn,retain_0.5-2k,0.5-2k,retain,4.42578125,bone,one,0,0,13,3,0.00020000338554382324
M02||146||barn,M02,146,barn,remove_0.5-2k,0.5-2k,remove,4.07421875,burn,barn,1,0,1,1,0.00020000338554382324
M02||146||barn,M02,146,barn,retain_2-4k,2-4k,retain,4.2578125,burn,barn,1,0,1,1,0.00020000338554382324
M02||146||barn,M02,146,barn,remove_2-4k,2-4k,remove,4.1875,burn,barn,1,0,1,1,0.00020000338554382324
M02||146||barn,M02,146,barn,retain_4-8k,4-8k,retain,4.328125,bone,one,0,0,13,3,0.00020000338554382324
M02||146||barn,M02,146,barn,remove_4-8k,4-8k,remove,4.12109375,burn,barn,1,0,1,1,0.00020000338554382324
M02||147||him,M02,147,him,retain_0-0.5k,0-0.5k,retain,5.76171875,helm,hem,0,0,8,2,0.0001474977470934391
M02||147||him,M02,147,him,remove_0-0.5k,0-0.5k,remove,4.953125,him,him,1,1,1,0,0.00020000338554382324
M02||147||him,M02,147,him,retain_0.5-2k,0.5-2k,retain,5.41015625,helm,hem,0,0,8,2,0.00020000338554382324
M02||147||him,M02,147,him,remove_0.5-2k,0.5-2k,remove,5.03515625,him,him,1,1,1,0,0.00020000338554382324
M02||147||him,M02,147,him,retain_2-4k,2-4k,retain,5.24609375,him,him,1,1,1,0,0.00020000338554382324
M02||147||him,M02,147,him,remove_2-4k,2-4k,remove,5.08203125,him,him,1,1,1,0,0.00020000338554382324
M02||147||him,M02,147,him,retain_4-8k,4-8k,retain,5.28515625,helm,hem,0,0,8,2,0.00020000338554382324
M02||147||him,M02,147,him,remove_4-8k,4-8k,remove,5.109375,him,him,1,1,1,0,0.00020000338554382324
M02||150||kitten,M02,150,kitten,retain_0-0.5k,0-0.5k,retain,7.0625,get,at,0,0,273,5,0.00019997358322143555
M02||150||kitten,M02,150,kitten,remove_0-0.5k,0-0.5k,remove,4.24609375,kitten,kitten,1,1,1,0,0.00020000338554382324
M02||150||kitten,M02,150,kitten,retain_0.5-2k,0.5-2k,retain,5.80859375,get,at,0,0,273,5,0.00020000338554382324
M02||150||kitten,M02,150,kitten,remove_0.5-2k,0.5-2k,remove,4.33984375,kitten,kitten,1,1,1,0,0.00020000338554382324
M02||150||kitten,M02,150,kitten,retain_2-4k,2-4k,retain,5.48828125,get him,him,0,0,80,6,0.00020000338554382324
M02||150||kitten,M02,150,kitten,remove_2-4k,2-4k,remove,4.4140625,kitten,kitten,1,1,1,0,0.00020000338554382324
M02||150||kitten,M02,150,kitten,retain_4-8k,4-8k,retain,5.62109375,get him,him,0,0,80,6,0.00020000338554382324
M02||150||kitten,M02,150,kitten,remove_4-8k,4-8k,remove,4.38671875,kitten,kitten,1,1,1,0,0.00020000338554382324
M02||156||yes,M02,156,yes,retain_0-0.5k,0-0.5k,retain,7.30078125,yeah,bear,0,0,11,2,0.00016802363097667694
M02||156||yes,M02,156,yes,remove_0-0.5k,0-0.5k,remove,5.9140625,yes,yes,1,1,1,0,0.00020000338554382324
M02||156||yes,M02,156,yes,retain_0.5-2k,0.5-2k,retain,6.90625,yeah,bear,0,0,11,2,0.00020000338554382324
M02||156||yes,M02,156,yes,remove_0.5-2k,0.5-2k,remove,5.9921875,yes,yes,1,1,1,0,0.00020000338554382324
M02||156||yes,M02,156,yes,retain_2-4k,2-4k,retain,6.47265625,wow yeah,loyal,0,0,43,6,0.00020000338554382324
M02||156||yes,M02,156,yes,remove_2-4k,2-4k,remove,6.125,yes,yes,1,1,1,0,0.00020000338554382324
M02||156||yes,M02,156,yes,retain_4-8k,4-8k,retain,6.3125,wow yes,yes,1,0,1,4,0.00020000338554382324
M02||156||yes,M02,156,yes,remove_4-8k,4-8k,remove,6.26171875,yes,yes,1,1,1,0,0.00020000338554382324
M02||158||mitten,M02,158,mitten,retain_0-0.5k,0-0.5k,retain,7.26171875,nothing,fitting,0,0,24,5,0.00019812863320112228
M02||158||mitten,M02,158,mitten,remove_0-0.5k,0-0.5k,remove,5.66796875,mettnnnnnnnnnnnnn,mitten,1,0,1,13,0.00020000338554382324
M02||158||mitten,M02,158,mitten,retain_0.5-2k,0.5-2k,retain,6.984375,nothing,fitting,0,0,24,5,0.00020000338554382324
M02||158||mitten,M02,158,mitten,remove_0.5-2k,0.5-2k,remove,5.8046875,metting,fitting,0,0,6,3,0.00020000338554382324
M02||158||mitten,M02,158,mitten,retain_2-4k,2-4k,retain,6.36328125,nut,nut,0,0,264,5,0.00020000338554382324
M02||158||mitten,M02,158,mitten,remove_2-4k,2-4k,remove,6.17578125,nut,nut,0,0,264,5,0.00020000338554382324
M02||158||mitten,M02,158,mitten,retain_4-8k,4-8k,retain,6.60546875,nothing,fitting,0,0,24,5,0.00020000338554382324
M02||158||mitten,M02,158,mitten,remove_4-8k,4-8k,remove,6.05078125,nut,nut,0,0,264,5,0.00020000338554382324
M02||159||oscar,M02,159,oscar,retain_0-0.5k,0-0.5k,retain,6.0859375,oh,oh,0,0,183,4,0.00014044134877622128
M02||159||oscar,M02,159,oscar,remove_0-0.5k,0-0.5k,remove,4.125,i scare,oscar,1,0,1,3,0.00020000338554382324
M02||159||oscar,M02,159,oscar,retain_0.5-2k,0.5-2k,retain,5.8359375,oh,oh,0,0,183,4,0.00020000338554382324
M02||159||oscar,M02,159,oscar,remove_0.5-2k,0.5-2k,remove,4.33984375,i,a,0,0,254,5,0.00020000338554382324
M02||159||oscar,M02,159,oscar,retain_2-4k,2-4k,retain,5.2890625,i,a,0,0,254,5,0.00020000338554382324
M02||159||oscar,M02,159,oscar,remove_2-4k,2-4k,remove,4.87890625,i,a,0,0,254,5,0.00020000338554382324
M02||159||oscar,M02,159,oscar,retain_4-8k,4-8k,retain,5.21484375,i,a,0,0,254,5,0.00020000338554382324
M02||159||oscar,M02,159,oscar,remove_4-8k,4-8k,remove,5.0,i,a,0,0,254,5,0.00020000338554382324
M02||164||sitting,M02,164,sitting,retain_0-0.5k,0-0.5k,retain,3.453125,cheating,hitting,0,0,6,4,0.00020000338554382324
M02||164||sitting,M02,164,sitting,remove_0-0.5k,0-0.5k,remove,3.154296875,sitting,sitting,1,1,1,0,0.00020000338554382324
M02||164||sitting,M02,164,sitting,retain_0.5-2k,0.5-2k,retain,3.373046875,cheating,hitting,0,0,6,4,0.00020000338554382324
M02||164||sitting,M02,164,sitting,remove_0.5-2k,0.5-2k,remove,3.1953125,sitting,sitting,1,1,1,0,0.00020000338554382324
M02||164||sitting,M02,164,sitting,retain_2-4k,2-4k,retain,3.296875,it's sitting,sitting,1,0,1,5,0.00020000338554382324
M02||164||sitting,M02,164,sitting,remove_2-4k,2-4k,remove,3.234375,it's sitting,sitting,1,0,1,5,0.00020000338554382324
M02||164||sitting,M02,164,sitting,retain_4-8k,4-8k,retain,3.30078125,cheating,hitting,0,0,6,4,0.00020000338554382324
M02||164||sitting,M02,164,sitting,remove_4-8k,4-8k,remove,3.240234375,it's sitting,sitting,1,0,1,5,0.00020000338554382324
M02||167||spark,M02,167,spark,retain_0-0.5k,0-0.5k,retain,4.25390625,all right,light,0,0,219,8,0.00020000338554382324
M02||167||spark,M02,167,spark,remove_0-0.5k,0-0.5k,remove,3.38671875,spark,spark,1,1,1,0,0.00020000338554382324
M02||167||spark,M02,167,spark,retain_0.5-2k,0.5-2k,retain,3.986328125,all right,light,0,0,219,8,0.00020000338554382324
M02||167||spark,M02,167,spark,remove_0.5-2k,0.5-2k,remove,3.568359375,bye,ate,0,0,289,5,0.00020000338554382324
M02||167||spark,M02,167,spark,retain_2-4k,2-4k,retain,3.83203125,all right,light,0,0,219,8,0.00020000338554382324
M02||167||spark,M02,167,spark,remove_2-4k,2-4k,remove,3.703125,bye,ate,0,0,289,5,0.00020000338554382324
M02||167||spark,M02,167,spark,retain_4-8k,4-8k,retain,4.00390625,all right,light,0,0,219,8,0.00020000338554382324
M02||167||spark,M02,167,spark,remove_4-8k,4-8k,remove,3.599609375,bye,ate,0,0,289,5,0.00020000338554382324
M02||170||spain,M02,170,spain,retain_0-0.5k,0-0.5k,retain,5.05859375,stand,sand,0,0,22,3,0.0001932221930474043
M02||170||spain,M02,170,spain,remove_0-0.5k,0-0.5k,remove,3.62109375,spain,spain,1,1,1,0,0.00020000338554382324
M02||170||spain,M02,170,spain,retain_0.5-2k,0.5-2k,retain,4.68359375,stand,sand,0,0,22,3,0.00020000338554382324
M02||170||spain,M02,170,spain,remove_0.5-2k,0.5-2k,remove,3.818359375,spain,spain,1,1,1,0,0.00020000338554382324
M02||170||spain,M02,170,spain,retain_2-4k,2-4k,retain,4.41796875,span,spain,1,0,1,1,0.00020000338554382324
M02||170||spain,M02,170,spain,remove_2-4k,2-4k,remove,4.08203125,span,spain,1,0,1,1,0.00020000338554382324
M02||170||spain,M02,170,spain,retain_4-8k,4-8k,retain,4.46484375,spam,ham,0,0,6,2,0.00020000338554382324
M02||170||spain,M02,170,spain,remove_4-8k,4-8k,remove,4.03125,span,spain,1,0,1,1,0.00020000338554382324
M02||172||nine,M02,172,nine,retain_0-0.5k,0-0.5k,retain,6.25,nice,nice,0,0,3,1,0.00018563703633844852
M02||172||nine,M02,172,nine,remove_0-0.5k,0-0.5k,remove,5.08984375,nine,nine,1,1,1,0,0.00020000338554382324
M02||172||nine,M02,172,nine,retain_0.5-2k,0.5-2k,retain,5.890625,nine,nine,1,1,1,0,0.00020000338554382324
M02||172||nine,M02,172,nine,remove_0.5-2k,0.5-2k,remove,5.26953125,nine,nine,1,1,1,0,0.00020000338554382324
M02||172||nine,M02,172,nine,retain_2-4k,2-4k,retain,5.68359375,nine,nine,1,1,1,0,0.00020000338554382324
M02||172||nine,M02,172,nine,remove_2-4k,2-4k,remove,5.4296875,nine,nine,1,1,1,0,0.00020000338554382324
M02||172||nine,M02,172,nine,retain_4-8k,4-8k,retain,5.75,nine,nine,1,1,1,0,0.00020000338554382324
M02||172||nine,M02,172,nine,remove_4-8k,4-8k,remove,5.3828125,,a,0,0,154,4,0.00020000338554382324
M02||179||harp,M02,179,harp,retain_0-0.5k,0-0.5k,retain,3.748046875,hug,bug,0,0,38,3,0.0002000001259148121
M02||179||harp,M02,179,harp,remove_0-0.5k,0-0.5k,remove,2.30859375,harp,harp,1,1,1,0,0.00020000338554382324
M02||179||harp,M02,179,harp,retain_0.5-2k,0.5-2k,retain,3.482421875,hope,cope,0,0,42,3,0.00020000338554382324
M02||179||harp,M02,179,harp,remove_0.5-2k,0.5-2k,remove,2.345703125,harp,harp,1,1,1,0,0.00020000338554382324
M02||179||harp,M02,179,harp,retain_2-4k,2-4k,retain,2.880859375,harp,harp,1,1,1,0,0.00020000338554382324
M02||179||harp,M02,179,harp,remove_2-4k,2-4k,remove,2.953125,hope,cope,0,0,42,3,0.00020000338554382324
M02||179||harp,M02,179,harp,retain_4-8k,4-8k,retain,3.228515625,hope,cope,0,0,42,3,0.00020000338554382324
M02||179||harp,M02,179,harp,remove_4-8k,4-8k,remove,2.599609375,harp,harp,1,1,1,0,0.00020000338554382324
M02||180||cart,M02,180,cart,retain_0-0.5k,0-0.5k,retain,6.1171875,car,car,0,0,2,1,0.00020000338554382324
M02||180||cart,M02,180,cart,remove_0-0.5k,0-0.5k,remove,4.52734375,cart,cart,1,1,1,0,0.00020000338554382324
M02||180||cart,M02,180,cart,retain_0.5-2k,0.5-2k,retain,5.7421875,car,car,0,0,2,1,0.00020000338554382324
M02||180||cart,M02,180,cart,remove_0.5-2k,0.5-2k,remove,4.64453125,cart,cart,1,1,1,0,0.00020000338554382324
M02||180||cart,M02,180,cart,retain_2-4k,2-4k,retain,5.19921875,card,car,0,0,2,1,0.00020000338554382324
M02||180||cart,M02,180,cart,remove_2-4k,2-4k,remove,4.921875,cart,cart,1,1,1,0,0.00020000338554382324
M02||180||cart,M02,180,cart,retain_4-8k,4-8k,retain,5.26953125,card,car,0,0,2,1,0.00020000338554382324
M02||180||cart,M02,180,cart,remove_4-8k,4-8k,remove,4.921875,cart,cart,1,1,1,0,0.00020000338554382324
M02||184||zero,M02,184,zero,retain_0-0.5k,0-0.5k,retain,5.48046875,it's just a little bomb,glitter,0,0,233,21,0.00011190073564648628
M02||184||zero,M02,184,zero,remove_0-0.5k,0-0.5k,remove,4.5625,zero,zero,1,1,1,0,0.00020000338554382324
M02||184||zero,M02,184,zero,retain_0.5-2k,0.5-2k,retain,5.203125,it's just a little bomb,glitter,0,0,233,21,0.00020000338554382324
M02||184||zero,M02,184,zero,remove_0.5-2k,0.5-2k,remove,4.6875,zero,zero,1,1,1,0,0.00020000338554382324
M02||184||zero,M02,184,zero,retain_2-4k,2-4k,retain,5.0546875,it's just a little bomb,glitter,0,0,233,21,0.00020000338554382324
M02||184||zero,M02,184,zero,remove_2-4k,2-4k,remove,4.8203125,zero,zero,1,1,1,0,0.00020000338554382324
M02||184||zero,M02,184,zero,retain_4-8k,4-8k,retain,5.06640625,it's just a little bomb,glitter,0,0,233,21,0.00020000338554382324
M02||184||zero,M02,184,zero,remove_4-8k,4-8k,remove,4.8125,zero,zero,1,1,1,0,0.00020000338554382324
M02||192||top,M02,192,top,retain_0-0.5k,0-0.5k,retain,6.3203125,cut,mut,0,0,107,3,0.00012006890028715134
M02||192||top,M02,192,top,remove_0-0.5k,0-0.5k,remove,4.77734375,top,top,1,1,1,0,0.00020000338554382324
M02||192||top,M02,192,top,retain_0.5-2k,0.5-2k,retain,5.73828125,cut,mut,0,0,107,3,0.00020000338554382324
M02||192||top,M02,192,top,remove_0.5-2k,0.5-2k,remove,4.89453125,top,top,1,1,1,0,0.00020000338554382324
M02||192||top,M02,192,top,retain_2-4k,2-4k,retain,5.34765625,cut,mut,0,0,107,3,0.00020000338554382324
M02||192||top,M02,192,top,remove_2-4k,2-4k,remove,5.0546875,cuff,bug,0,0,199,4,0.00020000338554382324
M02||192||top,M02,192,top,retain_4-8k,4-8k,retain,5.484375,cut,mut,0,0,107,3,0.00020000338554382324
M02||192||top,M02,192,top,remove_4-8k,4-8k,remove,5.05078125,top,top,1,1,1,0,0.00020000338554382324
M02||197||thought,M02,197,thought,retain_0-0.5k,0-0.5k,retain,6.4921875,so,go,0,0,316,6,0.00017389655113220215
M02||197||thought,M02,197,thought,remove_0-0.5k,0-0.5k,remove,5.33984375,thought,thought,1,1,1,0,0.00020000338554382324
M02||197||thought,M02,197,thought,retain_0.5-2k,0.5-2k,retain,6.24609375,so,go,0,0,316,6,0.00020000338554382324
M02||197||thought,M02,197,thought,remove_0.5-2k,0.5-2k,remove,5.65234375,so,go,0,0,316,6,0.00020000338554382324
M02||197||thought,M02,197,thought,retain_2-4k,2-4k,retain,6.02734375,so,go,0,0,316,6,0.00020000338554382324
M02||197||thought,M02,197,thought,remove_2-4k,2-4k,remove,5.91015625,so,go,0,0,316,6,0.00020000338554382324
M02||197||thought,M02,197,thought,retain_4-8k,4-8k,retain,6.1875,so,go,0,0,316,6,0.00020000338554382324
M02||197||thought,M02,197,thought,remove_4-8k,4-8k,remove,5.73046875,so,go,0,0,316,6,0.00020000338554382324
M02||199||six,M02,199,six,retain_0-0.5k,0-0.5k,retain,4.83984375,sex,see,0,0,3,1,0.00012867897748947144
M02||199||six,M02,199,six,remove_0-0.5k,0-0.5k,remove,3.8125,six,six,1,1,1,0,0.00020000338554382324
M02||199||six,M02,199,six,retain_0.5-2k,0.5-2k,retain,4.62890625,six,six,1,1,1,0,0.00020000338554382324
M02||199||six,M02,199,six,remove_0.5-2k,0.5-2k,remove,3.94921875,six,six,1,1,1,0,0.00020000338554382324
M02||199||six,M02,199,six,retain_2-4k,2-4k,retain,4.3203125,six,six,1,1,1,0,0.00020000338554382324
M02||199||six,M02,199,six,remove_2-4k,2-4k,remove,4.1015625,six,six,1,1,1,0,0.00020000338554382324
M02||199||six,M02,199,six,retain_4-8k,4-8k,retain,4.3203125,six,six,1,1,1,0,0.00020000338554382324
M02||199||six,M02,199,six,remove_4-8k,4-8k,remove,4.140625,six,six,1,1,1,0,0.00020000338554382324
M02||206||league,M02,206,league,retain_0-0.5k,0-0.5k,retain,4.6953125,luke,lake,0,0,154,4,0.00017279386520385742
M02||206||league,M02,206,league,remove_0-0.5k,0-0.5k,remove,4.02734375,league,league,1,1,1,0,0.00020000338554382324
M02||206||league,M02,206,league,retain_0.5-2k,0.5-2k,retain,4.4921875,luke,lake,0,0,154,4,0.00020000338554382324
M02||206||league,M02,206,league,remove_0.5-2k,0.5-2k,remove,4.11328125,league,league,1,1,1,0,0.00020000338554382324
M02||206||league,M02,206,league,retain_2-4k,2-4k,retain,4.3515625,league,league,1,1,1,0,0.00020000338554382324
M02||206||league,M02,206,league,remove_2-4k,2-4k,remove,4.20703125,league,league,1,1,1,0,0.00020000338554382324
M02||206||league,M02,206,league,retain_4-8k,4-8k,retain,4.34765625,league,league,1,1,1,0,0.00020000338554382324
M02||206||league,M02,206,league,remove_4-8k,4-8k,remove,4.21484375,league,league,1,1,1,0,0.00020000338554382324
M02||211||bitten,M02,211,bitten,retain_0-0.5k,0-0.5k,retain,5.90625,b,a,0,0,212,5,0.00010027550160884857
M02||211||bitten,M02,211,bitten,remove_0-0.5k,0-0.5k,remove,3.96484375,bitten,bitten,1,1,1,0,0.00020000338554382324
M02||211||bitten,M02,211,bitten,retain_0.5-2k,0.5-2k,retain,5.1328125,b,a,0,0,212,5,0.00020000338554382324
M02||211||bitten,M02,211,bitten,remove_0.5-2k,0.5-2k,remove,4.046875,bitten,bitten,1,1,1,0,0.00020000338554382324
M02||211||bitten,M02,211,bitten,retain_2-4k,2-4k,retain,4.32421875,b m,bad,0,0,215,5,0.00020000338554382324
M02||211||bitten,M02,211,bitten,remove_2-4k,2-4k,remove,4.45703125,b m,bad,0,0,215,5,0.00020000338554382324
M02||211||bitten,M02,211,bitten,retain_4-8k,4-8k,retain,5.3203125,b,a,0,0,212,5,0.00020000338554382324
M02||211||bitten,M02,211,bitten,remove_4-8k,4-8k,remove,4.1171875,bitten,bitten,1,1,1,0,0.00020000338554382324
M02||219||leak,M02,219,leak,retain_0-0.5k,0-0.5k,retain,4.203125,lake,lake,0,0,9,2,0.000157894566655159
M02||219||leak,M02,219,leak,remove_0-0.5k,0-0.5k,remove,3.21875,leak,leak,1,1,1,0,0.00020000338554382324
M02||219||leak,M02,219,leak,retain_0.5-2k,0.5-2k,retain,3.958984375,lake,lake,0,0,9,2,0.00020000338554382324
M02||219||leak,M02,219,leak,remove_0.5-2k,0.5-2k,remove,3.34375,leak,leak,1,1,1,0,0.00020000338554382324
M02||219||leak,M02,219,leak,retain_2-4k,2-4k,retain,3.720703125,lake,lake,0,0,9,2,0.00020000338554382324
M02||219||leak,M02,219,leak,remove_2-4k,2-4k,remove,3.48046875,lake,lake,0,0,9,2,0.00020000338554382324
M02||219||leak,M02,219,leak,retain_4-8k,4-8k,retain,3.673828125,lake,lake,0,0,9,2,0.00020000338554382324
M02||219||leak,M02,219,leak,remove_4-8k,4-8k,remove,3.5390625,lake,lake,0,0,9,2,0.00020000338554382324
M02||227||hitting,M02,227,hitting,retain_0-0.5k,0-0.5k,retain,6.40234375,hey then,bitten,0,0,34,6,0.00012453156523406506
M02||227||hitting,M02,227,hitting,remove_0-0.5k,0-0.5k,remove,4.0078125,heading,hitting,1,0,1,3,0.00020000338554382324
M02||227||hitting,M02,227,hitting,retain_0.5-2k,0.5-2k,retain,5.6875,hey then,bitten,0,0,34,6,0.00020000338554382324
M02||227||hitting,M02,227,hitting,remove_0.5-2k,0.5-2k,remove,4.09765625,heading,hitting,1,0,1,3,0.00020000338554382324
M02||227||hitting,M02,227,hitting,retain_2-4k,2-4k,retain,4.73046875,hey dang,hand,0,0,4,5,0.00020000338554382324
M02||227||hitting,M02,227,hitting,remove_2-4k,2-4k,remove,4.57421875,hey then,bitten,0,0,34,6,0.00020000338554382324
M02||227||hitting,M02,227,hitting,retain_4-8k,4-8k,retain,5.55859375,hey then,bitten,0,0,34,6,0.00020000338554382324
M02||227||hitting,M02,227,hitting,remove_4-8k,4-8k,remove,4.1953125,heading,hitting,1,0,1,3,0.00020000338554382324
M02||229||darn,M02,229,darn,retain_0-0.5k,0-0.5k,retain,5.65625,done,one,0,0,18,3,0.0001607649028301239
M02||229||darn,M02,229,darn,remove_0-0.5k,0-0.5k,remove,3.9453125,darn,darn,1,1,1,0,0.00020000338554382324
M02||229||darn,M02,229,darn,retain_0.5-2k,0.5-2k,retain,5.07421875,done,one,0,0,18,3,0.00020000338554382324
M02||229||darn,M02,229,darn,remove_0.5-2k,0.5-2k,remove,4.0,darn,darn,1,1,1,0,0.00020000338554382324
M02||229||darn,M02,229,darn,retain_2-4k,2-4k,retain,4.25390625,darn,darn,1,1,1,0,0.00020000338554382324
M02||229||darn,M02,229,darn,remove_2-4k,2-4k,remove,4.20703125,darn,darn,1,1,1,0,0.00020000338554382324
M02||229||darn,M02,229,darn,retain_4-8k,4-8k,retain,4.69140625,done,one,0,0,18,3,0.00020000338554382324
M02||229||darn,M02,229,darn,remove_4-8k,4-8k,remove,4.0625,darn,darn,1,1,1,0,0.00020000338554382324
M02||233||wicked,M02,233,wicked,retain_0-0.5k,0-0.5k,retain,6.96875,oh it's cold,hold,0,0,8,9,0.00016855355352163315
M02||233||wicked,M02,233,wicked,remove_0-0.5k,0-0.5k,remove,4.4765625,wicked,wicked,1,1,1,0,0.00020000338554382324
M02||233||wicked,M02,233,wicked,retain_0.5-2k,0.5-2k,retain,6.2890625,we're killed,we're,0,0,6,8,0.00020000338554382324
M02||233||wicked,M02,233,wicked,remove_0.5-2k,0.5-2k,remove,4.9921875,wicked,wicked,1,1,1,0,0.00020000338554382324
M02||233||wicked,M02,233,wicked,retain_2-4k,2-4k,retain,5.765625,we're killed,we're,0,0,6,8,0.00020000338554382324
M02||233||wicked,M02,233,wicked,remove_2-4k,2-4k,remove,5.5546875,we're killed,we're,0,0,6,8,0.00020000338554382324
M02||233||wicked,M02,233,wicked,retain_4-8k,4-8k,retain,6.1953125,we're killed,we're,0,0,6,8,0.00020000338554382324
M02||233||wicked,M02,233,wicked,remove_4-8k,4-8k,remove,5.203125,we killed,weed,0,0,2,5,0.00020000338554382324
M03||15||hair,M03,15,hair,retain_0-0.5k,0-0.5k,retain,4.953125,here,here,0,0,57,3,0.00019068364053964615
M03||15||hair,M03,15,hair,remove_0-0.5k,0-0.5k,remove,4.3046875,hair,hair,1,1,1,0,0.00020000338554382324
M03||15||hair,M03,15,hair,retain_0.5-2k,0.5-2k,retain,4.7421875,here,here,0,0,57,3,0.00020000338554382324
M03||15||hair,M03,15,hair,remove_0.5-2k,0.5-2k,remove,4.4140625,hair,hair,1,1,1,0,0.00020000338554382324
M03||15||hair,M03,15,hair,retain_2-4k,2-4k,retain,4.6484375,hair,hair,1,1,1,0,0.00020000338554382324
M03||15||hair,M03,15,hair,remove_2-4k,2-4k,remove,4.4453125,hair,hair,1,1,1,0,0.00020000338554382324
M03||15||hair,M03,15,hair,retain_4-8k,4-8k,retain,4.66015625,hair,hair,1,1,1,0,0.00020000338554382324
M03||15||hair,M03,15,hair,remove_4-8k,4-8k,remove,4.4453125,hair,hair,1,1,1,0,0.00020000338554382324
M03||31||right,M03,31,right,retain_0-0.5k,0-0.5k,retain,5.62890625,write,write,0,0,129,4,0.0002000001259148121
M03||31||right,M03,31,right,remove_0-0.5k,0-0.5k,remove,5.19140625,right,right,1,1,1,0,0.00020000338554382324
M03||31||right,M03,31,right,retain_0.5-2k,0.5-2k,retain,5.44140625,write,write,0,0,129,4,0.00020000338554382324
M03||31||right,M03,31,right,remove_0.5-2k,0.5-2k,remove,5.32421875,write,write,0,0,129,4,0.00020000338554382324
M03||31||right,M03,31,right,retain_2-4k,2-4k,retain,5.4609375,write,write,0,0,129,4,0.00020000338554382324
M03||31||right,M03,31,right,remove_2-4k,2-4k,remove,5.30859375,write,write,0,0,129,4,0.00020000338554382324
M03||31||right,M03,31,right,retain_4-8k,4-8k,retain,5.51171875,write,write,0,0,129,4,0.00020000338554382324
M03||31||right,M03,31,right,remove_4-8k,4-8k,remove,5.2890625,write,write,0,0,129,4,0.00020000338554382324
M03||41||pat,M03,41,pat,retain_0-0.5k,0-0.5k,retain,5.81640625,patch,catch,0,0,2,2,0.0002000001259148121
M03||41||pat,M03,41,pat,remove_0-0.5k,0-0.5k,remove,4.59765625,pat,pat,1,1,1,0,0.00020000338554382324
M03||41||pat,M03,41,pat,retain_0.5-2k,0.5-2k,retain,5.26953125,pat,pat,1,1,1,0,0.0002000001259148121
M03||41||pat,M03,41,pat,remove_0.5-2k,0.5-2k,remove,4.73828125,pat,pat,1,1,1,0,0.00020000338554382324
M03||41||pat,M03,41,pat,retain_2-4k,2-4k,retain,5.1015625,pat,pat,1,1,1,0,0.00020000338554382324
M03||41||pat,M03,41,pat,remove_2-4k,2-4k,remove,4.7578125,pat,pat,1,1,1,0,0.00020000338554382324
M03||41||pat,M03,41,pat,retain_4-8k,4-8k,retain,5.1796875,pat,pat,1,1,1,0,0.00020000338554382324
M03||41||pat,M03,41,pat,remove_4-8k,4-8k,remove,4.734375,pat,pat,1,1,1,0,0.00020000338554382324
M03||70||one,M03,70,one,retain_0-0.5k,0-0.5k,retain,4.4609375,,a,0,0,41,3,0.00019460264593362808
M03||70||one,M03,70,one,remove_0-0.5k,0-0.5k,remove,3.7265625,one,one,1,1,1,0,0.00020000338554382324
M03||70||one,M03,70,one,retain_0.5-2k,0.5-2k,retain,4.1875,,a,0,0,41,3,0.00020000338554382324
M03||70||one,M03,70,one,remove_0.5-2k,0.5-2k,remove,3.7578125,one,one,1,1,1,0,0.00020000338554382324
M03||70||one,M03,70,one,retain_2-4k,2-4k,retain,4.0,,a,0,0,41,3,0.00020000338554382324
M03||70||one,M03,70,one,remove_2-4k,2-4k,remove,3.765625,one,one,1,1,1,0,0.00020000338554382324
M03||70||one,M03,70,one,retain_4-8k,4-8k,retain,4.0390625,,a,0,0,41,3,0.00020000338554382324
M03||70||one,M03,70,one,remove_4-8k,4-8k,remove,3.744140625,one,one,1,1,1,0,0.00020000338554382324
M03||104||for,M03,104,for,retain_0-0.5k,0-0.5k,retain,5.57421875,,a,0,0,27,3,0.00020000338554382324
M03||104||for,M03,104,for,remove_0-0.5k,0-0.5k,remove,5.03125,for,for,1,1,1,0,0.00020000338554382324
M03||104||for,M03,104,for,retain_0.5-2k,0.5-2k,retain,5.3359375,,a,0,0,27,3,0.00020000338554382324
M03||104||for,M03,104,for,remove_0.5-2k,0.5-2k,remove,5.234375,,a,0,0,27,3,0.00020000338554382324
M03||104||for,M03,104,for,retain_2-4k,2-4k,retain,5.4140625,,a,0,0,27,3,0.00020000338554382324
M03||104||for,M03,104,for,remove_2-4k,2-4k,remove,5.140625,,a,0,0,27,3,0.00020000338554382324
M03||104||for,M03,104,for,retain_4-8k,4-8k,retain,5.453125,,a,0,0,27,3,0.00020000338554382324
M03||104||for,M03,104,for,remove_4-8k,4-8k,remove,5.171875,,a,0,0,27,3,0.00020000338554382324
M03||134||shear,M03,134,shear,retain_0-0.5k,0-0.5k,retain,3.55078125,share,share,0,0,7,2,0.000190073624253273
M03||134||shear,M03,134,shear,remove_0-0.5k,0-0.5k,remove,2.93359375,shear,shear,1,1,1,0,0.00020000338554382324
M03||134||shear,M03,134,shear,retain_0.5-2k,0.5-2k,retain,3.33984375,shear,shear,1,1,1,0,0.00020000338554382324
M03||134||shear,M03,134,shear,remove_0.5-2k,0.5-2k,remove,3.0,shear,shear,1,1,1,0,0.00020000338554382324
M03||134||shear,M03,134,shear,retain_2-4k,2-4k,retain,3.29296875,shear,shear,1,1,1,0,0.00020000338554382324
M03||134||shear,M03,134,shear,remove_2-4k,2-4k,remove,3.015625,shear,shear,1,1,1,0,0.00020000338554382324
M03||134||shear,M03,134,shear,retain_4-8k,4-8k,retain,3.166015625,shear,shear,1,1,1,0,0.00020000338554382324
M03||134||shear,M03,134,shear,remove_4-8k,4-8k,remove,3.1171875,shear,shear,1,1,1,0,0.00020000338554382324
M03||137||write,M03,137,write,retain_0-0.5k,0-0.5k,retain,4.48046875,right,right,0,0,128,4,0.00020000000949949026
M03||137||write,M03,137,write,remove_0-0.5k,0-0.5k,remove,3.93359375,write,write,1,1,1,0,0.00020000338554382324
M03||137||write,M03,137,write,retain_0.5-2k,0.5-2k,retain,4.3046875,right,right,0,0,128,4,0.00020000338554382324
M03||137||write,M03,137,write,remove_0.5-2k,0.5-2k,remove,4.015625,right,right,0,0,128,4,0.00020000338554382324
M03||137||write,M03,137,write,retain_2-4k,2-4k,retain,4.23828125,right,right,0,0,128,4,0.00020000338554382324
M03||137||write,M03,137,write,remove_2-4k,2-4k,remove,4.0390625,write,write,1,1,1,0,0.00020000338554382324
M03||137||write,M03,137,write,retain_4-8k,4-8k,retain,4.2421875,right,right,0,0,128,4,0.00020000338554382324
M03||137||write,M03,137,write,remove_4-8k,4-8k,remove,4.09765625,write,write,1,1,1,0,0.00020000338554382324
M03||146||gnaw,M03,146,gnaw,retain_0-0.5k,0-0.5k,retain,4.484375,no,no,0,0,52,3,0.00016151973977684975
M03||146||gnaw,M03,146,gnaw,remove_0-0.5k,0-0.5k,remove,2.833984375,naa,a,0,0,9,2,0.00020000338554382324
M03||146||gnaw,M03,146,gnaw,retain_0.5-2k,0.5-2k,retain,3.83203125,no,no,0,0,52,3,0.00020000338554382324
M03||146||gnaw,M03,146,gnaw,remove_0.5-2k,0.5-2k,remove,2.87890625,naa,a,0,0,9,2,0.00020000338554382324
M03||146||gnaw,M03,146,gnaw,retain_2-4k,2-4k,retain,3.732421875,no,no,0,0,52,3,0.00020000338554382324
M03||146||gnaw,M03,146,gnaw,remove_2-4k,2-4k,remove,2.9140625,no,no,0,0,52,3,0.00020000338554382324
M03||146||gnaw,M03,146,gnaw,retain_4-8k,4-8k,retain,3.1171875,no,no,0,0,52,3,0.00020000338554382324
M03||146||gnaw,M03,146,gnaw,remove_4-8k,4-8k,remove,3.201171875,no,no,0,0,52,3,0.00020000338554382324
M03||171||mut,M03,171,mut,retain_0-0.5k,0-0.5k,retain,5.69140625,much,much,0,0,4,2,0.0002000001259148121
M03||171||mut,M03,171,mut,remove_0-0.5k,0-0.5k,remove,4.7109375,but,bat,0,0,4,1,0.00020000338554382324
M03||171||mut,M03,171,mut,retain_0.5-2k,0.5-2k,retain,5.109375,but,bat,0,0,4,1,0.00020000338554382324
M03||171||mut,M03,171,mut,remove_0.5-2k,0.5-2k,remove,4.84765625,but,bat,0,0,4,1,0.00020000338554382324
M03||171||mut,M03,171,mut,retain_2-4k,2-4k,retain,5.0078125,but,bat,0,0,4,1,0.00020000338554382324
M03||171||mut,M03,171,mut,remove_2-4k,2-4k,remove,4.9140625,but,bat,0,0,4,1,0.00020000338554382324
M03||171||mut,M03,171,mut,retain_4-8k,4-8k,retain,5.58203125,much,much,0,0,4,2,0.00020000338554382324
M03||171||mut,M03,171,mut,remove_4-8k,4-8k,remove,4.7265625,but,bat,0,0,4,1,0.00020000338554382324
M03||243||sigh,M03,243,sigh,retain_0-0.5k,0-0.5k,retain,5.8203125,psi,pad,0,0,79,3,0.00020000338554382324
M03||243||sigh,M03,243,sigh,remove_0-0.5k,0-0.5k,remove,5.3359375,sigh,sigh,1,1,1,0,0.00020000338554382324
M03||243||sigh,M03,243,sigh,retain_0.5-2k,0.5-2k,retain,5.6875,psi,pad,0,0,79,3,0.00020000338554382324
M03||243||sigh,M03,243,sigh,remove_0.5-2k,0.5-2k,remove,5.359375,psi,pad,0,0,79,3,0.00020000338554382324
M03||243||sigh,M03,243,sigh,retain_2-4k,2-4k,retain,5.64453125,psi,pad,0,0,79,3,0.00020000338554382324
M03||243||sigh,M03,243,sigh,remove_2-4k,2-4k,remove,5.3828125,psi,pad,0,0,79,3,0.00020000338554382324
M03||243||sigh,M03,243,sigh,retain_4-8k,4-8k,retain,5.625,psi,pad,0,0,79,3,0.00020000338554382324
M03||243||sigh,M03,243,sigh,remove_4-8k,4-8k,remove,5.40234375,psi,pad,0,0,79,3,0.00020000338554382324
M03||251||droop,M03,251,droop,retain_0-0.5k,0-0.5k,retain,3.43359375,troop,troop,0,0,2,1,0.0002000001259148121
M03||251||droop,M03,251,droop,remove_0-0.5k,0-0.5k,remove,2.9765625,droop,droop,1,1,1,0,0.00020000338554382324
M03||251||droop,M03,251,droop,retain_0.5-2k,0.5-2k,retain,3.21484375,droop,droop,1,1,1,0,0.00020000338554382324
M03||251||droop,M03,251,droop,remove_0.5-2k,0.5-2k,remove,3.0390625,droop,droop,1,1,1,0,0.00020000338554382324
M03||251||droop,M03,251,droop,retain_2-4k,2-4k,retain,3.1875,droop,droop,1,1,1,0,0.00020000338554382324
M03||251||droop,M03,251,droop,remove_2-4k,2-4k,remove,3.06640625,droop,droop,1,1,1,0,0.00020000338554382324
M03||251||droop,M03,251,droop,retain_4-8k,4-8k,retain,3.18359375,droop,droop,1,1,1,0,0.00020000338554382324
M03||251||droop,M03,251,droop,remove_4-8k,4-8k,remove,3.037109375,droop,droop,1,1,1,0,0.00020000338554382324
M03||259||pitting,M03,259,pitting,retain_0-0.5k,0-0.5k,retain,4.57421875,pity,city,0,0,189,4,0.000139585230499506
M03||259||pitting,M03,259,pitting,remove_0-0.5k,0-0.5k,remove,3.443359375,pitting,pitting,1,1,1,0,0.00020000338554382324
M03||259||pitting,M03,259,pitting,retain_0.5-2k,0.5-2k,retain,4.06640625,pity,city,0,0,189,4,0.00020000338554382324
M03||259||pitting,M03,259,pitting,remove_0.5-2k,0.5-2k,remove,3.435546875,pitting,pitting,1,1,1,0,0.00020000338554382324
M03||259||pitting,M03,259,pitting,retain_2-4k,2-4k,retain,3.82421875,pity,city,0,0,189,4,0.00020000338554382324
M03||259||pitting,M03,259,pitting,remove_2-4k,2-4k,remove,3.466796875,pitting,pitting,1,1,1,0,0.00020000338554382324
M03||259||pitting,M03,259,pitting,retain_4-8k,4-8k,retain,3.568359375,pity,city,0,0,189,4,0.00020000338554382324
M03||259||pitting,M03,259,pitting,remove_4-8k,4-8k,remove,3.583984375,pitting,pitting,1,1,1,0,0.00020000338554382324
M03||369||nine,M03,369,nine,retain_0-0.5k,0-0.5k,retain,5.75,,a,0,0,154,4,0.00019627436995506287
M03||369||nine,M03,369,nine,remove_0-0.5k,0-0.5k,remove,5.06640625,nine,nine,1,1,1,0,0.00020000338554382324
M03||369||nine,M03,369,nine,retain_0.5-2k,0.5-2k,retain,5.62109375,,a,0,0,154,4,0.00020000338554382324
M03||369||nine,M03,369,nine,remove_0.5-2k,0.5-2k,remove,5.16796875,nine,nine,1,1,1,0,0.00020000338554382324
M03||369||nine,M03,369,nine,retain_2-4k,2-4k,retain,5.58203125,,a,0,0,154,4,0.00020000338554382324
M03||369||nine,M03,369,nine,remove_2-4k,2-4k,remove,5.234375,,a,0,0,154,4,0.00020000338554382324
M03||369||nine,M03,369,nine,retain_4-8k,4-8k,retain,5.4765625,,a,0,0,154,4,0.00020000338554382324
M03||369||nine,M03,369,nine,remove_4-8k,4-8k,remove,5.3359375,nine,nine,1,1,1,0,0.00020000338554382324
M03||392||sink,M03,392,sink,retain_0-0.5k,0-0.5k,retain,4.4453125,sink,sink,1,1,1,0,0.00018217600882053375
M03||392||sink,M03,392,sink,remove_0-0.5k,0-0.5k,remove,3.53515625,sink,sink,1,1,1,0,0.00020000338554382324
M03||392||sink,M03,392,sink,retain_0.5-2k,0.5-2k,retain,4.296875,sink,sink,1,1,1,0,0.00020000338554382324
M03||392||sink,M03,392,sink,remove_0.5-2k,0.5-2k,remove,3.634765625,sink,sink,1,1,1,0,0.00020000338554382324
M03||392||sink,M03,392,sink,retain_2-4k,2-4k,retain,4.1640625,sink,sink,1,1,1,0,0.00020000338554382324
M03||392||sink,M03,392,sink,remove_2-4k,2-4k,remove,3.70703125,sink,sink,1,1,1,0,0.00020000338554382324
M03||392||sink,M03,392,sink,retain_4-8k,4-8k,retain,3.994140625,sink,sink,1,1,1,0,0.00020000338554382324
M03||392||sink,M03,392,sink,remove_4-8k,4-8k,remove,3.94921875,sink,sink,1,1,1,0,0.00020000338554382324
M03||402||right,M03,402,right,retain_0-0.5k,0-0.5k,retain,5.49609375,write,write,0,0,129,4,0.00020000338554382324
M03||402||right,M03,402,right,remove_0-0.5k,0-0.5k,remove,4.8515625,right,right,1,1,1,0,0.00020000338554382324
M03||402||right,M03,402,right,retain_0.5-2k,0.5-2k,retain,5.27734375,write,write,0,0,129,4,0.00020000338554382324
M03||402||right,M03,402,right,remove_0.5-2k,0.5-2k,remove,5.04296875,write,write,0,0,129,4,0.00020000338554382324
M03||402||right,M03,402,right,retain_2-4k,2-4k,retain,5.23828125,write,write,0,0,129,4,0.00020000338554382324
M03||402||right,M03,402,right,remove_2-4k,2-4k,remove,5.0703125,right,right,1,1,1,0,0.00020000338554382324
M03||402||right,M03,402,right,retain_4-8k,4-8k,retain,5.33984375,write,write,0,0,129,4,0.00020000338554382324
M03||402||right,M03,402,right,remove_4-8k,4-8k,remove,4.984375,right,right,1,1,1,0,0.00020000338554382324
M04||11||right,M04,11,right,retain_0-0.5k,0-0.5k,retain,6.70703125,wait,wit,0,0,209,4,0.00020000000949949026
M04||11||right,M04,11,right,remove_0-0.5k,0-0.5k,remove,5.3359375,right,right,1,1,1,0,0.00020000338554382324
M04||11||right,M04,11,right,retain_0.5-2k,0.5-2k,retain,6.2734375,wait,wit,0,0,209,4,0.00020000338554382324
M04||11||right,M04,11,right,remove_0.5-2k,0.5-2k,remove,5.55859375,wait,wit,0,0,209,4,0.00020000338554382324
M04||11||right,M04,11,right,retain_2-4k,2-4k,retain,5.75,wait,wit,0,0,209,4,0.00020000338554382324
M04||11||right,M04,11,right,remove_2-4k,2-4k,remove,6.0,wait,wit,0,0,209,4,0.00020000338554382324
M04||11||right,M04,11,right,retain_4-8k,4-8k,retain,6.54296875,wait,wit,0,0,209,4,0.00020000338554382324
M04||11||right,M04,11,right,remove_4-8k,4-8k,remove,5.37109375,wait,wit,0,0,209,4,0.00020000338554382324
M04||16||jacket,M04,16,jacket,retain_0-0.5k,0-0.5k,retain,3.59765625,is that good,shoot,0,0,209,11,0.00019223731942474842
M04||16||jacket,M04,16,jacket,remove_0-0.5k,0-0.5k,remove,2.888671875,jacket,jacket,1,1,1,0,0.00020000338554382324
M04||16||jacket,M04,16,jacket,retain_0.5-2k,0.5-2k,retain,3.203125,is that good,shoot,0,0,209,11,0.00020000338554382324
M04||16||jacket,M04,16,jacket,remove_0.5-2k,0.5-2k,remove,2.94921875,jacket,jacket,1,1,1,0,0.00020000338554382324
M04||16||jacket,M04,16,jacket,retain_2-4k,2-4k,retain,3.13671875,jacket,jacket,1,1,1,0,0.00020000338554382324
M04||16||jacket,M04,16,jacket,remove_2-4k,2-4k,remove,2.98046875,jacket,jacket,1,1,1,0,0.00020000338554382324
M04||16||jacket,M04,16,jacket,retain_4-8k,4-8k,retain,3.17578125,is that good,shoot,0,0,209,11,0.00020000338554382324
M04||16||jacket,M04,16,jacket,remove_4-8k,4-8k,remove,3.0078125,jacket,jacket,1,1,1,0,0.00020000338554382324
M04||47||train,M04,47,train,retain_0-0.5k,0-0.5k,retain,3.490234375,dream,dread,0,0,132,4,0.00020000000949949026
M04||47||train,M04,47,train,remove_0-0.5k,0-0.5k,remove,3.05859375,train,train,1,1,1,0,0.00020000338554382324
M04||47||train,M04,47,train,retain_0.5-2k,0.5-2k,retain,3.267578125,dream,dread,0,0,132,4,0.00020000338554382324
M04||47||train,M04,47,train,remove_0.5-2k,0.5-2k,remove,3.17578125,dream,dread,0,0,132,4,0.00020000338554382324
M04||47||train,M04,47,train,retain_2-4k,2-4k,retain,3.314453125,dream,dread,0,0,132,4,0.00020000338554382324
M04||47||train,M04,47,train,remove_2-4k,2-4k,remove,3.140625,dream,dread,0,0,132,4,0.00020000338554382324
M04||47||train,M04,47,train,retain_4-8k,4-8k,retain,3.349609375,dream,dread,0,0,132,4,0.00020000338554382324
M04||47||train,M04,47,train,remove_4-8k,4-8k,remove,3.115234375,dream,dread,0,0,132,4,0.00020000338554382324
M04||57||range,M04,57,range,retain_0-0.5k,0-0.5k,retain,5.50390625,rink,sink,0,0,58,3,0.0002000001259148121
M04||57||range,M04,57,range,remove_0-0.5k,0-0.5k,remove,3.9375,range,range,1,1,1,0,0.00020000338554382324
M04||57||range,M04,57,range,retain_0.5-2k,0.5-2k,retain,5.00390625,rink,sink,0,0,58,3,0.00020000338554382324
M04||57||range,M04,57,range,remove_0.5-2k,0.5-2k,remove,4.12109375,range,range,1,1,1,0,0.00020000338554382324
M04||57||range,M04,57,range,retain_2-4k,2-4k,retain,4.796875,rink,sink,0,0,58,3,0.00020000338554382324
M04||57||range,M04,57,range,remove_2-4k,2-4k,remove,4.28125,range,range,1,1,1,0,0.00020000338554382324
M04||57||range,M04,57,range,retain_4-8k,4-8k,retain,4.63671875,range,range,1,1,1,0,0.00020000338554382324
M04||57||range,M04,57,range,remove_4-8k,4-8k,remove,4.40234375,range,range,1,1,1,0,0.00020000338554382324
M04||61||grow,M04,61,grow,retain_0-0.5k,0-0.5k,retain,5.6328125,go,go,0,0,11,2,0.0002000001259148121
M04||61||grow,M04,61,grow,remove_0-0.5k,0-0.5k,remove,5.109375,grow,grow,1,1,1,0,0.00020000338554382324
M04||61||grow,M04,61,grow,retain_0.5-2k,0.5-2k,retain,5.49609375,go,go,0,0,11,2,0.00020000338554382324
M04||61||grow,M04,61,grow,remove_0.5-2k,0.5-2k,remove,5.16796875,grow,grow,1,1,1,0,0.00020000338554382324
M04||61||grow,M04,61,grow,retain_2-4k,2-4k,retain,5.3359375,go,go,0,0,11,2,0.00020000338554382324
M04||61||grow,M04,61,grow,remove_2-4k,2-4k,remove,5.29296875,go,go,0,0,11,2,0.00020000338554382324
M04||61||grow,M04,61,grow,retain_4-8k,4-8k,retain,5.4375,go,go,0,0,11,2,0.00020000338554382324
M04||61||grow,M04,61,grow,remove_4-8k,4-8k,remove,5.23046875,go,go,0,0,11,2,0.00020000338554382324
M04||63||for,M04,63,for,retain_0-0.5k,0-0.5k,retain,6.46875,four,four,0,0,2,1,0.0001626722514629364
M04||63||for,M04,63,for,remove_0-0.5k,0-0.5k,remove,5.83984375,four,four,0,0,2,1,0.00020000338554382324
M04||63||for,M04,63,for,retain_0.5-2k,0.5-2k,retain,6.265625,four,four,0,0,2,1,0.00020000338554382324
M04||63||for,M04,63,for,remove_0.5-2k,0.5-2k,remove,5.98828125,four,four,0,0,2,1,0.00020000338554382324
M04||63||for,M04,63,for,retain_2-4k,2-4k,retain,6.18359375,four,four,0,0,2,1,0.00020000338554382324
M04||63||for,M04,63,for,remove_2-4k,2-4k,remove,6.0390625,four,four,0,0,2,1,0.00020000338554382324
M04||63||for,M04,63,for,retain_4-8k,4-8k,retain,6.27734375,four,four,0,0,2,1,0.00020000338554382324
M04||63||for,M04,63,for,remove_4-8k,4-8k,remove,5.96484375,four,four,0,0,2,1,0.00020000338554382324
M04||66||beat,M04,66,beat,retain_0-0.5k,0-0.5k,retain,4.78515625,pity,city,0,0,89,4,0.00014538411051034927
M04||66||beat,M04,66,beat,remove_0-0.5k,0-0.5k,remove,3.765625,beat,beat,1,1,1,0,0.00020000338554382324
M04||66||beat,M04,66,beat,retain_0.5-2k,0.5-2k,retain,4.44921875,beat,beat,1,1,1,0,0.00020000338554382324
M04||66||beat,M04,66,beat,remove_0.5-2k,0.5-2k,remove,3.853515625,beat,beat,1,1,1,0,0.00020000338554382324
M04||66||beat,M04,66,beat,retain_2-4k,2-4k,retain,4.13671875,beat,beat,1,1,1,0,0.00020000338554382324
M04||66||beat,M04,66,beat,remove_2-4k,2-4k,remove,3.966796875,beat,beat,1,1,1,0,0.00020000338554382324
M04||66||beat,M04,66,beat,retain_4-8k,4-8k,retain,4.19140625,beat,beat,1,1,1,0,0.00020000338554382324
M04||66||beat,M04,66,beat,remove_4-8k,4-8k,remove,3.96875,beat,beat,1,1,1,0,0.00020000338554382324
M04||70||feet,M04,70,feet,retain_0-0.5k,0-0.5k,retain,3.828125,tilt,tile,0,0,35,3,0.0002000001259148121
M04||70||feet,M04,70,feet,remove_0-0.5k,0-0.5k,remove,3.287109375,feet,feet,1,1,1,0,0.00020000338554382324
M04||70||feet,M04,70,feet,retain_0.5-2k,0.5-2k,retain,3.52734375,tilt,tile,0,0,35,3,0.00020000338554382324
M04||70||feet,M04,70,feet,remove_0.5-2k,0.5-2k,remove,3.41796875,t t,at,0,0,45,3,0.00020000338554382324
M04||70||feet,M04,70,feet,retain_2-4k,2-4k,retain,3.587890625,tilt,tile,0,0,35,3,0.00020000338554382324
M04||70||feet,M04,70,feet,remove_2-4k,2-4k,remove,3.3828125,t t,at,0,0,45,3,0.00020000338554382324
M04||70||feet,M04,70,feet,retain_4-8k,4-8k,retain,3.69921875,tilt,tile,0,0,35,3,0.00020000338554382324
M04||70||feet,M04,70,feet,remove_4-8k,4-8k,remove,3.357421875,feet,feet,1,1,1,0,0.00020000338554382324
M04||78||store,M04,78,store,retain_0-0.5k,0-0.5k,retain,5.828125,door,boot,0,0,65,3,0.00014524604193866253
M04||78||store,M04,78,store,remove_0-0.5k,0-0.5k,remove,3.08203125,store,store,1,1,1,0,0.00020000338554382324
M04||78||store,M04,78,store,retain_0.5-2k,0.5-2k,retain,4.91796875,door,boot,0,0,65,3,0.0002000001259148121
M04||78||store,M04,78,store,remove_0.5-2k,0.5-2k,remove,3.25,store,store,1,1,1,0,0.00020000338554382324
M04||78||store,M04,78,store,retain_2-4k,2-4k,retain,4.359375,door,boot,0,0,65,3,0.00020000338554382324
M04||78||store,M04,78,store,remove_2-4k,2-4k,remove,3.76171875,store,store,1,1,1,0,0.00020000338554382324
M04||78||store,M04,78,store,retain_4-8k,4-8k,retain,4.15234375,store,store,1,1,1,0,0.00020000338554382324
M04||78||store,M04,78,store,remove_4-8k,4-8k,remove,3.736328125,store,store,1,1,1,0,0.00020000338554382324
M04||79||feed,M04,79,feed,retain_0-0.5k,0-0.5k,retain,5.05859375,he did,bed,0,0,4,4,0.00013973016757518053
M04||79||feed,M04,79,feed,remove_0-0.5k,0-0.5k,remove,3.470703125,he feed,feed,1,0,1,3,0.00020000338554382324
M04||79||feed,M04,79,feed,retain_0.5-2k,0.5-2k,retain,4.52734375,he did,bed,0,0,4,4,0.00020000338554382324
M04||79||feed,M04,79,feed,remove_0.5-2k,0.5-2k,remove,3.60546875,he feed,feed,1,0,1,3,0.00020000338554382324
M04||79||feed,M04,79,feed,retain_2-4k,2-4k,retain,4.13671875,he did,bed,0,0,4,4,0.00020000338554382324
M04||79||feed,M04,79,feed,remove_2-4k,2-4k,remove,3.744140625,he did,bed,0,0,4,4,0.00020000338554382324
M04||79||feed,M04,79,feed,retain_4-8k,4-8k,retain,4.0,he did,bed,0,0,4,4,0.00020000338554382324
M04||79||feed,M04,79,feed,remove_4-8k,4-8k,remove,3.80859375,he did,bed,0,0,4,4,0.00020000338554382324
M04||85||car,M04,85,car,retain_0-0.5k,0-0.5k,retain,4.53125,i,a,0,0,36,3,0.00019040144979953766
M04||85||car,M04,85,car,remove_0-0.5k,0-0.5k,remove,3.857421875,car,car,1,1,1,0,0.00020000338554382324
M04||85||car,M04,85,car,retain_0.5-2k,0.5-2k,retain,4.359375,car,car,1,1,1,0,0.00020000338554382324
M04||85||car,M04,85,car,remove_0.5-2k,0.5-2k,remove,3.958984375,car,car,1,1,1,0,0.00020000338554382324
M04||85||car,M04,85,car,retain_2-4k,2-4k,retain,4.23046875,car,car,1,1,1,0,0.00020000338554382324
M04||85||car,M04,85,car,remove_2-4k,2-4k,remove,4.09375,car,car,1,1,1,0,0.00020000338554382324
M04||85||car,M04,85,car,retain_4-8k,4-8k,retain,4.2890625,car,car,1,1,1,0,0.00020000338554382324
M04||85||car,M04,85,car,remove_4-8k,4-8k,remove,4.04296875,car,car,1,1,1,0,0.00020000338554382324
M04||87||swarm,M04,87,swarm,retain_0-0.5k,0-0.5k,retain,4.78125,let's do it,best,0,0,249,10,0.00018441196880303323
M04||87||swarm,M04,87,swarm,remove_0-0.5k,0-0.5k,remove,3.44921875,swim,him,0,0,11,2,0.00020000338554382324
M04||87||swarm,M04,87,swarm,retain_0.5-2k,0.5-2k,retain,4.3203125,swarm,swarm,1,1,1,0,0.00020000338554382324
M04||87||swarm,M04,87,swarm,remove_0.5-2k,0.5-2k,remove,3.71875,swim,him,0,0,11,2,0.00020000338554382324
M04||87||swarm,M04,87,swarm,retain_2-4k,2-4k,retain,4.09765625,swarm,swarm,1,1,1,0,0.00020000338554382324
M04||87||swarm,M04,87,swarm,remove_2-4k,2-4k,remove,3.8359375,swim,him,0,0,11,2,0.00020000338554382324
M04||87||swarm,M04,87,swarm,retain_4-8k,4-8k,retain,4.25,swim,him,0,0,11,2,0.00020000338554382324
M04||87||swarm,M04,87,swarm,remove_4-8k,4-8k,remove,3.712890625,swarm,swarm,1,1,1,0,0.00020000338554382324
M04||90||warm,M04,90,warm,retain_0-0.5k,0-0.5k,retain,8.546875,one,one,0,0,248,4,0.0002000001259148121
M04||90||warm,M04,90,warm,remove_0-0.5k,0-0.5k,remove,5.421875,warm,warm,1,1,1,0,0.00020000338554382324
M04||90||warm,M04,90,warm,retain_0.5-2k,0.5-2k,retain,7.63671875,one,one,0,0,248,4,0.00020000338554382324
M04||90||warm,M04,90,warm,remove_0.5-2k,0.5-2k,remove,5.515625,what,hat,0,0,91,3,0.00020000338554382324
M04||90||warm,M04,90,warm,retain_2-4k,2-4k,retain,6.51953125,what,hat,0,0,91,3,0.00020000338554382324
M04||90||warm,M04,90,warm,remove_2-4k,2-4k,remove,5.68359375,what,hat,0,0,91,3,0.00020000338554382324
M04||90||warm,M04,90,warm,retain_4-8k,4-8k,retain,6.515625,what,hat,0,0,91,3,0.00020000338554382324
M04||90||warm,M04,90,warm,remove_4-8k,4-8k,remove,5.71875,what,hat,0,0,91,3,0.00020000338554382324
M04||105||corn,M04,105,corn,retain_0-0.5k,0-0.5k,retain,6.24609375,one,one,0,0,36,3,0.0002000001259148121
M04||105||corn,M04,105,corn,remove_0-0.5k,0-0.5k,remove,4.8125,corn,corn,1,1,1,0,0.00020000338554382324
M04||105||corn,M04,105,corn,retain_0.5-2k,0.5-2k,retain,5.39453125,one,one,0,0,36,3,0.00020000338554382324
M04||105||corn,M04,105,corn,remove_0.5-2k,0.5-2k,remove,4.92578125,corn,corn,1,1,1,0,0.00020000338554382324
M04||105||corn,M04,105,corn,retain_2-4k,2-4k,retain,5.1328125,one,one,0,0,36,3,0.00020000338554382324
M04||105||corn,M04,105,corn,remove_2-4k,2-4k,remove,5.08203125,corn,corn,1,1,1,0,0.00020000338554382324
M04||105||corn,M04,105,corn,retain_4-8k,4-8k,retain,5.83203125,one,one,0,0,36,3,0.00020000338554382324
M04||105||corn,M04,105,corn,remove_4-8k,4-8k,remove,4.84375,corn,corn,1,1,1,0,0.00020000338554382324
M04||117||knew,M04,117,knew,retain_0-0.5k,0-0.5k,retain,5.27734375,no,no,0,0,67,3,0.0001845136284828186
M04||117||knew,M04,117,knew,remove_0-0.5k,0-0.5k,remove,4.59765625,new,knew,1,0,1,1,0.00020000338554382324
M04||117||knew,M04,117,knew,retain_0.5-2k,0.5-2k,retain,5.12890625,no,no,0,0,67,3,0.00020000338554382324
M04||117||knew,M04,117,knew,remove_0.5-2k,0.5-2k,remove,4.6875,new,knew,1,0,1,1,0.00020000338554382324
M04||117||knew,M04,117,knew,retain_2-4k,2-4k,retain,4.9140625,no,no,0,0,67,3,0.00020000338554382324
M04||117||knew,M04,117,knew,remove_2-4k,2-4k,remove,4.80078125,no,no,0,0,67,3,0.00020000338554382324
M04||117||knew,M04,117,knew,retain_4-8k,4-8k,retain,5.02734375,no,no,0,0,67,3,0.00020000338554382324
M04||117||knew,M04,117,knew,remove_4-8k,4-8k,remove,4.76171875,no,no,0,0,67,3,0.00020000338554382324
M04||140||bear,M04,140,bear,retain_0-0.5k,0-0.5k,retain,5.3359375,there,here,0,0,49,4,0.00020000338554382324
M04||140||bear,M04,140,bear,remove_0-0.5k,0-0.5k,remove,4.44921875,bear,bear,1,1,1,0,0.00020000338554382324
M04||140||bear,M04,140,bear,retain_0.5-2k,0.5-2k,retain,5.09375,there,here,0,0,49,4,0.00020000338554382324
M04||140||bear,M04,140,bear,remove_0.5-2k,0.5-2k,remove,4.66015625,there,here,0,0,49,4,0.00020000338554382324
M04||140||bear,M04,140,bear,retain_2-4k,2-4k,retain,4.94140625,there,here,0,0,49,4,0.00020000338554382324
M04||140||bear,M04,140,bear,remove_2-4k,2-4k,remove,4.7890625,there,here,0,0,49,4,0.00020000338554382324
M04||140||bear,M04,140,bear,retain_4-8k,4-8k,retain,5.015625,there,here,0,0,49,4,0.00020000338554382324
M04||140||bear,M04,140,bear,remove_4-8k,4-8k,remove,4.71484375,there,here,0,0,49,4,0.00020000338554382324
M04||141||bear,M04,141,bear,retain_0-0.5k,0-0.5k,retain,5.40234375,buh,bug,0,0,22,3,0.00018111616373062134
M04||141||bear,M04,141,bear,remove_0-0.5k,0-0.5k,remove,4.515625,bear,bear,1,1,1,0,0.00020000338554382324
M04||141||bear,M04,141,bear,retain_0.5-2k,0.5-2k,retain,5.1328125,bear,bear,1,1,1,0,0.00020000338554382324
M04||141||bear,M04,141,bear,remove_0.5-2k,0.5-2k,remove,4.58984375,bear,bear,1,1,1,0,0.00020000338554382324
M04||141||bear,M04,141,bear,retain_2-4k,2-4k,retain,4.88671875,bear,bear,1,1,1,0,0.00020000338554382324
M04||141||bear,M04,141,bear,remove_2-4k,2-4k,remove,4.66796875,bear,bear,1,1,1,0,0.00020000338554382324
M04||141||bear,M04,141,bear,retain_4-8k,4-8k,retain,4.9140625,bear,bear,1,1,1,0,0.00020000338554382324
M04||141||bear,M04,141,bear,remove_4-8k,4-8k,remove,4.671875,bear,bear,1,1,1,0,0.00020000338554382324
M04||142||floor,M04,142,floor,retain_0-0.5k,0-0.5k,retain,4.41015625,more,mere,0,0,149,4,0.00015473971143364906
M04||142||floor,M04,142,floor,remove_0-0.5k,0-0.5k,remove,3.568359375,floor,floor,1,1,1,0,0.00020000338554382324
M04||142||floor,M04,142,floor,retain_0.5-2k,0.5-2k,retain,4.0546875,floor,floor,1,1,1,0,0.00020000338554382324
M04||142||floor,M04,142,floor,remove_0.5-2k,0.5-2k,remove,3.626953125,floor,floor,1,1,1,0,0.00020000338554382324
M04||142||floor,M04,142,floor,retain_2-4k,2-4k,retain,3.85546875,floor,floor,1,1,1,0,0.00020000338554382324
M04||142||floor,M04,142,floor,remove_2-4k,2-4k,remove,3.654296875,floor,floor,1,1,1,0,0.00020000338554382324
M04||142||floor,M04,142,floor,retain_4-8k,4-8k,retain,3.7890625,floor,floor,1,1,1,0,0.00020000338554382324
M04||142||floor,M04,142,floor,remove_4-8k,4-8k,remove,3.681640625,floor,floor,1,1,1,0,0.00020000338554382324
M04||145||three,M04,145,three,retain_0-0.5k,0-0.5k,retain,5.4140625,,a,0,0,268,5,0.00016701221466064453
M04||145||three,M04,145,three,remove_0-0.5k,0-0.5k,remove,4.9375,three,three,1,1,1,0,0.00020000338554382324
M04||145||three,M04,145,three,retain_0.5-2k,0.5-2k,retain,5.28125,,a,0,0,268,5,0.00020000338554382324
M04||145||three,M04,145,three,remove_0.5-2k,0.5-2k,remove,5.0234375,three,three,1,1,1,0,0.00020000338554382324
M04||145||three,M04,145,three,retain_2-4k,2-4k,retain,5.20703125,three,three,1,1,1,0,0.00020000338554382324
M04||145||three,M04,145,three,remove_2-4k,2-4k,remove,5.0625,three,three,1,1,1,0,0.00020000338554382324
M04||145||three,M04,145,three,retain_4-8k,4-8k,retain,5.1875,three,three,1,1,1,0,0.00020000338554382324
M04||145||three,M04,145,three,remove_4-8k,4-8k,remove,5.07421875,three,three,1,1,1,0,0.00020000338554382324
M04||161||group,M04,161,group,retain_0-0.5k,0-0.5k,retain,5.92578125,goop,loop,0,0,11,2,0.0002000001259148121
M04||161||group,M04,161,group,remove_0-0.5k,0-0.5k,remove,4.48828125,group,group,1,1,1,0,0.00020000338554382324
M04||161||group,M04,161,group,retain_0.5-2k,0.5-2k,retain,5.20703125,boop,boot,0,0,50,3,0.00020000338554382324
M04||161||group,M04,161,group,remove_0.5-2k,0.5-2k,remove,4.828125,group,group,1,1,1,0,0.00020000338554382324
M04||161||group,M04,161,group,retain_2-4k,2-4k,retain,5.140625,group,group,1,1,1,0,0.00020000338554382324
M04||161||group,M04,161,group,remove_2-4k,2-4k,remove,4.828125,group,group,1,1,1,0,0.00020000338554382324
M04||161||group,M04,161,group,retain_4-8k,4-8k,retain,5.38671875,goop,loop,0,0,11,2,0.00020000338554382324
M04||161||group,M04,161,group,remove_4-8k,4-8k,remove,4.6640625,group,group,1,1,1,0,0.00020000338554382324
M04||164||slay,M04,164,slay,retain_0-0.5k,0-0.5k,retain,4.421875,play,play,0,0,3,1,0.00019411742687225342
M04||164||slay,M04,164,slay,remove_0-0.5k,0-0.5k,remove,3.365234375,slay,slay,1,1,1,0,0.00020000338554382324
M04||164||slay,M04,164,slay,retain_0.5-2k,0.5-2k,retain,3.865234375,play,play,0,0,3,1,0.00020000338554382324
M04||164||slay,M04,164,slay,remove_0.5-2k,0.5-2k,remove,3.466796875,play,play,0,0,3,1,0.00020000338554382324
M04||164||slay,M04,164,slay,retain_2-4k,2-4k,retain,3.78515625,play,play,0,0,3,1,0.00020000338554382324
M04||164||slay,M04,164,slay,remove_2-4k,2-4k,remove,3.591796875,play,play,0,0,3,1,0.00020000338554382324
M04||164||slay,M04,164,slay,retain_4-8k,4-8k,retain,3.90234375,play,play,0,0,3,1,0.00020000338554382324
M04||164||slay,M04,164,slay,remove_4-8k,4-8k,remove,3.435546875,play,play,0,0,3,1,0.00020000338554382324
M04||176||galore,M04,176,galore,retain_0-0.5k,0-0.5k,retain,6.07421875,you got it,boot,0,0,100,9,0.0002000001259148121
M04||176||galore,M04,176,galore,remove_0-0.5k,0-0.5k,remove,4.890625,he gathered,galore,1,0,1,7,0.00020000338554382324
M04||176||galore,M04,176,galore,retain_0.5-2k,0.5-2k,retain,5.70703125,he got her,hotel,0,0,49,8,0.00020000338554382324
M04||176||galore,M04,176,galore,remove_0.5-2k,0.5-2k,remove,5.2265625,he gathered,galore,1,0,1,7,0.00020000338554382324
M04||176||galore,M04,176,galore,retain_2-4k,2-4k,retain,5.53515625,you gather,ate,0,0,61,8,0.00020000338554382324
M04||176||galore,M04,176,galore,remove_2-4k,2-4k,remove,5.39453125,he gathered,galore,1,0,1,7,0.00020000338554382324
M04||176||galore,M04,176,galore,retain_4-8k,4-8k,retain,5.81640625,you gather,ate,0,0,61,8,0.00020000338554382324
M04||176||galore,M04,176,galore,remove_4-8k,4-8k,remove,5.1015625,he gathered,galore,1,0,1,7,0.00020000338554382324
M04||177||root,M04,177,root,retain_0-0.5k,0-0.5k,retain,5.14453125,food,boot,0,0,13,2,0.0002000001259148121
M04||177||root,M04,177,root,remove_0-0.5k,0-0.5k,remove,4.06640625,root,root,1,1,1,0,0.00020000338554382324
M04||177||root,M04,177,root,retain_0.5-2k,0.5-2k,retain,4.77734375,food,boot,0,0,13,2,0.00020000338554382324
M04||177||root,M04,177,root,remove_0.5-2k,0.5-2k,remove,4.3046875,rude,ride,0,0,60,3,0.00020000338554382324
M04||177||root,M04,177,root,retain_2-4k,2-4k,retain,4.640625,food,boot,0,0,13,2,0.00020000338554382324
M04||177||root,M04,177,root,remove_2-4k,2-4k,remove,4.4140625,food,boot,0,0,13,2,0.00020000338554382324
M04||177||root,M04,177,root,retain_4-8k,4-8k,retain,4.9140625,food,boot,0,0,13,2,0.00020000338554382324
M04||177||root,M04,177,root,remove_4-8k,4-8k,remove,4.20703125,rude,ride,0,0,60,3,0.00020000338554382324
M04||192||white,M04,192,white,retain_0-0.5k,0-0.5k,retain,6.4453125,what,hat,0,0,14,2,0.00013427436351776123
M04||192||white,M04,192,white,remove_0-0.5k,0-0.5k,remove,4.953125,white,white,1,1,1,0,0.00020000338554382324
M04||192||white,M04,192,white,retain_0.5-2k,0.5-2k,retain,6.078125,what,hat,0,0,14,2,0.00020000338554382324
M04||192||white,M04,192,white,remove_0.5-2k,0.5-2k,remove,5.15625,what if,chair,0,0,6,4,0.00020000338554382324
M04||192||white,M04,192,white,retain_2-4k,2-4k,retain,5.80859375,what,hat,0,0,14,2,0.00020000338554382324
M04||192||white,M04,192,white,remove_2-4k,2-4k,remove,5.30078125,what if,chair,0,0,6,4,0.00020000338554382324
M04||192||white,M04,192,white,retain_4-8k,4-8k,retain,5.83203125,what,hat,0,0,14,2,0.00020000338554382324
M04||192||white,M04,192,white,remove_4-8k,4-8k,remove,5.31640625,what if,chair,0,0,6,4,0.00020000338554382324
M04||193||delta,M04,193,delta,retain_0-0.5k,0-0.5k,retain,4.12890625,don't,dot,0,0,32,4,0.00019656866788864136
M04||193||delta,M04,193,delta,remove_0-0.5k,0-0.5k,remove,3.306640625,delta,delta,1,1,1,0,0.00020000338554382324
M04||193||delta,M04,193,delta,retain_0.5-2k,0.5-2k,retain,3.82421875,don't,dot,0,0,32,4,0.00020000338554382324
M04||193||delta,M04,193,delta,remove_0.5-2k,0.5-2k,remove,3.5,delta,delta,1,1,1,0,0.00020000338554382324
M04||193||delta,M04,193,delta,retain_2-4k,2-4k,retain,3.80078125,do it,dot,0,0,40,4,0.00020000338554382324
M04||193||delta,M04,193,delta,remove_2-4k,2-4k,remove,3.509765625,don't,dot,0,0,32,4,0.00020000338554382324
M04||193||delta,M04,193,delta,retain_4-8k,4-8k,retain,3.83203125,don't,dot,0,0,32,4,0.00020000338554382324
M04||193||delta,M04,193,delta,remove_4-8k,4-8k,remove,3.5078125,delta,delta,1,1,1,0,0.00020000338554382324
M04||209||mut,M04,209,mut,retain_0-0.5k,0-0.5k,retain,6.296875,but,bat,0,0,4,1,0.00016467925161123276
M04||209||mut,M04,209,mut,remove_0-0.5k,0-0.5k,remove,5.4375,mut,mut,1,1,1,0,0.00020000338554382324
M04||209||mut,M04,209,mut,retain_0.5-2k,0.5-2k,retain,5.97265625,but,bat,0,0,4,1,0.00020000338554382324
M04||209||mut,M04,209,mut,remove_0.5-2k,0.5-2k,remove,5.62890625,mut,mut,1,1,1,0,0.00020000338554382324
M04||209||mut,M04,209,mut,retain_2-4k,2-4k,retain,5.90234375,but,bat,0,0,4,1,0.00020000338554382324
M04||209||mut,M04,209,mut,remove_2-4k,2-4k,remove,5.7109375,but,bat,0,0,4,1,0.00020000338554382324
M04||209||mut,M04,209,mut,retain_4-8k,4-8k,retain,6.0625,but,bat,0,0,4,1,0.00020000338554382324
M04||209||mut,M04,209,mut,remove_4-8k,4-8k,remove,5.62109375,mut,mut,1,1,1,0,0.00020000338554382324
M04||223||rocks,M04,223,rocks,retain_0-0.5k,0-0.5k,retain,4.6875,yeah,bear,0,0,266,5,0.00017888657748699188
M04||223||rocks,M04,223,rocks,remove_0-0.5k,0-0.5k,remove,3.443359375,rocks,rocks,1,1,1,0,0.00020000338554382324
M04||223||rocks,M04,223,rocks,retain_0.5-2k,0.5-2k,retain,4.2578125,lack,back,0,0,71,3,0.00020000338554382324
M04||223||rocks,M04,223,rocks,remove_0.5-2k,0.5-2k,remove,3.703125,rock,rock,0,0,3,1,0.00020000338554382324
M04||223||rocks,M04,223,rocks,retain_2-4k,2-4k,retain,3.9921875,rock,rock,0,0,3,1,0.00020000338554382324
M04||223||rocks,M04,223,rocks,remove_2-4k,2-4k,remove,3.880859375,lux,bug,0,0,252,5,0.00020000338554382324
M04||223||rocks,M04,223,rocks,retain_4-8k,4-8k,retain,4.359375,yeah,bear,0,0,266,5,0.00020000338554382324
M04||223||rocks,M04,223,rocks,remove_4-8k,4-8k,remove,3.66796875,rock,rock,0,0,3,1,0.00020000338554382324
M04||239||jungle,M04,239,jungle,retain_0-0.5k,0-0.5k,retain,4.02734375,django,tango,0,0,17,4,0.0002000001259148121
M04||239||jungle,M04,239,jungle,remove_0-0.5k,0-0.5k,remove,3.392578125,jungle,jungle,1,1,1,0,0.00020000338554382324
M04||239||jungle,M04,239,jungle,retain_0.5-2k,0.5-2k,retain,3.69921875,django,tango,0,0,17,4,0.00020000338554382324
M04||239||jungle,M04,239,jungle,remove_0.5-2k,0.5-2k,remove,3.58203125,django,tango,0,0,17,4,0.00020000338554382324
M04||239||jungle,M04,239,jungle,retain_2-4k,2-4k,retain,3.744140625,django,tango,0,0,17,4,0.00020000338554382324
M04||239||jungle,M04,239,jungle,remove_2-4k,2-4k,remove,3.521484375,django,tango,0,0,17,4,0.00020000338554382324
M04||239||jungle,M04,239,jungle,retain_4-8k,4-8k,retain,3.822265625,django,tango,0,0,17,4,0.00020000338554382324
M04||239||jungle,M04,239,jungle,remove_4-8k,4-8k,remove,3.478515625,jungle,jungle,1,1,1,0,0.00020000338554382324
M04||265||shoot,M04,265,shoot,retain_0-0.5k,0-0.5k,retain,4.015625,choo choo,catch,0,0,4,6,0.00019816041458398104
M04||265||shoot,M04,265,shoot,remove_0-0.5k,0-0.5k,remove,3.3125,shoot,shoot,1,1,1,0,0.00020000338554382324
M04||265||shoot,M04,265,shoot,retain_0.5-2k,0.5-2k,retain,3.541015625,shoot,shoot,1,1,1,0,0.00020000338554382324
M04||265||shoot,M04,265,shoot,remove_0.5-2k,0.5-2k,remove,3.369140625,shoot,shoot,1,1,1,0,0.00020000338554382324
M04||265||shoot,M04,265,shoot,retain_2-4k,2-4k,retain,3.57421875,shoot,shoot,1,1,1,0,0.00020000338554382324
M04||265||shoot,M04,265,shoot,remove_2-4k,2-4k,remove,3.36328125,shoot,shoot,1,1,1,0,0.00020000338554382324
M04||265||shoot,M04,265,shoot,retain_4-8k,4-8k,retain,3.55859375,shoot,shoot,1,1,1,0,0.00020000338554382324
M04||265||shoot,M04,265,shoot,remove_4-8k,4-8k,remove,3.390625,shoot,shoot,1,1,1,0,0.00020000338554382324
M04||266||fate,M04,266,fate,retain_0-0.5k,0-0.5k,retain,4.5703125,faith,fair,0,0,3,2,0.0002000001259148121
M04||266||fate,M04,266,fate,remove_0-0.5k,0-0.5k,remove,4.0390625,fate,fate,1,1,1,0,0.00020000338554382324
M04||266||fate,M04,266,fate,retain_0.5-2k,0.5-2k,retain,4.359375,faith,fair,0,0,3,2,0.00020000338554382324
M04||266||fate,M04,266,fate,remove_0.5-2k,0.5-2k,remove,4.125,fate,fate,1,1,1,0,0.00020000338554382324
M04||266||fate,M04,266,fate,retain_2-4k,2-4k,retain,4.22265625,fate,fate,1,1,1,0,0.00020000338554382324
M04||266||fate,M04,266,fate,remove_2-4k,2-4k,remove,4.23046875,fate,fate,1,1,1,0,0.00020000338554382324
M04||266||fate,M04,266,fate,retain_4-8k,4-8k,retain,4.51171875,faith,fair,0,0,3,2,0.00020000338554382324
M04||266||fate,M04,266,fate,remove_4-8k,4-8k,remove,4.06640625,fate,fate,1,1,1,0,0.00020000338554382324
M04||297||bit,M04,297,bit,retain_0-0.5k,0-0.5k,retain,5.3984375,but,bat,0,0,2,1,0.0001852423301897943
M04||297||bit,M04,297,bit,remove_0-0.5k,0-0.5k,remove,4.3125,bit,bit,1,1,1,0,0.00020000338554382324
M04||297||bit,M04,297,bit,retain_0.5-2k,0.5-2k,retain,4.83203125,bit,bit,1,1,1,0,0.00020000338554382324
M04||297||bit,M04,297,bit,remove_0.5-2k,0.5-2k,remove,4.453125,bit,bit,1,1,1,0,0.00020000338554382324
M04||297||bit,M04,297,bit,retain_2-4k,2-4k,retain,4.77734375,bit,bit,1,1,1,0,0.00020000338554382324
M04||297||bit,M04,297,bit,remove_2-4k,2-4k,remove,4.4375,bit,bit,1,1,1,0,0.00020000338554382324
M04||297||bit,M04,297,bit,retain_4-8k,4-8k,retain,5.03515625,but,bat,0,0,2,1,0.00020000338554382324
M04||297||bit,M04,297,bit,remove_4-8k,4-8k,remove,4.41796875,bit,bit,1,1,1,0,0.00020000338554382324
M05||6||train,M05,6,train,retain_0-0.5k,0-0.5k,retain,3.603515625,queen,quebec,0,0,119,4,0.00019999966025352478
M05||6||train,M05,6,train,remove_0-0.5k,0-0.5k,remove,2.734375,train,train,1,1,1,0,0.00020000338554382324
M05||6||train,M05,6,train,retain_0.5-2k,0.5-2k,retain,3.337890625,queen,quebec,0,0,119,4,0.00020000338554382324
M05||6||train,M05,6,train,remove_0.5-2k,0.5-2k,remove,2.85546875,train,train,1,1,1,0,0.00020000338554382324
M05||6||train,M05,6,train,retain_2-4k,2-4k,retain,3.2578125,queen,quebec,0,0,119,4,0.00020000338554382324
M05||6||train,M05,6,train,remove_2-4k,2-4k,remove,2.908203125,train,train,1,1,1,0,0.00020000338554382324
M05||6||train,M05,6,train,retain_4-8k,4-8k,retain,3.099609375,queen,quebec,0,0,119,4,0.00020000338554382324
M05||6||train,M05,6,train,remove_4-8k,4-8k,remove,3.04296875,queen,quebec,0,0,119,4,0.00020000338554382324
M05||23||trade,M05,23,trade,retain_0-0.5k,0-0.5k,retain,4.02734375,d,a,0,0,207,4,0.00018244609236717224
M05||23||trade,M05,23,trade,remove_0-0.5k,0-0.5k,remove,3.216796875,trade,trade,1,1,1,0,0.00020000338554382324
M05||23||trade,M05,23,trade,retain_0.5-2k,0.5-2k,retain,3.76171875,trade the,trade,1,0,1,4,0.00020000338554382324
M05||23||trade,M05,23,trade,remove_0.5-2k,0.5-2k,remove,3.28125,trade,trade,1,1,1,0,0.00020000338554382324
M05||23||trade,M05,23,trade,retain_2-4k,2-4k,retain,3.66015625,trade the,trade,1,0,1,4,0.00020000338554382324
M05||23||trade,M05,23,trade,remove_2-4k,2-4k,remove,3.314453125,trade,trade,1,1,1,0,0.00020000338554382324
M05||23||trade,M05,23,trade,retain_4-8k,4-8k,retain,3.474609375,trade,trade,1,1,1,0,0.00020000338554382324
M05||23||trade,M05,23,trade,remove_4-8k,4-8k,remove,3.46875,trade,trade,1,1,1,0,0.00020000338554382324
M05||59||range,M05,59,range,retain_0-0.5k,0-0.5k,retain,4.5,wind,and,0,0,186,4,0.00020000338554382324
M05||59||range,M05,59,range,remove_0-0.5k,0-0.5k,remove,3.76953125,ringe,range,1,0,1,1,0.00020000338554382324
M05||59||range,M05,59,range,retain_0.5-2k,0.5-2k,retain,4.37109375,wind,and,0,0,186,4,0.00020000338554382324
M05||59||range,M05,59,range,remove_0.5-2k,0.5-2k,remove,3.869140625,ringe,range,1,0,1,1,0.00020000338554382324
M05||59||range,M05,59,range,retain_2-4k,2-4k,retain,4.21875,gringe,range,1,0,1,2,0.00020000338554382324
M05||59||range,M05,59,range,remove_2-4k,2-4k,remove,3.98828125,gringe,range,1,0,1,2,0.00020000338554382324
M05||59||range,M05,59,range,retain_4-8k,4-8k,retain,4.125,gringe,range,1,0,1,2,0.00020000338554382324
M05||59||range,M05,59,range,remove_4-8k,4-8k,remove,4.0859375,gringe,range,1,0,1,2,0.00020000338554382324
M05||68||fee,M05,68,fee,retain_0-0.5k,0-0.5k,retain,4.2421875,fiii,fair,0,0,17,3,0.0001614093780517578
M05||68||fee,M05,68,fee,remove_0-0.5k,0-0.5k,remove,3.771484375,free,fee,1,0,1,1,0.00020000338554382324
M05||68||fee,M05,68,fee,retain_0.5-2k,0.5-2k,retain,4.125,fiii,fair,0,0,17,3,0.00020000338554382324
M05||68||fee,M05,68,fee,remove_0.5-2k,0.5-2k,remove,3.859375,free,fee,1,0,1,1,0.00020000338554382324
M05||68||fee,M05,68,fee,retain_2-4k,2-4k,retain,4.09765625,fee,fee,1,1,1,0,0.00020000338554382324
M05||68||fee,M05,68,fee,remove_2-4k,2-4k,remove,3.87890625,free,fee,1,0,1,1,0.00020000338554382324
M05||68||fee,M05,68,fee,retain_4-8k,4-8k,retain,3.984375,free,fee,1,0,1,1,0.00020000338554382324
M05||68||fee,M05,68,fee,remove_4-8k,4-8k,remove,3.978515625,fee,fee,1,1,1,0,0.00020000338554382324
M05||79||beat,M05,79,beat,retain_0-0.5k,0-0.5k,retain,5.60546875,bit,bit,0,0,11,2,0.00018163444474339485
M05||79||beat,M05,79,beat,remove_0-0.5k,0-0.5k,remove,5.2265625,beat,beat,1,1,1,0,0.00020000338554382324
M05||79||beat,M05,79,beat,retain_0.5-2k,0.5-2k,retain,5.515625,bit,bit,0,0,11,2,0.00020000338554382324
M05||79||beat,M05,79,beat,remove_0.5-2k,0.5-2k,remove,5.30078125,bit,bit,0,0,11,2,0.00020000338554382324
M05||79||beat,M05,79,beat,retain_2-4k,2-4k,retain,5.47265625,bit,bit,0,0,11,2,0.00020000338554382324
M05||79||beat,M05,79,beat,remove_2-4k,2-4k,remove,5.3359375,bit,bit,0,0,11,2,0.00020000338554382324
M05||79||beat,M05,79,beat,retain_4-8k,4-8k,retain,5.4140625,bit,bit,0,0,11,2,0.00020000338554382324
M05||79||beat,M05,79,beat,remove_4-8k,4-8k,remove,5.39453125,bit,bit,0,0,11,2,0.00020000338554382324
M05||102||car,M05,102,car,retain_0-0.5k,0-0.5k,retain,6.24609375,close,cope,0,0,32,4,0.0002000001259148121
M05||102||car,M05,102,car,remove_0-0.5k,0-0.5k,remove,5.4140625,curr,car,1,0,1,2,0.00020000338554382324
M05||102||car,M05,102,car,retain_0.5-2k,0.5-2k,retain,5.99609375,close,cope,0,0,32,4,0.00020000338554382324
M05||102||car,M05,102,car,remove_0.5-2k,0.5-2k,remove,5.5234375,curse,cake,0,0,2,3,0.00020000338554382324
M05||102||car,M05,102,car,retain_2-4k,2-4k,retain,5.84765625,close,cope,0,0,32,4,0.00020000338554382324
M05||102||car,M05,102,car,remove_2-4k,2-4k,remove,5.59375,curse,cake,0,0,2,3,0.00020000338554382324
M05||102||car,M05,102,car,retain_4-8k,4-8k,retain,5.75390625,close,cope,0,0,32,4,0.00020000338554382324
M05||102||car,M05,102,car,remove_4-8k,4-8k,remove,5.66796875,close,cope,0,0,32,4,0.00020000338554382324
M05||108||sticks,M05,108,sticks,retain_0-0.5k,0-0.5k,retain,5.0546875,dicks,dice,0,0,4,2,0.00016525434330105782
M05||108||sticks,M05,108,sticks,remove_0-0.5k,0-0.5k,remove,4.09765625,sticks,sticks,1,1,1,0,0.00020000338554382324
M05||108||sticks,M05,108,sticks,retain_0.5-2k,0.5-2k,retain,4.58984375,sticks,sticks,1,1,1,0,0.00020000338554382324
M05||108||sticks,M05,108,sticks,remove_0.5-2k,0.5-2k,remove,4.1796875,sticks,sticks,1,1,1,0,0.00020000338554382324
M05||108||sticks,M05,108,sticks,retain_2-4k,2-4k,retain,4.53515625,sticks,sticks,1,1,1,0,0.00020000338554382324
M05||108||sticks,M05,108,sticks,remove_2-4k,2-4k,remove,4.1875,sticks,sticks,1,1,1,0,0.00020000338554382324
M05||108||sticks,M05,108,sticks,retain_4-8k,4-8k,retain,4.375,sticks,sticks,1,1,1,0,0.00020000338554382324
M05||108||sticks,M05,108,sticks,remove_4-8k,4-8k,remove,4.26171875,sticks,sticks,1,1,1,0,0.00020000338554382324
M05||115||beat,M05,115,beat,retain_0-0.5k,0-0.5k,retain,4.484375,great,area,0,0,2,2,0.00020000338554382324
M05||115||beat,M05,115,beat,remove_0-0.5k,0-0.5k,remove,3.779296875,beat,beat,1,1,1,0,0.00020000338554382324
M05||115||beat,M05,115,beat,retain_0.5-2k,0.5-2k,retain,4.30859375,great,area,0,0,2,2,0.00020000338554382324
M05||115||beat,M05,115,beat,remove_0.5-2k,0.5-2k,remove,3.900390625,beat,beat,1,1,1,0,0.00020000338554382324
M05||115||beat,M05,115,beat,retain_2-4k,2-4k,retain,4.1875,beat,beat,1,1,1,0,0.00020000338554382324
M05||115||beat,M05,115,beat,remove_2-4k,2-4k,remove,3.9609375,beat,beat,1,1,1,0,0.00020000338554382324
M05||115||beat,M05,115,beat,retain_4-8k,4-8k,retain,4.12890625,great,area,0,0,2,2,0.00020000338554382324
M05||115||beat,M05,115,beat,remove_4-8k,4-8k,remove,4.046875,beat,beat,1,1,1,0,0.00020000338554382324
M05||117||gadget,M05,117,gadget,retain_0-0.5k,0-0.5k,retain,4.52734375,get it,beat,0,0,9,4,0.00019429391250014305
M05||117||gadget,M05,117,gadget,remove_0-0.5k,0-0.5k,remove,3.109375,gadget,gadget,1,1,1,0,0.00020000338554382324
M05||117||gadget,M05,117,gadget,retain_0.5-2k,0.5-2k,retain,4.00390625,get it,beat,0,0,9,4,0.00020000338554382324
M05||117||gadget,M05,117,gadget,remove_0.5-2k,0.5-2k,remove,3.21484375,gadget,gadget,1,1,1,0,0.00020000338554382324
M05||117||gadget,M05,117,gadget,retain_2-4k,2-4k,retain,3.8125,gadget,gadget,1,1,1,0,0.00020000338554382324
M05||117||gadget,M05,117,gadget,remove_2-4k,2-4k,remove,3.287109375,gadget,gadget,1,1,1,0,0.00020000338554382324
M05||117||gadget,M05,117,gadget,retain_4-8k,4-8k,retain,3.568359375,gadget,gadget,1,1,1,0,0.00020000338554382324
M05||117||gadget,M05,117,gadget,remove_4-8k,4-8k,remove,3.419921875,gadget,gadget,1,1,1,0,0.00020000338554382324
M05||119||grow,M05,119,grow,retain_0-0.5k,0-0.5k,retain,6.03125,go,go,0,0,11,2,0.00020000338554382324
M05||119||grow,M05,119,grow,remove_0-0.5k,0-0.5k,remove,4.78515625,grow,grow,1,1,1,0,0.00020000338554382324
M05||119||grow,M05,119,grow,retain_0.5-2k,0.5-2k,retain,5.6015625,go,go,0,0,11,2,0.00020000338554382324
M05||119||grow,M05,119,grow,remove_0.5-2k,0.5-2k,remove,4.86328125,grow,grow,1,1,1,0,0.00020000338554382324
M05||119||grow,M05,119,grow,retain_2-4k,2-4k,retain,5.3125,grow,grow,1,1,1,0,0.00020000338554382324
M05||119||grow,M05,119,grow,remove_2-4k,2-4k,remove,4.95703125,grow,grow,1,1,1,0,0.00020000338554382324
M05||119||grow,M05,119,grow,retain_4-8k,4-8k,retain,5.1796875,grow,grow,1,1,1,0,0.00020000338554382324
M05||119||grow,M05,119,grow,remove_4-8k,4-8k,remove,5.08203125,grow,grow,1,1,1,0,0.00020000338554382324
M05||130||dark,M05,130,dark,retain_0-0.5k,0-0.5k,retain,4.93359375,d d d e e e e e,deer,0,0,64,14,0.00019999966025352478
M05||130||dark,M05,130,dark,remove_0-0.5k,0-0.5k,remove,4.5703125,d d d i k,dark,1,0,1,7,0.00020000338554382324
M05||130||dark,M05,130,dark,retain_0.5-2k,0.5-2k,retain,4.828125,d d d e e e e e,deer,0,0,64,14,0.00020000338554382324
M05||130||dark,M05,130,dark,remove_0.5-2k,0.5-2k,remove,4.6328125,d d d i k,dark,1,0,1,7,0.00020000338554382324
M05||130||dark,M05,130,dark,retain_2-4k,2-4k,retain,4.78125,d d d e e e e e,deer,0,0,64,14,0.00020000338554382324
M05||130||dark,M05,130,dark,remove_2-4k,2-4k,remove,4.67578125,d d d i k,dark,1,0,1,7,0.00020000338554382324
M05||130||dark,M05,130,dark,retain_4-8k,4-8k,retain,4.7890625,d d d i k,dark,1,0,1,7,0.00020000338554382324
M05||130||dark,M05,130,dark,remove_4-8k,4-8k,remove,4.6796875,d d d i k,dark,1,0,1,7,0.00020000338554382324
M05||4||sleep,M05,4,sleep,retain_0-0.5k,0-0.5k,retain,7.11328125,i'm going to show you how to use the video,thought,0,0,114,39,0.00016456050798296928
M05||4||sleep,M05,4,sleep,remove_0-0.5k,0-0.5k,remove,3.658203125,sleep,sleep,1,1,1,0,0.00020000338554382324
M05||4||sleep,M05,4,sleep,retain_0.5-2k,0.5-2k,retain,6.546875,,a,0,0,253,5,0.00020000338554382324
M05||4||sleep,M05,4,sleep,remove_0.5-2k,0.5-2k,remove,3.685546875,sleep,sleep,1,1,1,0,0.00020000338554382324
M05||4||sleep,M05,4,sleep,retain_2-4k,2-4k,retain,6.0,silly,bill,0,0,83,4,0.00020000338554382324
M05||4||sleep,M05,4,sleep,remove_2-4k,2-4k,remove,4.5234375,sleep,sleep,1,1,1,0,0.00020000338554382324
M05||4||sleep,M05,4,sleep,retain_4-8k,4-8k,retain,6.27734375,silly,bill,0,0,83,4,0.00020000338554382324
M05||4||sleep,M05,4,sleep,remove_4-8k,4-8k,remove,4.28125,sleep,sleep,1,1,1,0,0.00020000338554382324
M05||5||explore,M05,5,explore,retain_0-0.5k,0-0.5k,retain,4.21484375,x glow,glow,0,0,26,5,0.00019262306159362197
M05||5||explore,M05,5,explore,remove_0-0.5k,0-0.5k,remove,2.9453125,explore,explore,1,1,1,0,0.00020000338554382324
M05||5||explore,M05,5,explore,retain_0.5-2k,0.5-2k,retain,3.3046875,explore,explore,1,1,1,0,0.00020000338554382324
M05||5||explore,M05,5,explore,remove_0.5-2k,0.5-2k,remove,3.009765625,explore,explore,1,1,1,0,0.00020000338554382324
M05||5||explore,M05,5,explore,retain_2-4k,2-4k,retain,3.333984375,explore,explore,1,1,1,0,0.00020000338554382324
M05||5||explore,M05,5,explore,remove_2-4k,2-4k,remove,3.048828125,explore,explore,1,1,1,0,0.00020000338554382324
M05||5||explore,M05,5,explore,retain_4-8k,4-8k,retain,3.2421875,x gl o r,floor,0,0,7,6,0.00020000338554382324
M05||5||explore,M05,5,explore,remove_4-8k,4-8k,remove,3.19921875,explore,explore,1,1,1,0,0.00020000338554382324
M05||17||prior,M05,17,prior,retain_0-0.5k,0-0.5k,retain,4.3359375,fire,five,0,0,209,4,0.00016647344455122948
M05||17||prior,M05,17,prior,remove_0-0.5k,0-0.5k,remove,3.224609375,prior,prior,1,1,1,0,0.00020000338554382324
M05||17||prior,M05,17,prior,retain_0.5-2k,0.5-2k,retain,4.03125,p o a y e r,dagger,0,0,58,9,0.00020000338554382324
M05||17||prior,M05,17,prior,remove_0.5-2k,0.5-2k,remove,3.484375,p p p r e r,explore,0,0,3,8,0.00020000338554382324
M05||17||prior,M05,17,prior,retain_2-4k,2-4k,retain,3.849609375,p p p p p p p p,papa,0,0,26,14,0.00020000338554382324
M05||17||prior,M05,17,prior,remove_2-4k,2-4k,remove,3.640625,p p p p p p p p,papa,0,0,26,14,0.00020000338554382324
M05||17||prior,M05,17,prior,retain_4-8k,4-8k,retain,4.0390625,fire,five,0,0,209,4,0.00020000338554382324
M05||17||prior,M05,17,prior,remove_4-8k,4-8k,remove,3.45703125,prior,prior,1,1,1,0,0.00020000338554382324
M05||18||prior,M05,18,prior,retain_0-0.5k,0-0.5k,retain,5.4375,hi,he,0,0,191,4,0.00016447040252387524
M05||18||prior,M05,18,prior,remove_0-0.5k,0-0.5k,remove,3.515625,prior,prior,1,1,1,0,0.00020000338554382324
M05||18||prior,M05,18,prior,retain_0.5-2k,0.5-2k,retain,4.91796875,who are you,share,0,0,95,9,0.00020000338554382324
M05||18||prior,M05,18,prior,remove_0.5-2k,0.5-2k,remove,3.7890625,prior,prior,1,1,1,0,0.00020000338554382324
M05||18||prior,M05,18,prior,retain_2-4k,2-4k,retain,4.390625,cryer,cheer,0,0,11,3,0.00020000338554382324
M05||18||prior,M05,18,prior,remove_2-4k,2-4k,remove,3.87109375,pryer,peer,0,0,2,2,0.00020000338554382324
M05||18||prior,M05,18,prior,retain_4-8k,4-8k,retain,4.4921875,cryer,cheer,0,0,11,3,0.00020000338554382324
M05||18||prior,M05,18,prior,remove_4-8k,4-8k,remove,3.86328125,pryer,peer,0,0,2,2,0.00020000338554382324
M05||22||coupe,M05,22,coupe,retain_0-0.5k,0-0.5k,retain,6.5078125,cool,boot,0,0,18,3,0.00010860152542591095
M05||22||coupe,M05,22,coupe,remove_0-0.5k,0-0.5k,remove,4.70703125,coup,coupe,1,0,1,1,0.00020000338554382324
M05||22||coupe,M05,22,coupe,retain_0.5-2k,0.5-2k,retain,5.890625,q,a,0,0,216,5,0.0002000001259148121
M05||22||coupe,M05,22,coupe,remove_0.5-2k,0.5-2k,remove,4.9296875,coup,coupe,1,0,1,1,0.00020000338554382324
M05||22||coupe,M05,22,coupe,retain_2-4k,2-4k,retain,5.875,coup,coupe,1,0,1,1,0.00020000338554382324
M05||22||coupe,M05,22,coupe,remove_2-4k,2-4k,remove,4.87890625,coup,coupe,1,0,1,1,0.00020000338554382324
M05||22||coupe,M05,22,coupe,retain_4-8k,4-8k,retain,5.67578125,q,a,0,0,216,5,0.00020000338554382324
M05||22||coupe,M05,22,coupe,remove_4-8k,4-8k,remove,5.46875,coup,coupe,1,0,1,1,0.00020000338554382324
M05||35||much,M05,35,much,retain_0-0.5k,0-0.5k,retain,4.265625,m m m m m m m m,farm,0,0,16,14,0.0002000001259148121
M05||35||much,M05,35,much,remove_0-0.5k,0-0.5k,remove,3.302734375,much,much,1,1,1,0,0.00020000338554382324
M05||35||much,M05,35,much,retain_0.5-2k,0.5-2k,retain,3.9375,mutch,much,1,0,1,1,0.00020000338554382324
M05||35||much,M05,35,much,remove_0.5-2k,0.5-2k,remove,3.43359375,much,much,1,1,1,0,0.00020000338554382324
M05||35||much,M05,35,much,retain_2-4k,2-4k,retain,3.84375,mutch,much,1,0,1,1,0.00020000338554382324
M05||35||much,M05,35,much,remove_2-4k,2-4k,remove,3.51171875,much,much,1,1,1,0,0.00020000338554382324
M05||35||much,M05,35,much,retain_4-8k,4-8k,retain,3.84375,mutch,much,1,0,1,1,0.00020000338554382324
M05||35||much,M05,35,much,remove_4-8k,4-8k,remove,3.51171875,much,much,1,1,1,0,0.00020000338554382324
M05||37||group,M05,37,group,retain_0-0.5k,0-0.5k,retain,5.75390625,goop,loop,0,0,11,2,0.00019999989308416843
M05||37||group,M05,37,group,remove_0-0.5k,0-0.5k,remove,4.41796875,group,group,1,1,1,0,0.00020000338554382324
M05||37||group,M05,37,group,retain_0.5-2k,0.5-2k,retain,5.20703125,group,group,1,1,1,0,0.00020000338554382324
M05||37||group,M05,37,group,remove_0.5-2k,0.5-2k,remove,4.640625,group,group,1,1,1,0,0.00020000338554382324
M05||37||group,M05,37,group,retain_2-4k,2-4k,retain,5.02734375,group,group,1,1,1,0,0.00020000338554382324
M05||37||group,M05,37,group,remove_2-4k,2-4k,remove,4.75390625,group,group,1,1,1,0,0.00020000338554382324
M05||37||group,M05,37,group,retain_4-8k,4-8k,retain,5.28125,group,group,1,1,1,0,0.00020000338554382324
M05||37||group,M05,37,group,remove_4-8k,4-8k,remove,4.62109375,group,group,1,1,1,0,0.00020000338554382324
M05||39||fate,M05,39,fate,retain_0-0.5k,0-0.5k,retain,4.74609375,fade,fate,1,0,1,1,0.000166967511177063
M05||39||fate,M05,39,fate,remove_0-0.5k,0-0.5k,remove,3.4921875,fate,fate,1,1,1,0,0.00020000338554382324
M05||39||fate,M05,39,fate,retain_0.5-2k,0.5-2k,retain,3.939453125,i'm fake,cake,0,0,2,5,0.00020000338554382324
M05||39||fate,M05,39,fate,remove_0.5-2k,0.5-2k,remove,3.626953125,fate,fate,1,1,1,0,0.00020000338554382324
M05||39||fate,M05,39,fate,retain_2-4k,2-4k,retain,3.998046875,i'm,ham,0,0,129,4,0.00020000338554382324
M05||39||fate,M05,39,fate,remove_2-4k,2-4k,remove,3.556640625,i'm,ham,0,0,129,4,0.00020000338554382324
M05||39||fate,M05,39,fate,retain_4-8k,4-8k,retain,4.11328125,i'm fake,cake,0,0,2,5,0.00020000338554382324
M05||39||fate,M05,39,fate,remove_4-8k,4-8k,remove,3.642578125,fate,fate,1,1,1,0,0.00020000338554382324
M05||47||rock,M05,47,rock,retain_0-0.5k,0-0.5k,retain,6.3671875,work,cork,0,0,12,2,0.0002000001259148121
M05||47||rock,M05,47,rock,remove_0-0.5k,0-0.5k,remove,4.95703125,rock,rock,1,1,1,0,0.00020000338554382324
M05||47||rock,M05,47,rock,retain_0.5-2k,0.5-2k,retain,5.83984375,wuck,muck,0,0,6,2,0.00020000338554382324
M05||47||rock,M05,47,rock,remove_0.5-2k,0.5-2k,remove,5.15234375,rock,rock,1,1,1,0,0.00020000338554382324
M05||47||rock,M05,47,rock,retain_2-4k,2-4k,retain,5.7265625,ruck,muck,0,0,2,1,0.00020000338554382324
M05||47||rock,M05,47,rock,remove_2-4k,2-4k,remove,5.125,rock,rock,1,1,1,0,0.00020000338554382324
M05||47||rock,M05,47,rock,retain_4-8k,4-8k,retain,5.64453125,ruck,muck,0,0,2,1,0.00020000338554382324
M05||47||rock,M05,47,rock,remove_4-8k,4-8k,remove,5.19140625,rock,rock,1,1,1,0,0.00020000338554382324
M05||52||area,M05,52,area,retain_0-0.5k,0-0.5k,retain,6.6875,yeah,bear,0,0,13,3,0.00015176646411418915
M05||52||area,M05,52,area,remove_0-0.5k,0-0.5k,remove,4.2109375,area,area,1,1,1,0,0.00020000338554382324
M05||52||area,M05,52,area,retain_0.5-2k,0.5-2k,retain,6.1953125,yeah,bear,0,0,13,3,0.00020000338554382324
M05||52||area,M05,52,area,remove_0.5-2k,0.5-2k,remove,4.9375,a y a h,alpha,0,0,2,5,0.00020000338554382324
M05||52||area,M05,52,area,retain_2-4k,2-4k,retain,6.13671875,yeah,bear,0,0,13,3,0.00020000338554382324
M05||52||area,M05,52,area,remove_2-4k,2-4k,remove,4.421875,yeah,bear,0,0,13,3,0.00020000338554382324
M05||52||area,M05,52,area,retain_4-8k,4-8k,retain,5.2265625,yeah,bear,0,0,13,3,0.00020000338554382324
M05||52||area,M05,52,area,remove_4-8k,4-8k,remove,5.21484375,yeah,bear,0,0,13,3,0.00020000338554382324
M05||59||pot,M05,59,pot,retain_0-0.5k,0-0.5k,retain,4.921875,but,bat,0,0,23,2,0.00017675175331532955
M05||59||pot,M05,59,pot,remove_0-0.5k,0-0.5k,remove,4.1953125,pot,pot,1,1,1,0,0.00020000338554382324
M05||59||pot,M05,59,pot,retain_0.5-2k,0.5-2k,retain,4.359375,pot,pot,1,1,1,0,0.00020000338554382324
M05||59||pot,M05,59,pot,remove_0.5-2k,0.5-2k,remove,4.14453125,pot,pot,1,1,1,0,0.00020000338554382324
M05||59||pot,M05,59,pot,retain_2-4k,2-4k,retain,4.33203125,pot,pot,1,1,1,0,0.00020000338554382324
M05||59||pot,M05,59,pot,remove_2-4k,2-4k,remove,4.23828125,pot,pot,1,1,1,0,0.00020000338554382324
M05||59||pot,M05,59,pot,retain_4-8k,4-8k,retain,4.41796875,pot,pot,1,1,1,0,0.00020000338554382324
M05||59||pot,M05,59,pot,remove_4-8k,4-8k,remove,4.23046875,pot,pot,1,1,1,0,0.00020000338554382324
M05||63||of,M05,63,of,retain_0-0.5k,0-0.5k,retain,5.75390625,oh,oh,0,0,2,1,0.00020000000949949026
M05||63||of,M05,63,of,remove_0-0.5k,0-0.5k,remove,3.94140625,of,of,1,1,1,0,0.00020000338554382324
M05||63||of,M05,63,of,retain_0.5-2k,0.5-2k,retain,4.33203125,of,of,1,1,1,0,0.00020000338554382324
M05||63||of,M05,63,of,remove_0.5-2k,0.5-2k,remove,4.02734375,of,of,1,1,1,0,0.00020000338554382324
M05||63||of,M05,63,of,retain_2-4k,2-4k,retain,4.33984375,oh,oh,0,0,2,1,0.00020000338554382324
M05||63||of,M05,63,of,remove_2-4k,2-4k,remove,4.0,of,of,1,1,1,0,0.00020000338554382324
M05||63||of,M05,63,of,retain_4-8k,4-8k,retain,4.54296875,oh,oh,0,0,2,1,0.00020000338554382324
M05||63||of,M05,63,of,remove_4-8k,4-8k,remove,3.990234375,of,of,1,1,1,0,0.00020000338554382324
M05||67||steer,M05,67,steer,retain_0-0.5k,0-0.5k,retain,4.13671875,still,bill,0,0,26,3,0.00018310709856450558
M05||67||steer,M05,67,steer,remove_0-0.5k,0-0.5k,remove,3.12890625,steer,steer,1,1,1,0,0.00020000338554382324
M05||67||steer,M05,67,steer,retain_0.5-2k,0.5-2k,retain,3.615234375,still,bill,0,0,26,3,0.00020000338554382324
M05||67||steer,M05,67,steer,remove_0.5-2k,0.5-2k,remove,3.212890625,steal,sell,0,0,4,2,0.00020000338554382324
M05||67||steer,M05,67,steer,retain_2-4k,2-4k,retain,3.556640625,still,bill,0,0,26,3,0.00020000338554382324
M05||67||steer,M05,67,steer,remove_2-4k,2-4k,remove,3.24609375,steal,sell,0,0,4,2,0.00020000338554382324
M05||67||steer,M05,67,steer,retain_4-8k,4-8k,retain,3.462890625,steel,steer,1,0,1,1,0.00020000338554382324
M05||67||steer,M05,67,steer,remove_4-8k,4-8k,remove,3.3515625,still,bill,0,0,26,3,0.00020000338554382324
M05||69||cycle,M05,69,cycle,retain_0-0.5k,0-0.5k,retain,6.0390625,second,lend,0,0,70,5,0.00020000000949949026
M05||69||cycle,M05,69,cycle,remove_0-0.5k,0-0.5k,remove,4.2421875,cycle,cycle,1,1,1,0,0.00020000338554382324
M05||69||cycle,M05,69,cycle,retain_0.5-2k,0.5-2k,retain,5.08984375,second,lend,0,0,70,5,0.00020000338554382324
M05||69||cycle,M05,69,cycle,remove_0.5-2k,0.5-2k,remove,4.3515625,cycle,cycle,1,1,1,0,0.00020000338554382324
M05||69||cycle,M05,69,cycle,retain_2-4k,2-4k,retain,4.79296875,circle,cycle,1,0,1,2,0.00020000338554382324
M05||69||cycle,M05,69,cycle,remove_2-4k,2-4k,remove,4.359375,second,lend,0,0,70,5,0.00020000338554382324
M05||69||cycle,M05,69,cycle,retain_4-8k,4-8k,retain,5.328125,second,lend,0,0,70,5,0.00020000338554382324
M05||69||cycle,M05,69,cycle,remove_4-8k,4-8k,remove,4.4921875,cycle,cycle,1,1,1,0,0.00020000338554382324
M05||74||write,M05,74,write,retain_0-0.5k,0-0.5k,retain,6.69921875,right,right,0,0,128,4,0.00018194889707956463
M05||74||write,M05,74,write,remove_0-0.5k,0-0.5k,remove,4.14453125,write,write,1,1,1,0,0.00020000338554382324
M05||74||write,M05,74,write,retain_0.5-2k,0.5-2k,retain,5.203125,right,right,0,0,128,4,0.00020000338554382324
M05||74||write,M05,74,write,remove_0.5-2k,0.5-2k,remove,4.53515625,write,write,1,1,1,0,0.00020000338554382324
M05||74||write,M05,74,write,retain_2-4k,2-4k,retain,5.19921875,right,right,0,0,128,4,0.00020000338554382324
M05||74||write,M05,74,write,remove_2-4k,2-4k,remove,4.48046875,write,write,1,1,1,0,0.00020000338554382324
M05||74||write,M05,74,write,retain_4-8k,4-8k,retain,5.734375,right,right,0,0,128,4,0.00020000338554382324
M05||74||write,M05,74,write,remove_4-8k,4-8k,remove,4.31640625,write,write,1,1,1,0,0.00020000338554382324
M05||75||fruit,M05,75,fruit,retain_0-0.5k,0-0.5k,retain,7.0,who,chop,0,0,259,5,0.00020000000949949026
M05||75||fruit,M05,75,fruit,remove_0-0.5k,0-0.5k,remove,4.5234375,fruit,fruit,1,1,1,0,0.00020000338554382324
M05||75||fruit,M05,75,fruit,retain_0.5-2k,0.5-2k,retain,5.4453125,f,a,0,0,114,4,0.00020000338554382324
M05||75||fruit,M05,75,fruit,remove_0.5-2k,0.5-2k,remove,4.92578125,fruit,fruit,1,1,1,0,0.00020000338554382324
M05||75||fruit,M05,75,fruit,retain_2-4k,2-4k,retain,5.51171875,f,a,0,0,114,4,0.00020000338554382324
M05||75||fruit,M05,75,fruit,remove_2-4k,2-4k,remove,4.8125,fruit,fruit,1,1,1,0,0.00020000338554382324
M05||75||fruit,M05,75,fruit,retain_4-8k,4-8k,retain,6.09765625,f,a,0,0,114,4,0.00020000338554382324
M05||75||fruit,M05,75,fruit,remove_4-8k,4-8k,remove,4.69140625,fruit,fruit,1,1,1,0,0.00020000338554382324
M05||77||pad,M05,77,pad,retain_0-0.5k,0-0.5k,retain,4.6328125,bad,bad,0,0,5,1,0.0002000001259148121
M05||77||pad,M05,77,pad,remove_0-0.5k,0-0.5k,remove,4.19140625,pad,pad,1,1,1,0,0.00020000338554382324
M05||77||pad,M05,77,pad,retain_0.5-2k,0.5-2k,retain,4.359375,bad,bad,0,0,5,1,0.00020000338554382324
M05||77||pad,M05,77,pad,remove_0.5-2k,0.5-2k,remove,4.23046875,pad,pad,1,1,1,0,0.00020000338554382324
M05||77||pad,M05,77,pad,retain_2-4k,2-4k,retain,4.42578125,bad,bad,0,0,5,1,0.00020000338554382324
M05||77||pad,M05,77,pad,remove_2-4k,2-4k,remove,4.171875,pad,pad,1,1,1,0,0.00020000338554382324
M05||77||pad,M05,77,pad,retain_4-8k,4-8k,retain,4.35546875,bad,bad,0,0,5,1,0.00020000338554382324
M05||77||pad,M05,77,pad,remove_4-8k,4-8k,remove,4.125,pad,pad,1,1,1,0,0.00020000338554382324
M05||79||slay,M05,79,slay,retain_0-0.5k,0-0.5k,retain,5.06640625,s z z z z z z z,said,0,0,36,14,0.00020000000949949026
M05||79||slay,M05,79,slay,remove_0-0.5k,0-0.5k,remove,2.998046875,slay,slay,1,1,1,0,0.00020000338554382324
M05||79||slay,M05,79,slay,retain_0.5-2k,0.5-2k,retain,4.296875,s z z z z z z z,said,0,0,36,14,0.00020000338554382324
M05||79||slay,M05,79,slay,remove_0.5-2k,0.5-2k,remove,3.10546875,s lay,slay,1,0,1,1,0.00020000338554382324
M05||79||slay,M05,79,slay,retain_2-4k,2-4k,retain,4.125,s z z z z z z z,said,0,0,36,14,0.00020000338554382324
M05||79||slay,M05,79,slay,remove_2-4k,2-4k,remove,3.0703125,three,three,0,0,289,5,0.00020000338554382324
M05||79||slay,M05,79,slay,retain_4-8k,4-8k,retain,3.84765625,s z z z z z z z,said,0,0,36,14,0.00020000338554382324
M05||79||slay,M05,79,slay,remove_4-8k,4-8k,remove,3.23828125,s z z z z z z z,said,0,0,36,14,0.00020000338554382324
M05||83||toot,M05,83,toot,retain_0-0.5k,0-0.5k,retain,3.642578125,dude,dice,0,0,225,4,0.00019896356388926506
M05||83||toot,M05,83,toot,remove_0-0.5k,0-0.5k,remove,2.48828125,toot,toot,1,1,1,0,0.00020000338554382324
M05||83||toot,M05,83,toot,retain_0.5-2k,0.5-2k,retain,3.005859375,toot,toot,1,1,1,0,0.00020000338554382324
M05||83||toot,M05,83,toot,remove_0.5-2k,0.5-2k,remove,2.626953125,toot,toot,1,1,1,0,0.00020000338554382324
M05||83||toot,M05,83,toot,retain_2-4k,2-4k,retain,3.037109375,toot,toot,1,1,1,0,0.00020000338554382324
M05||83||toot,M05,83,toot,remove_2-4k,2-4k,remove,2.5703125,toot,toot,1,1,1,0,0.00020000338554382324
M05||83||toot,M05,83,toot,retain_4-8k,4-8k,retain,3.009765625,toot,toot,1,1,1,0,0.00020000338554382324
M05||83||toot,M05,83,toot,remove_4-8k,4-8k,remove,2.638671875,toot,toot,1,1,1,0,0.00020000338554382324
M05||103||witch,M05,103,witch,retain_0-0.5k,0-0.5k,retain,4.09765625,which,rich,0,0,5,2,0.0002000001259148121
M05||103||witch,M05,103,witch,remove_0-0.5k,0-0.5k,remove,2.607421875,witch,witch,1,1,1,0,0.00020000338554382324
M05||103||witch,M05,103,witch,retain_0.5-2k,0.5-2k,retain,3.318359375,which,rich,0,0,5,2,0.00020000338554382324
M05||103||witch,M05,103,witch,remove_0.5-2k,0.5-2k,remove,3.208984375,witch,witch,1,1,1,0,0.00020000338554382324
M05||103||witch,M05,103,witch,retain_2-4k,2-4k,retain,3.578125,which,rich,0,0,5,2,0.00020000338554382324
M05||103||witch,M05,103,witch,remove_2-4k,2-4k,remove,2.921875,witch,witch,1,1,1,0,0.00020000338554382324
M05||103||witch,M05,103,witch,retain_4-8k,4-8k,retain,3.7578125,which,rich,0,0,5,2,0.00020000338554382324
M05||103||witch,M05,103,witch,remove_4-8k,4-8k,remove,2.76171875,witch,witch,1,1,1,0,0.00020000338554382324
M05||104||near,M05,104,near,retain_0-0.5k,0-0.5k,retain,4.65234375,no,no,0,0,75,3,0.0001920638605952263
M05||104||near,M05,104,near,remove_0-0.5k,0-0.5k,remove,3.158203125,near,near,1,1,1,0,0.00020000338554382324
M05||104||near,M05,104,near,retain_0.5-2k,0.5-2k,retain,3.771484375,no,no,0,0,75,3,0.00020000338554382324
M05||104||near,M05,104,near,remove_0.5-2k,0.5-2k,remove,3.322265625,no,no,0,0,75,3,0.00020000338554382324
M05||104||near,M05,104,near,retain_2-4k,2-4k,retain,3.580078125,no,no,0,0,75,3,0.00020000338554382324
M05||104||near,M05,104,near,remove_2-4k,2-4k,remove,3.451171875,no,no,0,0,75,3,0.00020000338554382324
M05||104||near,M05,104,near,retain_4-8k,4-8k,retain,4.17578125,no,no,0,0,75,3,0.00020000338554382324
M05||104||near,M05,104,near,remove_4-8k,4-8k,remove,3.197265625,near,near,1,1,1,0,0.00020000338554382324
M05||106||though,M05,106,though,retain_0-0.5k,0-0.5k,retain,7.75,yo,go,0,0,273,5,0.00019922363571822643
M05||106||though,M05,106,though,remove_0-0.5k,0-0.5k,remove,6.3359375,though,though,1,1,1,0,0.00020000338554382324
M05||106||though,M05,106,though,retain_0.5-2k,0.5-2k,retain,7.16015625,yo,go,0,0,273,5,0.00020000338554382324
M05||106||though,M05,106,though,remove_0.5-2k,0.5-2k,remove,6.55859375,so,go,0,0,279,5,0.00020000338554382324
M05||106||though,M05,106,though,retain_2-4k,2-4k,retain,7.109375,yo,go,0,0,273,5,0.00020000338554382324
M05||106||though,M05,106,though,remove_2-4k,2-4k,remove,6.44140625,so,go,0,0,279,5,0.00020000338554382324
M05||106||though,M05,106,though,retain_4-8k,4-8k,retain,7.25390625,yo,go,0,0,273,5,0.00020000338554382324
M05||106||though,M05,106,though,remove_4-8k,4-8k,remove,6.375,so,go,0,0,279,5,0.00020000338554382324
M05||114||we're,M05,114,we're,retain_0-0.5k,0-0.5k,retain,4.609375,we,he,0,0,125,3,0.0002000001259148121
M05||114||we're,M05,114,we're,remove_0-0.5k,0-0.5k,remove,3.703125,we're,we're,1,1,1,0,0.00020000338554382324
M05||114||we're,M05,114,we're,retain_0.5-2k,0.5-2k,retain,4.2890625,we,he,0,0,125,3,0.00020000338554382324
M05||114||we're,M05,114,we're,remove_0.5-2k,0.5-2k,remove,3.876953125,we,he,0,0,125,3,0.00020000338554382324
M05||114||we're,M05,114,we're,retain_2-4k,2-4k,retain,4.296875,we,he,0,0,125,3,0.00020000338554382324
M05||114||we're,M05,114,we're,remove_2-4k,2-4k,remove,3.80078125,we're,we're,1,1,1,0,0.00020000338554382324
M05||114||we're,M05,114,we're,retain_4-8k,4-8k,retain,4.3515625,we,he,0,0,125,3,0.00020000338554382324
M05||114||we're,M05,114,we're,remove_4-8k,4-8k,remove,3.7734375,we,he,0,0,125,3,0.00020000338554382324
M05||119||slip,M05,119,slip,retain_0-0.5k,0-0.5k,retain,4.90234375,see you,see,0,0,132,6,0.00016950885765254498
M05||119||slip,M05,119,slip,remove_0-0.5k,0-0.5k,remove,3.8125,slip,slip,1,1,1,0,0.00020000338554382324
M05||119||slip,M05,119,slip,retain_0.5-2k,0.5-2k,retain,4.58984375,see you,see,0,0,132,6,0.00020000338554382324
M05||119||slip,M05,119,slip,remove_0.5-2k,0.5-2k,remove,3.98046875,slip,slip,1,1,1,0,0.00020000338554382324
M05||119||slip,M05,119,slip,retain_2-4k,2-4k,retain,4.27734375,see you,see,0,0,132,6,0.00020000338554382324
M05||119||slip,M05,119,slip,remove_2-4k,2-4k,remove,4.30078125,see you,see,0,0,132,6,0.00020000338554382324
M05||119||slip,M05,119,slip,retain_4-8k,4-8k,retain,4.60546875,see you,see,0,0,132,6,0.00020000338554382324
M05||119||slip,M05,119,slip,remove_4-8k,4-8k,remove,4.07421875,see you,see,0,0,132,6,0.00020000338554382324
M05||121||troop,M05,121,troop,retain_0-0.5k,0-0.5k,retain,4.05078125,nope,cope,0,0,233,4,0.00019829533994197845
M05||121||troop,M05,121,troop,remove_0-0.5k,0-0.5k,remove,3.357421875,troop,troop,1,1,1,0,0.00020000338554382324
M05||121||troop,M05,121,troop,retain_0.5-2k,0.5-2k,retain,3.814453125,troop,troop,1,1,1,0,0.00020000338554382324
M05||121||troop,M05,121,troop,remove_0.5-2k,0.5-2k,remove,3.4375,troop,troop,1,1,1,0,0.00020000338554382324
M05||121||troop,M05,121,troop,retain_2-4k,2-4k,retain,3.611328125,troop,troop,1,1,1,0,0.00020000338554382324
M05||121||troop,M05,121,troop,remove_2-4k,2-4k,remove,3.580078125,troop,troop,1,1,1,0,0.00020000338554382324
M05||121||troop,M05,121,troop,retain_4-8k,4-8k,retain,3.7890625,troop,troop,1,1,1,0,0.00020000338554382324
M05||121||troop,M05,121,troop,remove_4-8k,4-8k,remove,3.453125,troop,troop,1,1,1,0,0.00020000338554382324
M05||127||fear,M05,127,fear,retain_0-0.5k,0-0.5k,retain,4.65625,fee fee,fee,0,0,8,5,0.0002000001259148121
M05||127||fear,M05,127,fear,remove_0-0.5k,0-0.5k,remove,3.220703125,fear,fear,1,1,1,0,0.00020000338554382324
M05||127||fear,M05,127,fear,retain_0.5-2k,0.5-2k,retain,4.125,fee fee,fee,0,0,8,5,0.00020000338554382324
M05||127||fear,M05,127,fear,remove_0.5-2k,0.5-2k,remove,3.416015625,fear,fear,1,1,1,0,0.00020000338554382324
M05||127||fear,M05,127,fear,retain_2-4k,2-4k,retain,3.8828125,fear,fear,1,1,1,0,0.00020000338554382324
M05||127||fear,M05,127,fear,remove_2-4k,2-4k,remove,3.599609375,fear,fear,1,1,1,0,0.00020000338554382324
M05||127||fear,M05,127,fear,retain_4-8k,4-8k,retain,4.08203125,fee fee,fee,0,0,8,5,0.00020000338554382324
M05||127||fear,M05,127,fear,remove_4-8k,4-8k,remove,3.423828125,fear,fear,1,1,1,0,0.00020000338554382324
M05||149||six,M05,149,six,retain_0-0.5k,0-0.5k,retain,6.1640625,thanks,hand,0,0,296,6,0.00020000000949949026
M05||149||six,M05,149,six,remove_0-0.5k,0-0.5k,remove,5.10546875,six,six,1,1,1,0,0.00020000338554382324
M05||149||six,M05,149,six,retain_0.5-2k,0.5-2k,retain,5.5859375,six,six,1,1,1,0,0.00020000338554382324
M05||149||six,M05,149,six,remove_0.5-2k,0.5-2k,remove,5.1953125,six,six,1,1,1,0,0.00020000338554382324
M05||149||six,M05,149,six,retain_2-4k,2-4k,retain,5.5,six,six,1,1,1,0,0.00020000338554382324
M05||149||six,M05,149,six,remove_2-4k,2-4k,remove,5.15234375,six,six,1,1,1,0,0.00020000338554382324
M05||149||six,M05,149,six,retain_4-8k,4-8k,retain,5.3984375,six,six,1,1,1,0,0.00020000338554382324
M05||149||six,M05,149,six,remove_4-8k,4-8k,remove,5.2421875,six,six,1,1,1,0,0.00020000338554382324
M05||156||kilo,M05,156,kilo,retain_0-0.5k,0-0.5k,retain,4.93359375,kill,bill,0,0,4,1,0.00018422631546854973
M05||156||kilo,M05,156,kilo,remove_0-0.5k,0-0.5k,remove,3.85546875,kilo,kilo,1,1,1,0,0.00020000338554382324
M05||156||kilo,M05,156,kilo,retain_0.5-2k,0.5-2k,retain,4.5703125,kill,bill,0,0,4,1,0.0002000001259148121
M05||156||kilo,M05,156,kilo,remove_0.5-2k,0.5-2k,remove,3.634765625,kilo,kilo,1,1,1,0,0.00020000338554382324
M05||156||kilo,M05,156,kilo,retain_2-4k,2-4k,retain,4.234375,kill,bill,0,0,4,1,0.00020000338554382324
M05||156||kilo,M05,156,kilo,remove_2-4k,2-4k,remove,3.580078125,kilo,kilo,1,1,1,0,0.00020000338554382324
M05||156||kilo,M05,156,kilo,retain_4-8k,4-8k,retain,4.15234375,kill,bill,0,0,4,1,0.00020000338554382324
M05||156||kilo,M05,156,kilo,remove_4-8k,4-8k,remove,3.69140625,kill,bill,0,0,4,1,0.00020000338554382324
M05||160||darn,M05,160,darn,retain_0-0.5k,0-0.5k,retain,6.1953125,don't,dot,0,0,29,4,0.00017653894610702991
M05||160||darn,M05,160,darn,remove_0-0.5k,0-0.5k,remove,4.1640625,darn,darn,1,1,1,0,0.00020000338554382324
M05||160||darn,M05,160,darn,retain_0.5-2k,0.5-2k,retain,5.4453125,done,one,0,0,18,3,0.00020000338554382324
M05||160||darn,M05,160,darn,remove_0.5-2k,0.5-2k,remove,4.5078125,don't,dot,0,0,29,4,0.00020000338554382324
M05||160||darn,M05,160,darn,retain_2-4k,2-4k,retain,5.6015625,done,one,0,0,18,3,0.00020000338554382324
M05||160||darn,M05,160,darn,remove_2-4k,2-4k,remove,4.453125,don't,dot,0,0,29,4,0.00020000338554382324
M05||160||darn,M05,160,darn,retain_4-8k,4-8k,retain,5.203125,done,one,0,0,18,3,0.00020000338554382324
M05||160||darn,M05,160,darn,remove_4-8k,4-8k,remove,4.77734375,darn,darn,1,1,1,0,0.00020000338554382324
M05||161||golf,M05,161,golf,retain_0-0.5k,0-0.5k,retain,5.171875,go,go,0,0,10,2,0.0002000001259148121
M05||161||golf,M05,161,golf,remove_0-0.5k,0-0.5k,remove,3.708984375,golf,golf,1,1,1,0,0.00020000338554382324
M05||161||golf,M05,161,golf,retain_0.5-2k,0.5-2k,retain,4.265625,go,go,0,0,10,2,0.00020000338554382324
M05||161||golf,M05,161,golf,remove_0.5-2k,0.5-2k,remove,3.88671875,go,go,0,0,10,2,0.00020000338554382324
M05||161||golf,M05,161,golf,retain_2-4k,2-4k,retain,4.28515625,go,go,0,0,10,2,0.00020000338554382324
M05||161||golf,M05,161,golf,remove_2-4k,2-4k,remove,3.8203125,go,go,0,0,10,2,0.00020000338554382324
M05||161||golf,M05,161,golf,retain_4-8k,4-8k,retain,4.1484375,go,go,0,0,10,2,0.00020000338554382324
M05||161||golf,M05,161,golf,remove_4-8k,4-8k,remove,3.912109375,go,go,0,0,10,2,0.00020000338554382324
M05||164||leak,M05,164,leak,retain_0-0.5k,0-0.5k,retain,3.591796875,zeek,reek,0,0,6,2,0.00015446171164512634
M05||164||leak,M05,164,leak,remove_0-0.5k,0-0.5k,remove,2.56640625,leak,leak,1,1,1,0,0.00020000338554382324
M05||164||leak,M05,164,leak,retain_0.5-2k,0.5-2k,retain,2.80078125,leak,leak,1,1,1,0,0.00020000338554382324
M05||164||leak,M05,164,leak,remove_0.5-2k,0.5-2k,remove,2.5625,leak,leak,1,1,1,0,0.00020000338554382324
M05||164||leak,M05,164,leak,retain_2-4k,2-4k,retain,2.6953125,leak,leak,1,1,1,0,0.00020000338554382324
M05||164||leak,M05,164,leak,remove_2-4k,2-4k,remove,2.607421875,leak,leak,1,1,1,0,0.00020000338554382324
M05||164||leak,M05,164,leak,retain_4-8k,4-8k,retain,3.345703125,zeek,reek,0,0,6,2,0.00020000338554382324
M05||164||leak,M05,164,leak,remove_4-8k,4-8k,remove,2.458984375,leak,leak,1,1,1,0,0.00020000338554382324
M05||166||foxtrot,M05,166,foxtrot,retain_0-0.5k,0-0.5k,retain,4.2578125,fuck that,fat,0,0,2,6,0.0002000001259148121
M05||166||foxtrot,M05,166,foxtrot,remove_0-0.5k,0-0.5k,remove,2.505859375,fox trot,foxtrot,1,0,1,1,0.00020000338554382324
M05||166||foxtrot,M05,166,foxtrot,retain_0.5-2k,0.5-2k,retain,2.73828125,f a k t r t,foxtrot,1,0,1,7,0.00020000338554382324
M05||166||foxtrot,M05,166,foxtrot,remove_0.5-2k,0.5-2k,remove,2.603515625,fax trot,foxtrot,1,0,1,2,0.00020000338554382324
M05||166||foxtrot,M05,166,foxtrot,retain_2-4k,2-4k,retain,3.130859375,fuck that,fat,0,0,2,6,0.00020000338554382324
M05||166||foxtrot,M05,166,foxtrot,remove_2-4k,2-4k,remove,2.521484375,fox trot,foxtrot,1,0,1,1,0.00020000338554382324
M05||166||foxtrot,M05,166,foxtrot,retain_4-8k,4-8k,retain,3.232421875,fuck that,fat,0,0,2,6,0.00020000338554382324
M05||166||foxtrot,M05,166,foxtrot,remove_4-8k,4-8k,remove,2.498046875,fox trot,foxtrot,1,0,1,1,0.00020000338554382324
M05||168||mush,M05,168,mush,retain_0-0.5k,0-0.5k,retain,4.83984375,m m m m m m m m,farm,0,0,18,14,0.0002000001259148121
M05||168||mush,M05,168,mush,remove_0-0.5k,0-0.5k,remove,3.388671875,mush,mush,1,1,1,0,0.00020000338554382324
M05||168||mush,M05,168,mush,retain_0.5-2k,0.5-2k,retain,4.26953125,mash,cash,0,0,2,1,0.0002000001259148121
M05||168||mush,M05,168,mush,remove_0.5-2k,0.5-2k,remove,3.44921875,mush,mush,1,1,1,0,0.00020000338554382324
M05||168||mush,M05,168,mush,retain_2-4k,2-4k,retain,4.06640625,m m m m m m m m,farm,0,0,18,14,0.00020000338554382324
M05||168||mush,M05,168,mush,remove_2-4k,2-4k,remove,3.482421875,mush,mush,1,1,1,0,0.00020000338554382324
M05||168||mush,M05,168,mush,retain_4-8k,4-8k,retain,3.8125,mush,mush,1,1,1,0,0.00020000338554382324
M05||168||mush,M05,168,mush,remove_4-8k,4-8k,remove,3.609375,mush,mush,1,1,1,0,0.00020000338554382324
M05||175||kitten,M05,175,kitten,retain_0-0.5k,0-0.5k,retain,5.828125,get in,tin,0,0,8,4,0.00019364943727850914
M05||175||kitten,M05,175,kitten,remove_0-0.5k,0-0.5k,remove,3.814453125,kittens,kitten,1,0,1,1,0.00020000338554382324
M05||175||kitten,M05,175,kitten,retain_0.5-2k,0.5-2k,retain,4.19921875,kitten,kitten,1,1,1,0,0.00020000338554382324
M05||175||kitten,M05,175,kitten,remove_0.5-2k,0.5-2k,remove,3.986328125,kitten,kitten,1,1,1,0,0.00020000338554382324
M05||175||kitten,M05,175,kitten,retain_2-4k,2-4k,retain,4.609375,kitten,kitten,1,1,1,0,0.00020000338554382324
M05||175||kitten,M05,175,kitten,remove_2-4k,2-4k,remove,3.931640625,kittens,kitten,1,0,1,1,0.00020000338554382324
M05||175||kitten,M05,175,kitten,retain_4-8k,4-8k,retain,4.62890625,kitten,kitten,1,1,1,0,0.00020000338554382324
M05||175||kitten,M05,175,kitten,remove_4-8k,4-8k,remove,3.9375,kittens,kitten,1,0,1,1,0.00020000338554382324
M05||180||oscar,M05,180,oscar,retain_0-0.5k,0-0.5k,retain,6.19140625,oh god,chop,0,0,81,5,0.0002000001259148121
M05||180||oscar,M05,180,oscar,remove_0-0.5k,0-0.5k,remove,3.87109375,oscar,oscar,1,1,1,0,0.00020000338554382324
M05||180||oscar,M05,180,oscar,retain_0.5-2k,0.5-2k,retain,5.4296875,i go,go,0,0,262,5,0.00020000338554382324
M05||180||oscar,M05,180,oscar,remove_0.5-2k,0.5-2k,remove,3.92578125,oscar,oscar,1,1,1,0,0.00020000338554382324
M05||180||oscar,M05,180,oscar,retain_2-4k,2-4k,retain,4.48046875,i god,go,0,0,201,5,0.00020000338554382324
M05||180||oscar,M05,180,oscar,remove_2-4k,2-4k,remove,3.939453125,oscar,oscar,1,1,1,0,0.00020000338554382324
M05||180||oscar,M05,180,oscar,retain_4-8k,4-8k,retain,4.453125,i god,go,0,0,201,5,0.00020000338554382324
M05||180||oscar,M05,180,oscar,remove_4-8k,4-8k,remove,3.947265625,oscar,oscar,1,1,1,0,0.00020000338554382324
M05||183||hat,M05,183,hat,retain_0-0.5k,0-0.5k,retain,4.86328125,i,a,0,0,53,3,0.0002000001259148121
M05||183||hat,M05,183,hat,remove_0-0.5k,0-0.5k,remove,3.634765625,hat,hat,1,1,1,0,0.00020000338554382324
M05||183||hat,M05,183,hat,retain_0.5-2k,0.5-2k,retain,4.1796875,at,at,0,0,7,1,0.00020000338554382324
M05||183||hat,M05,183,hat,remove_0.5-2k,0.5-2k,remove,3.927734375,at,at,0,0,7,1,0.00020000338554382324
M05||183||hat,M05,183,hat,retain_2-4k,2-4k,retain,4.328125,at,at,0,0,7,1,0.00020000338554382324
M05||183||hat,M05,183,hat,remove_2-4k,2-4k,remove,3.7578125,hat,hat,1,1,1,0,0.00020000338554382324
M05||183||hat,M05,183,hat,retain_4-8k,4-8k,retain,4.359375,at,at,0,0,7,1,0.00020000338554382324
M05||183||hat,M05,183,hat,remove_4-8k,4-8k,remove,3.87890625,at,at,0,0,7,1,0.00020000338554382324
M05||184||him,M05,184,him,retain_0-0.5k,0-0.5k,retain,5.88671875,m,a,0,0,7,2,0.00016844039782881737
M05||184||him,M05,184,him,remove_0-0.5k,0-0.5k,remove,4.67578125,him,him,1,1,1,0,0.00020000338554382324
M05||184||him,M05,184,him,retain_0.5-2k,0.5-2k,retain,5.51953125,him,him,1,1,1,0,0.00020000338554382324
M05||184||him,M05,184,him,remove_0.5-2k,0.5-2k,remove,4.92578125,him,him,1,1,1,0,0.00020000338554382324
M05||184||him,M05,184,him,retain_2-4k,2-4k,retain,5.56640625,him,him,1,1,1,0,0.00020000338554382324
M05||184||him,M05,184,him,remove_2-4k,2-4k,remove,4.9765625,him,him,1,1,1,0,0.00020000338554382324
M05||184||him,M05,184,him,retain_4-8k,4-8k,retain,5.30078125,him,him,1,1,1,0,0.00020000338554382324
M05||184||him,M05,184,him,remove_4-8k,4-8k,remove,5.12109375,him,him,1,1,1,0,0.00020000338554382324
M05||185||hum,M05,185,hum,retain_0-0.5k,0-0.5k,retain,6.234375,ummm,farm,0,0,7,3,0.00019638486264739186
M05||185||hum,M05,185,hum,remove_0-0.5k,0-0.5k,remove,4.83984375,hum,hum,1,1,1,0,0.00020000338554382324
M05||185||hum,M05,185,hum,retain_0.5-2k,0.5-2k,retain,5.48828125,ummm,farm,0,0,7,3,0.0002000001259148121
M05||185||hum,M05,185,hum,remove_0.5-2k,0.5-2k,remove,5.29296875,um,hum,1,0,1,1,0.00020000338554382324
M05||185||hum,M05,185,hum,retain_2-4k,2-4k,retain,5.953125,umm,ham,0,0,4,2,0.00020000338554382324
M05||185||hum,M05,185,hum,remove_2-4k,2-4k,remove,4.96875,um,hum,1,0,1,1,0.00020000338554382324
M05||185||hum,M05,185,hum,retain_4-8k,4-8k,retain,5.91796875,ummm,farm,0,0,7,3,0.00020000338554382324
M05||185||hum,M05,185,hum,remove_4-8k,4-8k,remove,5.08203125,um,hum,1,0,1,1,0.00020000338554382324
M05||188||rich,M05,188,rich,retain_0-0.5k,0-0.5k,retain,6.76171875,u u u u u u u u,zulu,0,0,227,15,0.00019296607933938503
M05||188||rich,M05,188,rich,remove_0-0.5k,0-0.5k,remove,4.61328125,which,rich,1,0,1,2,0.00020000338554382324
M05||188||rich,M05,188,rich,retain_0.5-2k,0.5-2k,retain,5.79296875,u u u u u u u u,zulu,0,0,227,15,0.00020000338554382324
M05||188||rich,M05,188,rich,remove_0.5-2k,0.5-2k,remove,5.44921875,u u u u u u u u,zulu,0,0,227,15,0.00020000338554382324
M05||188||rich,M05,188,rich,retain_2-4k,2-4k,retain,6.03125,u u u u u u u u,zulu,0,0,227,15,0.00020000338554382324
M05||188||rich,M05,188,rich,remove_2-4k,2-4k,remove,5.2578125,which,rich,1,0,1,2,0.00020000338554382324
M05||188||rich,M05,188,rich,retain_4-8k,4-8k,retain,6.09375,u u u u u u u u,zulu,0,0,227,15,0.00020000338554382324
M05||188||rich,M05,188,rich,remove_4-8k,4-8k,remove,5.03515625,which,rich,1,0,1,2,0.00020000338554382324
M05||190||juliet,M05,190,juliet,retain_0-0.5k,0-0.5k,retain,3.431640625,do the yet,sheet,0,0,54,8,0.0002000001259148121
M05||190||juliet,M05,190,juliet,remove_0-0.5k,0-0.5k,remove,2.462890625,the juliet,juliet,1,0,1,4,0.00020000338554382324
M05||190||juliet,M05,190,juliet,retain_0.5-2k,0.5-2k,retain,2.984375,the juliet,juliet,1,0,1,4,0.00020000338554382324
M05||190||juliet,M05,190,juliet,remove_0.5-2k,0.5-2k,remove,2.681640625,the juliet,juliet,1,0,1,4,0.00020000338554382324
M05||190||juliet,M05,190,juliet,retain_2-4k,2-4k,retain,2.962890625,the juliet,juliet,1,0,1,4,0.00020000338554382324
M05||190||juliet,M05,190,juliet,remove_2-4k,2-4k,remove,2.59375,the juliet,juliet,1,0,1,4,0.00020000338554382324
M05||190||juliet,M05,190,juliet,retain_4-8k,4-8k,retain,3.255859375,do the yet,sheet,0,0,54,8,0.00020000338554382324
M05||190||juliet,M05,190,juliet,remove_4-8k,4-8k,remove,2.498046875,the juliet,juliet,1,0,1,4,0.00020000338554382324
M05||191||cart,M05,191,cart,retain_0-0.5k,0-0.5k,retain,7.12890625,good,boot,0,0,93,4,0.0002000001259148121
M05||191||cart,M05,191,cart,remove_0-0.5k,0-0.5k,remove,4.79296875,cart,cart,1,1,1,0,0.00020000338554382324
M05||191||cart,M05,191,cart,retain_0.5-2k,0.5-2k,retain,6.484375,kurt,cart,1,0,1,2,0.00020000338554382324
M05||191||cart,M05,191,cart,remove_0.5-2k,0.5-2k,remove,5.16015625,cut,mut,0,0,8,2,0.00020000338554382324
M05||191||cart,M05,191,cart,retain_2-4k,2-4k,retain,6.25,kurt,cart,1,0,1,2,0.00020000338554382324
M05||191||cart,M05,191,cart,remove_2-4k,2-4k,remove,5.26171875,kurt,cart,1,0,1,2,0.00020000338554382324
M05||191||cart,M05,191,cart,retain_4-8k,4-8k,retain,6.3203125,kurt,cart,1,0,1,2,0.00020000338554382324
M05||191||cart,M05,191,cart,remove_4-8k,4-8k,remove,5.2578125,cut,mut,0,0,8,2,0.00020000338554382324
M05||193||nine,M05,193,nine,retain_0-0.5k,0-0.5k,retain,6.125,no no,born,0,0,5,3,0.0002000001259148121
M05||193||nine,M05,193,nine,remove_0-0.5k,0-0.5k,remove,4.87890625,nine,nine,1,1,1,0,0.00020000338554382324
M05||193||nine,M05,193,nine,retain_0.5-2k,0.5-2k,retain,5.76171875,nein,in,0,0,6,2,0.00020000338554382324
M05||193||nine,M05,193,nine,remove_0.5-2k,0.5-2k,remove,5.109375,nine,nine,1,1,1,0,0.00020000338554382324
M05||193||nine,M05,193,nine,retain_2-4k,2-4k,retain,5.625,nein,in,0,0,6,2,0.00020000338554382324
M05||193||nine,M05,193,nine,remove_2-4k,2-4k,remove,5.140625,nine,nine,1,1,1,0,0.00020000338554382324
M05||193||nine,M05,193,nine,retain_4-8k,4-8k,retain,5.68359375,nein,in,0,0,6,2,0.00020000338554382324
M05||193||nine,M05,193,nine,remove_4-8k,4-8k,remove,5.12109375,nine,nine,1,1,1,0,0.00020000338554382324
M05||199||mitten,M05,199,mitten,retain_0-0.5k,0-0.5k,retain,5.53125,mutin,mut,0,0,4,3,0.000196805689483881
M05||199||mitten,M05,199,mitten,remove_0-0.5k,0-0.5k,remove,3.720703125,mitten,mitten,1,1,1,0,0.00020000338554382324
M05||199||mitten,M05,199,mitten,retain_0.5-2k,0.5-2k,retain,4.7421875,my team,meat,0,0,2,4,0.00020000338554382324
M05||199||mitten,M05,199,mitten,remove_0.5-2k,0.5-2k,remove,3.953125,meeting,fitting,0,0,10,4,0.00020000338554382324
M05||199||mitten,M05,199,mitten,retain_2-4k,2-4k,retain,4.5859375,meeting,fitting,0,0,10,4,0.00020000338554382324
M05||199||mitten,M05,199,mitten,remove_2-4k,2-4k,remove,3.986328125,mitten,mitten,1,1,1,0,0.00020000338554382324
M05||199||mitten,M05,199,mitten,retain_4-8k,4-8k,retain,4.85546875,metin,tin,0,0,8,3,0.00020000338554382324
M05||199||mitten,M05,199,mitten,remove_4-8k,4-8k,remove,3.861328125,mitten,mitten,1,1,1,0,0.00020000338554382324
M05||205||spark,M05,205,spark,retain_0-0.5k,0-0.5k,retain,3.236328125,spurge,share,0,0,2,3,0.00019625702407211065
M05||205||spark,M05,205,spark,remove_0-0.5k,0-0.5k,remove,2.890625,spark,spark,1,1,1,0,0.00020000338554382324
M05||205||spark,M05,205,spark,retain_0.5-2k,0.5-2k,retain,2.880859375,sparke,spark,1,0,1,1,0.00020000338554382324
M05||205||spark,M05,205,spark,remove_0.5-2k,0.5-2k,remove,2.859375,spark,spark,1,1,1,0,0.00020000338554382324
M05||205||spark,M05,205,spark,retain_2-4k,2-4k,retain,2.88671875,spurk,spark,1,0,1,1,0.00020000338554382324
M05||205||spark,M05,205,spark,remove_2-4k,2-4k,remove,2.876953125,sparke,spark,1,0,1,1,0.00020000338554382324
M05||205||spark,M05,205,spark,retain_4-8k,4-8k,retain,2.861328125,sparke,spark,1,0,1,1,0.00020000338554382324
M05||205||spark,M05,205,spark,remove_4-8k,4-8k,remove,2.8828125,spark,spark,1,1,1,0,0.00020000338554382324
M05||224||chop,M05,224,chop,retain_0-0.5k,0-0.5k,retain,4.109375,ciao,car,0,0,24,3,0.0002000001259148121
M05||224||chop,M05,224,chop,remove_0-0.5k,0-0.5k,remove,3.65234375,jump,hum,0,0,5,3,0.00020000338554382324
M05||224||chop,M05,224,chop,retain_0.5-2k,0.5-2k,retain,3.953125,chup,chip,0,0,2,1,0.00020000338554382324
M05||224||chop,M05,224,chop,remove_0.5-2k,0.5-2k,remove,3.623046875,chup,chip,0,0,2,1,0.00020000338554382324
M05||224||chop,M05,224,chop,retain_2-4k,2-4k,retain,3.83984375,chup,chip,0,0,2,1,0.00020000338554382324
M05||224||chop,M05,224,chop,remove_2-4k,2-4k,remove,3.69921875,chup,chip,0,0,2,1,0.00020000338554382324
M05||224||chop,M05,224,chop,retain_4-8k,4-8k,retain,3.861328125,ciao,car,0,0,24,3,0.00020000338554382324
M05||224||chop,M05,224,chop,remove_4-8k,4-8k,remove,3.724609375,jump,hum,0,0,5,3,0.00020000338554382324
M05||226||eight,M05,226,eight,retain_0-0.5k,0-0.5k,retain,5.22265625,,a,0,0,222,5,0.0002000001259148121
M05||226||eight,M05,226,eight,remove_0-0.5k,0-0.5k,remove,4.58984375,,a,0,0,222,5,0.00020000338554382324
M05||226||eight,M05,226,eight,retain_0.5-2k,0.5-2k,retain,4.90234375,eight,eight,1,1,1,0,0.00020000338554382324
M05||226||eight,M05,226,eight,remove_0.5-2k,0.5-2k,remove,4.8046875,,a,0,0,222,5,0.00020000338554382324
M05||226||eight,M05,226,eight,retain_2-4k,2-4k,retain,4.95703125,,a,0,0,222,5,0.00020000338554382324
M05||226||eight,M05,226,eight,remove_2-4k,2-4k,remove,4.73828125,,a,0,0,222,5,0.00020000338554382324
M05||226||eight,M05,226,eight,retain_4-8k,4-8k,retain,5.109375,,a,0,0,222,5,0.00020000338554382324
M05||226||eight,M05,226,eight,remove_4-8k,4-8k,remove,4.57421875,eight,eight,1,1,1,0,0.00020000338554382324
M05||244||part,M05,244,part,retain_0-0.5k,0-0.5k,retain,5.015625,but,bat,0,0,82,3,0.0002000001259148121
M05||244||part,M05,244,part,remove_0-0.5k,0-0.5k,remove,3.77734375,part,part,1,1,1,0,0.00020000338554382324
M05||244||part,M05,244,part,retain_0.5-2k,0.5-2k,retain,4.55078125,but,bat,0,0,82,3,0.00020000338554382324
M05||244||part,M05,244,part,remove_0.5-2k,0.5-2k,remove,3.947265625,part,part,1,1,1,0,0.00020000338554382324
M05||244||part,M05,244,part,retain_2-4k,2-4k,retain,4.39453125,but,bat,0,0,82,3,0.00020000338554382324
M05||244||part,M05,244,part,remove_2-4k,2-4k,remove,4.14453125,part,part,1,1,1,0,0.00020000338554382324
M05||244||part,M05,244,part,retain_4-8k,4-8k,retain,4.640625,but,bat,0,0,82,3,0.00020000338554382324
M05||244||part,M05,244,part,remove_4-8k,4-8k,remove,3.982421875,part,part,1,1,1,0,0.00020000338554382324
M05||247||vat,M05,247,vat,retain_0-0.5k,0-0.5k,retain,6.359375,that,hat,0,0,17,2,0.0002000001259148121
M05||247||vat,M05,247,vat,remove_0-0.5k,0-0.5k,remove,4.375,vat,vat,1,1,1,0,0.00020000338554382324
M05||247||vat,M05,247,vat,retain_0.5-2k,0.5-2k,retain,5.55859375,that,hat,0,0,17,2,0.00020000338554382324
M05||247||vat,M05,247,vat,remove_0.5-2k,0.5-2k,remove,4.60546875,vat,vat,1,1,1,0,0.00020000338554382324
M05||247||vat,M05,247,vat,retain_2-4k,2-4k,retain,5.26953125,that,hat,0,0,17,2,0.00020000338554382324
M05||247||vat,M05,247,vat,remove_2-4k,2-4k,remove,4.703125,vat,vat,1,1,1,0,0.00020000338554382324
M05||247||vat,M05,247,vat,retain_4-8k,4-8k,retain,5.35546875,that,hat,0,0,17,2,0.00020000338554382324
M05||247||vat,M05,247,vat,remove_4-8k,4-8k,remove,4.66796875,vat,vat,1,1,1,0,0.00020000338554382324
M05||248||side,M05,248,side,retain_0-0.5k,0-0.5k,retain,4.68359375,sighed,sigh,0,0,11,3,0.0001751868985593319
M05||248||side,M05,248,side,remove_0-0.5k,0-0.5k,remove,3.49609375,side,side,1,1,1,0,0.00020000338554382324
M05||248||side,M05,248,side,retain_0.5-2k,0.5-2k,retain,4.1015625,side,side,1,1,1,0,0.00020000338554382324
M05||248||side,M05,248,side,remove_0.5-2k,0.5-2k,remove,3.609375,side,side,1,1,1,0,0.00020000338554382324
M05||248||side,M05,248,side,retain_2-4k,2-4k,retain,3.96484375,side,side,1,1,1,0,0.00020000338554382324
M05||248||side,M05,248,side,remove_2-4k,2-4k,remove,3.677734375,sighed,sigh,0,0,11,3,0.00020000338554382324
M05||248||side,M05,248,side,retain_4-8k,4-8k,retain,4.17578125,sighed,sigh,0,0,11,3,0.00020000338554382324
M05||248||side,M05,248,side,remove_4-8k,4-8k,remove,3.73046875,side,side,1,1,1,0,0.00020000338554382324
M05||251||brought,M05,251,brought,retain_0-0.5k,0-0.5k,retain,4.578125,but,bat,0,0,119,4,0.0002000001259148121
M05||251||brought,M05,251,brought,remove_0-0.5k,0-0.5k,remove,3.09765625,brought,brought,1,1,1,0,0.00020000338554382324
M05||251||brought,M05,251,brought,retain_0.5-2k,0.5-2k,retain,4.0,but,bat,0,0,119,4,0.00020000338554382324
M05||251||brought,M05,251,brought,remove_0.5-2k,0.5-2k,remove,3.453125,brought,brought,1,1,1,0,0.00020000338554382324
M05||251||brought,M05,251,brought,retain_2-4k,2-4k,retain,3.986328125,but,bat,0,0,119,4,0.00020000338554382324
M05||251||brought,M05,251,brought,remove_2-4k,2-4k,remove,3.34375,but,bat,0,0,119,4,0.00020000338554382324
M05||251||brought,M05,251,brought,retain_4-8k,4-8k,retain,4.2265625,but,bat,0,0,119,4,0.00020000338554382324
M05||251||brought,M05,251,brought,remove_4-8k,4-8k,remove,3.33984375,brought,brought,1,1,1,0,0.00020000338554382324
M05||257||seeds,M05,257,seeds,retain_0-0.5k,0-0.5k,retain,3.728515625,seed,seed,0,0,4,1,0.00019642163533717394
M05||257||seeds,M05,257,seeds,remove_0-0.5k,0-0.5k,remove,2.96484375,seeds,seeds,1,1,1,0,0.00020000338554382324
M05||257||seeds,M05,257,seeds,retain_0.5-2k,0.5-2k,retain,3.28125,seeds,seeds,1,1,1,0,0.00020000338554382324
M05||257||seeds,M05,257,seeds,remove_0.5-2k,0.5-2k,remove,3.10546875,seeds,seeds,1,1,1,0,0.00020000338554382324
M05||257||seeds,M05,257,seeds,retain_2-4k,2-4k,retain,3.3359375,seeds,seeds,1,1,1,0,0.00020000338554382324
M05||257||seeds,M05,257,seeds,remove_2-4k,2-4k,remove,3.033203125,seeds,seeds,1,1,1,0,0.00020000338554382324
M05||257||seeds,M05,257,seeds,retain_4-8k,4-8k,retain,3.404296875,seed,seed,0,0,4,1,0.00020000338554382324
M05||257||seeds,M05,257,seeds,remove_4-8k,4-8k,remove,3.029296875,seeds,seeds,1,1,1,0,0.00020000338554382324
M05||261||sergeant,M05,261,sergeant,retain_0-0.5k,0-0.5k,retain,3.71875,so it didn't,sitting,0,0,11,9,0.0002000001259148121
M05||261||sergeant,M05,261,sergeant,remove_0-0.5k,0-0.5k,remove,2.888671875,so gently,sergeant,1,0,1,5,0.00020000338554382324
M05||261||sergeant,M05,261,sergeant,retain_0.5-2k,0.5-2k,retain,2.845703125,sergeant,sergeant,1,1,1,0,0.00020000338554382324
M05||261||sergeant,M05,261,sergeant,remove_0.5-2k,0.5-2k,remove,2.63671875,sergeant,sergeant,1,1,1,0,0.00020000338554382324
M05||261||sergeant,M05,261,sergeant,retain_2-4k,2-4k,retain,2.96875,sergeant,sergeant,1,1,1,0,0.00020000338554382324
M05||261||sergeant,M05,261,sergeant,remove_2-4k,2-4k,remove,2.615234375,sergeant,sergeant,1,1,1,0,0.00020000338554382324
M05||261||sergeant,M05,261,sergeant,retain_4-8k,4-8k,retain,3.37890625,so it didn't,sitting,0,0,11,9,0.00020000338554382324
M05||261||sergeant,M05,261,sergeant,remove_4-8k,4-8k,remove,2.650390625,so gently,sergeant,1,0,1,5,0.00020000338554382324
M05||267||sell,M05,267,sell,retain_0-0.5k,0-0.5k,retain,4.30078125,so,go,0,0,97,3,0.0001732734963297844
M05||267||sell,M05,267,sell,remove_0-0.5k,0-0.5k,remove,3.1171875,sell,sell,1,1,1,0,0.00020000338554382324
M05||267||sell,M05,267,sell,retain_0.5-2k,0.5-2k,retain,3.876953125,so,go,0,0,97,3,0.0002000001259148121
M05||267||sell,M05,267,sell,remove_0.5-2k,0.5-2k,remove,3.51953125,sell,sell,1,1,1,0,0.00020000338554382324
M05||267||sell,M05,267,sell,retain_2-4k,2-4k,retain,3.830078125,so,go,0,0,97,3,0.00020000338554382324
M05||267||sell,M05,267,sell,remove_2-4k,2-4k,remove,3.140625,sell,sell,1,1,1,0,0.00020000338554382324
M05||267||sell,M05,267,sell,retain_4-8k,4-8k,retain,3.791015625,so,go,0,0,97,3,0.00020000338554382324
M05||267||sell,M05,267,sell,remove_4-8k,4-8k,remove,3.59765625,sell,sell,1,1,1,0,0.00020000338554382324
M05||273||romeo,M05,273,romeo,retain_0-0.5k,0-0.5k,retain,4.02734375,oh we oh,cheer,0,0,12,6,0.00015203235670924187
M05||273||romeo,M05,273,romeo,remove_0-0.5k,0-0.5k,remove,2.76953125,romeo,romeo,1,1,1,0,0.00020000338554382324
M05||273||romeo,M05,273,romeo,retain_0.5-2k,0.5-2k,retain,3.59765625,oh we oh,cheer,0,0,12,6,0.00020000338554382324
M05||273||romeo,M05,273,romeo,remove_0.5-2k,0.5-2k,remove,2.7890625,romeo,romeo,1,1,1,0,0.00020000338554382324
M05||273||romeo,M05,273,romeo,retain_2-4k,2-4k,retain,2.8671875,romeo,romeo,1,1,1,0,0.00020000338554382324
M05||273||romeo,M05,273,romeo,remove_2-4k,2-4k,remove,3.064453125,romeo,romeo,1,1,1,0,0.00020000338554382324
M05||273||romeo,M05,273,romeo,retain_4-8k,4-8k,retain,3.474609375,oh we oh,cheer,0,0,12,6,0.00020000338554382324
M05||273||romeo,M05,273,romeo,remove_4-8k,4-8k,remove,2.798828125,romeo,romeo,1,1,1,0,0.00020000338554382324
M05||277||spit,M05,277,spit,retain_0-0.5k,0-0.5k,retain,4.18359375,bit,bit,0,0,36,2,0.0002000001259148121
M05||277||spit,M05,277,spit,remove_0-0.5k,0-0.5k,remove,3.060546875,spit,spit,1,1,1,0,0.00020000338554382324
M05||277||spit,M05,277,spit,retain_0.5-2k,0.5-2k,retain,3.251953125,spit,spit,1,1,1,0,0.0002000001259148121
M05||277||spit,M05,277,spit,remove_0.5-2k,0.5-2k,remove,3.15234375,spit,spit,1,1,1,0,0.00020000338554382324
M05||277||spit,M05,277,spit,retain_2-4k,2-4k,retain,3.359375,spit,spit,1,1,1,0,0.00020000338554382324
M05||277||spit,M05,277,spit,remove_2-4k,2-4k,remove,3.1171875,spit,spit,1,1,1,0,0.00020000338554382324
M05||277||spit,M05,277,spit,retain_4-8k,4-8k,retain,3.56640625,bit,bit,0,0,36,2,0.00020000338554382324
M05||277||spit,M05,277,spit,remove_4-8k,4-8k,remove,3.09375,spit,spit,1,1,1,0,0.00020000338554382324
M05||278||xray,M05,278,xray,retain_0-0.5k,0-0.5k,retain,5.41015625,actually,stubble,0,0,47,6,0.00019791582599282265
M05||278||xray,M05,278,xray,remove_0-0.5k,0-0.5k,remove,3.748046875,x ray,xray,1,0,1,1,0.00020000338554382324
M05||278||xray,M05,278,xray,retain_0.5-2k,0.5-2k,retain,4.5546875,actually,stubble,0,0,47,6,0.00020000338554382324
M05||278||xray,M05,278,xray,remove_0.5-2k,0.5-2k,remove,4.0625,x way,sway,0,0,2,2,0.00020000338554382324
M05||278||xray,M05,278,xray,retain_2-4k,2-4k,retain,4.72265625,actually,stubble,0,0,47,6,0.00020000338554382324
M05||278||xray,M05,278,xray,remove_2-4k,2-4k,remove,3.873046875,x ray,xray,1,0,1,1,0.00020000338554382324
M05||278||xray,M05,278,xray,retain_4-8k,4-8k,retain,4.3671875,at we,ate,0,0,303,5,0.00020000338554382324
M05||278||xray,M05,278,xray,remove_4-8k,4-8k,remove,3.955078125,at,at,0,0,140,3,0.00020000338554382324
M05||290||him,M05,290,him,retain_0-0.5k,0-0.5k,retain,5.671875,aim,air,0,0,2,1,0.00016159191727638245
M05||290||him,M05,290,him,remove_0-0.5k,0-0.5k,remove,4.109375,him,him,1,1,1,0,0.00020000338554382324
M05||290||him,M05,290,him,retain_0.5-2k,0.5-2k,retain,4.88671875,him,him,1,1,1,0,0.00020000338554382324
M05||290||him,M05,290,him,remove_0.5-2k,0.5-2k,remove,4.33203125,him,him,1,1,1,0,0.00020000338554382324
M05||290||him,M05,290,him,retain_2-4k,2-4k,retain,4.65625,him,him,1,1,1,0,0.00020000338554382324
M05||290||him,M05,290,him,remove_2-4k,2-4k,remove,4.36328125,him,him,1,1,1,0,0.00020000338554382324
M05||290||him,M05,290,him,retain_4-8k,4-8k,retain,5.0,him,him,1,1,1,0,0.00020000338554382324
M05||290||him,M05,290,him,remove_4-8k,4-8k,remove,4.2421875,him,him,1,1,1,0,0.00020000338554382324
M05||296||up,M05,296,up,retain_0-0.5k,0-0.5k,retain,5.6328125,oh,oh,0,0,19,2,0.00019999989308416843
M05||296||up,M05,296,up,remove_0-0.5k,0-0.5k,remove,4.7265625,up,up,1,1,1,0,0.00020000338554382324
M05||296||up,M05,296,up,retain_0.5-2k,0.5-2k,retain,4.9453125,up,up,1,1,1,0,0.0002000001259148121
M05||296||up,M05,296,up,remove_0.5-2k,0.5-2k,remove,4.9453125,up,up,1,1,1,0,0.00020000338554382324
M05||296||up,M05,296,up,retain_2-4k,2-4k,retain,5.08203125,up,up,1,1,1,0,0.00020000338554382324
M05||296||up,M05,296,up,remove_2-4k,2-4k,remove,4.765625,up,up,1,1,1,0,0.00020000338554382324
M05||296||up,M05,296,up,retain_4-8k,4-8k,retain,5.41796875,oh,oh,0,0,19,2,0.00020000338554382324
M05||296||up,M05,296,up,remove_4-8k,4-8k,remove,4.74609375,up,up,1,1,1,0,0.00020000338554382324
M05||299||sin,M05,299,sin,retain_0-0.5k,0-0.5k,retain,5.546875,thin,tin,0,0,7,2,0.00019999966025352478
M05||299||sin,M05,299,sin,remove_0-0.5k,0-0.5k,remove,4.46875,sin,sin,1,1,1,0,0.00020000338554382324
M05||299||sin,M05,299,sin,retain_0.5-2k,0.5-2k,retain,4.82421875,thin,tin,0,0,7,2,0.00020000338554382324
M05||299||sin,M05,299,sin,remove_0.5-2k,0.5-2k,remove,4.33984375,sin,sin,1,1,1,0,0.00020000338554382324
M05||299||sin,M05,299,sin,retain_2-4k,2-4k,retain,4.54296875,sin,sin,1,1,1,0,0.00020000338554382324
M05||299||sin,M05,299,sin,remove_2-4k,2-4k,remove,4.2890625,sin,sin,1,1,1,0,0.00020000338554382324
M05||299||sin,M05,299,sin,retain_4-8k,4-8k,retain,4.6875,sin,sin,1,1,1,0,0.00020000338554382324
M05||299||sin,M05,299,sin,remove_4-8k,4-8k,remove,4.25,sin,sin,1,1,1,0,0.00020000338554382324
M05||308||rock,M05,308,rock,retain_0-0.5k,0-0.5k,retain,6.07421875,work,cork,0,0,12,2,0.0002000001259148121
M05||308||rock,M05,308,rock,remove_0-0.5k,0-0.5k,remove,4.3671875,rock,rock,1,1,1,0,0.00020000338554382324
M05||308||rock,M05,308,rock,retain_0.5-2k,0.5-2k,retain,5.1953125,w w w a ck,back,0,0,13,8,0.00020000338554382324
M05||308||rock,M05,308,rock,remove_0.5-2k,0.5-2k,remove,4.5234375,rock,rock,1,1,1,0,0.00020000338554382324
M05||308||rock,M05,308,rock,retain_2-4k,2-4k,retain,5.07421875,rock,rock,1,1,1,0,0.00020000338554382324
M05||308||rock,M05,308,rock,remove_2-4k,2-4k,remove,4.6171875,rock,rock,1,1,1,0,0.00020000338554382324
M05||308||rock,M05,308,rock,retain_4-8k,4-8k,retain,5.29296875,rock,rock,1,1,1,0,0.00020000338554382324
M05||308||rock,M05,308,rock,remove_4-8k,4-8k,remove,4.37109375,rock,rock,1,1,1,0,0.00020000338554382324
M05||317||bitter,M05,317,bitter,retain_0-0.5k,0-0.5k,retain,6.9765625,bt,at,0,0,105,4,0.00017350900452584028
M05||317||bitter,M05,317,bitter,remove_0-0.5k,0-0.5k,remove,3.876953125,bitter,bitter,1,1,1,0,0.00020000338554382324
M05||317||bitter,M05,317,bitter,retain_0.5-2k,0.5-2k,retain,4.94140625,bitter,bitter,1,1,1,0,0.00020000338554382324
M05||317||bitter,M05,317,bitter,remove_0.5-2k,0.5-2k,remove,4.12890625,bitter,bitter,1,1,1,0,0.00020000338554382324
M05||317||bitter,M05,317,bitter,retain_2-4k,2-4k,retain,4.94921875,bitter,bitter,1,1,1,0,0.00020000338554382324
M05||317||bitter,M05,317,bitter,remove_2-4k,2-4k,remove,3.732421875,bitter,bitter,1,1,1,0,0.00020000338554382324
M05||317||bitter,M05,317,bitter,retain_4-8k,4-8k,retain,5.78515625,bt,at,0,0,105,4,0.00020000338554382324
M05||317||bitter,M05,317,bitter,remove_4-8k,4-8k,remove,4.8515625,bitter,bitter,1,1,1,0,0.00020000338554382324
M05||324||wicker,M05,324,wicker,retain_0-0.5k,0-0.5k,retain,4.7734375,wicked,wicked,0,0,2,1,0.00020000000949949026
M05||324||wicker,M05,324,wicker,remove_0-0.5k,0-0.5k,remove,3.328125,wicker,wicker,1,1,1,0,0.00020000338554382324
M05||324||wicker,M05,324,wicker,retain_0.5-2k,0.5-2k,retain,4.13671875,wicca,witch,0,0,8,3,0.00020000338554382324
M05||324||wicker,M05,324,wicker,remove_0.5-2k,0.5-2k,remove,3.46484375,wicca,witch,0,0,8,3,0.00020000338554382324
M05||324||wicker,M05,324,wicker,retain_2-4k,2-4k,retain,4.24609375,wicca,witch,0,0,8,3,0.00020000338554382324
M05||324||wicker,M05,324,wicker,remove_2-4k,2-4k,remove,3.509765625,wicca,witch,0,0,8,3,0.00020000338554382324
M05||324||wicker,M05,324,wicker,retain_4-8k,4-8k,retain,3.873046875,wicked,wicked,0,0,2,1,0.00020000338554382324
M05||324||wicker,M05,324,wicker,remove_4-8k,4-8k,remove,3.7265625,wicca,witch,0,0,8,3,0.00020000338554382324
M05||327||dread,M05,327,dread,retain_0-0.5k,0-0.5k,retain,5.5234375,d e d,dead,0,0,2,2,0.0001741279847919941
M05||327||dread,M05,327,dread,remove_0-0.5k,0-0.5k,remove,4.00390625,dread,dread,1,1,1,0,0.00020000338554382324
M05||327||dread,M05,327,dread,retain_0.5-2k,0.5-2k,retain,4.70703125,d d d,dead,0,0,2,3,0.00020000338554382324
M05||327||dread,M05,327,dread,remove_0.5-2k,0.5-2k,remove,4.15625,dread,dread,1,1,1,0,0.00020000338554382324
M05||327||dread,M05,327,dread,retain_2-4k,2-4k,retain,4.58984375,d d d,dead,0,0,2,3,0.00020000338554382324
M05||327||dread,M05,327,dread,remove_2-4k,2-4k,remove,4.16015625,dread,dread,1,1,1,0,0.00020000338554382324
M05||327||dread,M05,327,dread,retain_4-8k,4-8k,retain,4.89453125,d e d,dead,0,0,2,2,0.00020000338554382324
M05||327||dread,M05,327,dread,remove_4-8k,4-8k,remove,4.16796875,dread,dread,1,1,1,0,0.00020000338554382324
M05||371||bed,M05,371,bed,retain_0-0.5k,0-0.5k,retain,4.6328125,bed,bed,1,1,1,0,0.00019999989308416843
M05||371||bed,M05,371,bed,remove_0-0.5k,0-0.5k,remove,4.05859375,bed,bed,1,1,1,0,0.00020000338554382324
M05||371||bed,M05,371,bed,retain_0.5-2k,0.5-2k,retain,4.3515625,bed,bed,1,1,1,0,0.00020000338554382324
M05||371||bed,M05,371,bed,remove_0.5-2k,0.5-2k,remove,4.16015625,bed,bed,1,1,1,0,0.00020000338554382324
M05||371||bed,M05,371,bed,retain_2-4k,2-4k,retain,4.37890625,bed,bed,1,1,1,0,0.00020000338554382324
M05||371||bed,M05,371,bed,remove_2-4k,2-4k,remove,4.16015625,bed,bed,1,1,1,0,0.00020000338554382324
M05||371||bed,M05,371,bed,retain_4-8k,4-8k,retain,4.5234375,bed,bed,1,1,1,0,0.00020000338554382324
M05||371||bed,M05,371,bed,remove_4-8k,4-8k,remove,4.09765625,bed,bed,1,1,1,0,0.00020000338554382324
M05||372||witch,M05,372,witch,retain_0-0.5k,0-0.5k,retain,4.6328125,wait,wit,0,0,110,3,0.0001819748431444168
M05||372||witch,M05,372,witch,remove_0-0.5k,0-0.5k,remove,3.580078125,witch,witch,1,1,1,0,0.00020000338554382324
M05||372||witch,M05,372,witch,retain_0.5-2k,0.5-2k,retain,4.08984375,witch,witch,1,1,1,0,0.00020000338554382324
M05||372||witch,M05,372,witch,remove_0.5-2k,0.5-2k,remove,3.701171875,witch,witch,1,1,1,0,0.00020000338554382324
M05||372||witch,M05,372,witch,retain_2-4k,2-4k,retain,4.01953125,witch,witch,1,1,1,0,0.00020000338554382324
M05||372||witch,M05,372,witch,remove_2-4k,2-4k,remove,3.74609375,witch,witch,1,1,1,0,0.00020000338554382324
M05||372||witch,M05,372,witch,retain_4-8k,4-8k,retain,4.08984375,witch,witch,1,1,1,0,0.00020000338554382324
M05||372||witch,M05,372,witch,remove_4-8k,4-8k,remove,3.71875,witch,witch,1,1,1,0,0.00020000338554382324
M05||373||witch,M05,373,witch,retain_0-0.5k,0-0.5k,retain,3.94140625,which,rich,0,0,5,2,0.0002000001259148121
M05||373||witch,M05,373,witch,remove_0-0.5k,0-0.5k,remove,3.06640625,witch,witch,1,1,1,0,0.00020000338554382324
M05||373||witch,M05,373,witch,retain_0.5-2k,0.5-2k,retain,3.71875,which,rich,0,0,5,2,0.00020000338554382324
M05||373||witch,M05,373,witch,remove_0.5-2k,0.5-2k,remove,3.19921875,witch,witch,1,1,1,0,0.00020000338554382324
M05||373||witch,M05,373,witch,retain_2-4k,2-4k,retain,3.68359375,witch,witch,1,1,1,0,0.00020000338554382324
M05||373||witch,M05,373,witch,remove_2-4k,2-4k,remove,3.20703125,witch,witch,1,1,1,0,0.00020000338554382324
M05||373||witch,M05,373,witch,retain_4-8k,4-8k,retain,3.46484375,witch,witch,1,1,1,0,0.00020000338554382324
M05||373||witch,M05,373,witch,remove_4-8k,4-8k,remove,3.390625,witch,witch,1,1,1,0,0.00020000338554382324
