sample_id,index,speaker,utt_id,target_word,mapped_correct,duration_sec,original_rms,perturbation_linf,perturbation_rms,snr_db,perturbation_spectral_centroid_hz,perturbation_spectral_rolloff85_hz,mean_absolute_log_spectral_change_db,p95_absolute_log_spectral_change_db,energy_fraction_0-0.5k,energy_fraction_0.5-2k,energy_fraction_2-4k,energy_fraction_4-8k
F03||5||beta,0,F03,5,beta,1,1.142875,0.0356469531553297,0.0002000033855438,0.0001624678145205,46.82510153861745,4462.45506909508,7390.625,2.3340933368965717,9.254072983465196,0.0327294247017236,0.1631655842700044,0.2596016482855587,0.5396292107028677
F03||7||stubble,1,F03,7,stubble,1,0.9216875,0.0309091805994544,0.0002000033855438,0.0001670723916982,45.34365604734623,4207.471927204155,7515.625,2.100266753332864,8.956499123552952,0.0324144108448904,0.215973973030701,0.2685125217650524,0.4770385011502459
F03||10||form,2,F03,10,form,1,1.4930625,0.0203991032743758,0.0002000033855438,0.0001617561837399,42.01500368923105,4421.535441744297,7343.75,2.7400626244180866,9.775717929854968,0.0245987968054461,0.1647922170449094,0.2787569259950444,0.527721971348625
F03||22||for,3,F03,22,for,1,1.9483125,0.0202259553136726,0.0002000033855438,0.0001626307208221,41.894129129654864,4154.488988807332,7093.75,2.710772450796631,10.33690619434157,0.0304725887604775,0.1866564397791521,0.2764729106888501,0.5006856630174151
F03||27||know,4,F03,27,know,0,1.0205625,0.0295362898108338,0.0002000033855438,0.0001650449535743,45.05507381646844,4324.497386229197,7718.75,2.804241036746015,11.325018604487468,0.0265376845736357,0.1889300407296709,0.3119931889880442,0.4669040637036276
F03||36||hair,5,F03,36,hair,1,3.5254375,0.0213823883890564,0.0002000033855438,0.000162236097665,42.39817444575927,4219.011130956165,7078.125,3.036749485741763,11.32642073175323,0.0318485017723348,0.1506519782241524,0.3219962892521254,0.4909159387619959
F03||39||chair,6,F03,39,chair,1,2.36575,0.0141401221357432,0.0002000033855438,0.0001638236906393,38.721529103305855,4040.602492561192,7250.0,2.815378656409776,10.801796216771738,0.0363589750952747,0.1985798717673381,0.3066859386319684,0.453177890943697
F03||41||two,7,F03,41,two,1,2.412125,0.0214566566026266,0.0002000033855438,0.0001650426512077,42.27931718557032,3920.075086703952,6828.125,2.96701107299788,10.810738533956709,0.0294016030831924,0.1723511418328309,0.3732560062208843,0.419780332085116
F03||47||bug,8,F03,47,bug,1,2.829625,0.0158459010592044,0.0002000033855438,0.0001636434521076,39.72036614793811,4639.643389354345,7562.5,3.0654438107676234,11.70754046354736,0.0270804595200206,0.1231775233445755,0.2745730298868783,0.5699271234430239
F03||52||feed,9,F03,52,feed,1,2.7070625,0.0119497311925848,0.0002000033855438,0.0001604216962458,37.44190063780949,4467.998110254689,7375.0,2.825574744740291,10.120386032209892,0.0236725254080882,0.1195999811843368,0.3159077191143938,0.536343686445635
F03||59||rake,10,F03,59,rake,0,1.7860625,0.0203195666603126,0.0002000033855438,0.0001652069272507,41.79772376375189,4698.901317917977,7484.375,2.813208215189592,10.18191951611591,0.0223778495451423,0.1219381324289087,0.2657242224345837,0.5849917975975906
F03||62||rain,11,F03,62,rain,1,2.03725,0.0165509756846884,0.0002000033855438,0.0001630526564979,40.12991443612097,4298.597943591145,7234.375,2.773685610315153,9.711977436533468,0.0275201123935128,0.1408124029127266,0.3152613623921268,0.5114093768169714
F03||63||gadget,12,F03,63,gadget,1,1.814,0.0159883575559639,0.0002000033855438,0.0001618920644407,39.89156581690124,4478.667802955881,7468.75,2.708544389657267,9.88186604588214,0.0303787423312232,0.1146709573653245,0.3175931105000475,0.5330943249255335
F03||67||gnaw,13,F03,67,gnaw,0,0.8930625,0.0214546591658385,0.0002000033855438,0.0001606029241454,42.51536342534016,4476.62753974626,7500.0,2.7329312381692628,10.13009906424236,0.0254779371108737,0.1313416881148806,0.3159930124707777,0.5228448550269725
F03||68||range,14,F03,68,range,0,1.45125,0.0161015573087408,0.0002000033855438,0.0001644596494532,39.81617043777794,4832.295590814302,7656.25,2.5188820779258045,9.68080398811239,0.0223161302455138,0.1275456101570394,0.2561581420083431,0.5896201080497815
F03||69||down,15,F03,69,down,1,1.28375,0.0160356452692379,0.0002000033855438,0.0001619429942584,39.91448551097868,4674.854182474225,7578.125,2.6921271866629928,10.072470922340615,0.026453868854688,0.1174622957267681,0.2871338508824092,0.5648690495237116
F03||71||trait,16,F03,71,trait,0,1.3395625,0.01846011575569,0.0002000033855438,0.0001661339567192,40.91552022872983,4843.980880323457,7671.875,2.50255768593503,9.889670769529545,0.0267991831679256,0.1306243086064897,0.2391639676643138,0.5997530810783079
F03||73||knee,17,F03,73,knee,1,1.311625,0.0287806659393186,0.0002000033855438,0.0001619508224043,44.994353617201945,4353.695192874501,7546.875,2.4032462828055885,9.23533019762504,0.0221090368917996,0.1371408193913464,0.3571297157795807,0.4799127819345437
F03||74||dark,18,F03,74,dark,0,1.004625,0.0156749603046761,0.0002000033855438,0.0001660588596882,39.49888796720548,4506.954093978257,7328.125,2.6642879718604098,9.712444765991052,0.0248001144422907,0.121095665617791,0.2796133665061821,0.5693210387333755
F03||78||bit,19,F03,78,bit,1,0.893,0.0211547889721325,0.0002000033855438,0.0001629624937068,42.2664207131333,4502.685771226401,7531.25,2.678645815645813,9.939993389980438,0.0348820108826589,0.1389811554408584,0.280858693913006,0.5404310113835338
F03||81||torn,20,F03,81,torn,0,1.172125,0.0125273476275784,0.0002000033855438,0.0001618978010058,37.77236358202341,4335.01984836348,7437.5,2.670480633183874,9.644351544350872,0.0223494251033489,0.1194020657757061,0.3712639766377137,0.4815695097614834
F03||82||share,21,F03,82,share,1,0.865125,0.0209923713285358,0.0002000033855438,0.0001662198696551,42.02757124942373,4513.238523637919,7640.625,2.153462505203008,8.993131407914333,0.0330939050525681,0.1495126426125507,0.2748635849340842,0.5368477982449211
F03||87||storm,22,F03,87,storm,1,1.6465625,0.0160669659397719,0.0002000033855438,0.0001651753273242,39.75977393831167,4203.900199138765,7437.5,2.5321830763129816,9.285054559917072,0.0256807251488445,0.1815607233249342,0.3207565143031926,0.4668760770333075
F03||90||jagged,23,F03,90,jagged,1,1.28375,0.0209508500043289,0.0002000033855438,0.0001638083437926,42.13731256456074,4640.247882639172,7656.25,2.4733089592025297,9.617950161306936,0.0242061934878916,0.1396536671847001,0.2709595312922949,0.5608123548473787
F03||92||swore,24,F03,92,swore,1,1.5906875,0.0257854054164024,0.0002000033855438,0.0001652819280956,43.86297187232572,4314.192823353522,7281.25,2.488890538284134,9.283804419040589,0.024433838795036,0.115496256129032,0.3368272917331372,0.5172149161189127
F03||94||feet,25,F03,94,feet,0,0.6418125,0.0352583764712947,0.0002000033855438,0.000163540351886,46.67274765513107,4501.96293685783,7390.625,2.6154767130033725,9.697587732371144,0.025694107419782,0.1129719348896869,0.3017290047172472,0.5538774264246333
F03||102||the,26,F03,102,the,1,0.5441875,0.0315894879110425,0.0002000033855438,0.0001644914247477,45.66798646904925,4778.238015490925,7578.125,2.455531950398899,9.753111893852234,0.024768021343009,0.0996233926521203,0.2585243199737256,0.6138710818270404
F03||104||beat,27,F03,104,beat,1,0.8511875,0.0217770439796899,0.0002000033855438,0.0001645219552824,42.43550131807488,4059.9128154022537,7250.0,2.571653106152102,9.223519495842304,0.0291850736798635,0.1819867382507545,0.3389508159647123,0.4439696088173449
F03||106||beat,28,F03,106,beat,1,0.641875,0.0247148405626383,0.0002000033855438,0.0001640066593312,43.56192661253287,4272.730239612434,7406.25,2.5440695140203933,9.425841604708928,0.0268004680033694,0.1471211991233063,0.3596495010300184,0.4628935622652527
F03||108||air,29,F03,108,air,1,1.1860625,0.0267441268823097,0.0002000033855438,0.0001648172096133,44.20451733673587,4625.7925311058925,7546.875,2.7143726417164484,10.24703789923202,0.028851022893361,0.1322916664155771,0.2699563549337111,0.5641887996917023
F03||109||farm,30,F03,109,farm,1,1.172125,0.0172141906291649,0.0002000033855438,0.0001655390977007,40.33972048681815,4353.085346854211,7375.0,2.517090132184823,9.579410067343924,0.0271744999287269,0.1393181722105556,0.3295766803691993,0.4992823743560743
F03||111||warm,31,F03,111,warm,1,1.4511875,0.0225457803720726,0.0002000033855438,0.0001617490811895,42.88446899377894,4587.552145809529,7500.0,2.797063572847333,10.222175979875455,0.0217597453845865,0.1222716087313487,0.3024349856663594,0.5491909705899187
F03||117||chair,32,F03,117,chair,1,1.195625,0.0182966080205344,0.0002000033855438,0.0001643753188409,40.93067951556698,4604.716916696939,7546.875,2.460577161556678,9.607678174662595,0.0302787124729562,0.125344773437989,0.2845074597628578,0.5556093455994503
F03||119||warm,33,F03,119,warm,1,1.12525,0.0281608831112637,0.0002000033855438,0.0001612979898652,44.84034629605844,4425.785677117836,7453.125,2.6156127893502408,9.79400114244448,0.0262816941593751,0.1455828279865949,0.3080550135523562,0.515126419924394
F03||127||storm,34,F03,127,storm,1,1.3010625,0.0175293344013202,0.0002000033855438,0.0001644026100587,40.55713435751287,4212.2436623704825,7421.875,2.5405478334587186,9.637575499663525,0.0275179245631124,0.1614847858193142,0.336664746995711,0.469442366648596
F03||129||bad,35,F03,129,bad,1,1.1076875,0.0125647909020203,0.0002000033855438,0.0001646755307312,37.650523876850414,4560.048929763199,7500.0,2.699204764599187,10.146791243502287,0.0264812442377837,0.1311293904649204,0.2703492819178597,0.5663154701996478
F03||130||gnaw,36,F03,130,gnaw,0,1.512125,0.0183601438148914,0.0002000033855438,0.0001673046419858,40.807361755334746,4613.417512272729,7468.75,2.8981263161768003,10.21147396639524,0.0267458525906198,0.122809026493398,0.2798584598643342,0.5657527990411754
F03||132||pile,37,F03,132,pile,0,1.1604375,0.020618204669047,0.0002000033855438,0.0001625680068418,42.06431530539657,4598.240298698028,7500.0,2.594402032513447,9.759624504909892,0.0240372517392237,0.1307763775587122,0.2713532870364708,0.5671665137922514
F03||134||shear,38,F03,134,shear,0,1.1076875,0.019184497379688,0.0002000033855438,0.000164015890186,41.36129000147631,4723.7628142700805,7718.75,2.129510337612198,8.88099489121103,0.0337580174565746,0.1411473266412575,0.2471484113596169,0.5735027391276746
F03||138||we're,39,F03,138,we're,0,1.1076875,0.0251454217213751,0.0002000033855438,0.0001643727723455,43.69258087165318,4134.375584683501,7015.625,2.8560586585513605,9.88633218005256,0.0256039121925759,0.1462967870841312,0.3557353881900148,0.4675941646129016
F03||140||steer,40,F03,140,steer,0,0.9494375,0.0223682932295274,0.0002000033855438,0.0001638014117296,42.70630413823879,4746.230108817776,7703.125,2.136413409713352,9.056602228615969,0.0245576007360442,0.1565683189990874,0.2592435575395992,0.555462332488357
F03||143||ate,41,F03,143,ate,1,0.8966875,0.0194978049908335,0.0002000033855438,0.0001611092610321,41.65730433565186,4762.534618394747,7593.75,2.4437533446457453,9.497762465832013,0.0226577588642073,0.1323270409342873,0.2617439531432881,0.5781863440979965
F03||146||sigh,42,F03,146,sigh,0,0.826375,0.0191098544485705,0.0002000033855438,0.0001662368834351,41.21059981967866,4441.230049742821,7609.375,2.1268747251776245,8.901090629753522,0.0235305161870677,0.1753994616296763,0.2891589288503626,0.5079781087207433
F03||156||witch,43,F03,156,witch,1,1.1840625,0.0162669520409288,0.0002000033855438,0.000165525351958,39.8488333252556,4653.763386116278,7640.625,2.671579722796815,10.32294651355841,0.0334343872680697,0.1325859453504473,0.2648385036186986,0.5650995804285385
F03||160||coupe,44,F03,160,coupe,0,0.899875,0.0174344648760091,0.0002000033855438,0.0001639791396407,40.532400369490816,4237.761302925991,7312.5,2.6550458515037607,9.756631393078097,0.0295009784494282,0.1727271937909213,0.2971409913981902,0.4957601440733783
F03||161||mut,45,F03,161,mut,1,1.113,0.0185758229096962,0.0002000033855438,0.0001644967299361,41.05581586355612,4293.521662895623,7234.375,2.678453139407967,9.717773639194194,0.0242186808454198,0.1496247099607796,0.3299932082536408,0.4899924620333261
F03||162||fate,46,F03,162,fate,0,0.7104375,0.0279089019622688,0.0002000033855438,0.0001647798887574,44.57677089538908,4477.966753534733,7500.0,2.2259363283948868,8.843663583627016,0.0292418891883464,0.1190050157374158,0.3201201958260167,0.5270218595948826
F03||164||sigh,47,F03,164,sigh,1,0.9235625,0.0137653059037141,0.0002000033855438,0.0001664491914631,38.35008354383497,4741.63532445578,7703.125,2.2723993563628238,9.529533762438495,0.0239032831654014,0.1614925839722636,0.2333275312082562,0.5763436405638735
F03||169||toot,48,F03,169,toot,0,0.663125,0.0190204225696977,0.0002000033855438,0.0001605389651612,41.47279404186648,4709.215808554279,7671.875,2.101210166396621,8.640231255893953,0.0249888250816845,0.1288256357207623,0.2787465054401772,0.5635731930488826
F03||171||write,49,F03,171,write,0,1.127625,0.0253743759524548,0.0002000033855438,0.0001639198586851,43.795275983868976,4386.473903452615,7437.5,2.583601791115334,9.641370115234327,0.025571131812428,0.1644271790017085,0.2913074923716529,0.512963200580499
F03||172||mere,50,F03,172,mere,0,1.5035,0.0198388046265339,0.0002000033855438,0.000163179829527,41.696980508072144,4431.863239890526,7468.75,2.660243373147289,9.769134360321775,0.022702680758619,0.134178504988582,0.3159471335811988,0.5203579810528142
F03||177||error,51,F03,177,error,1,1.571875,0.0223031963877872,0.0002000033855438,0.0001637724715085,42.6825241092429,4362.537427980765,7265.625,2.853662103172484,10.047185601973744,0.0354107317335911,0.135039826328687,0.2983808100456547,0.5253712073516724
F03||180||pad,52,F03,180,pad,0,0.95675,0.0150164788491594,0.0002000033855438,0.0001599410792126,39.4521617320413,4919.178089739978,7609.375,2.537815844140068,9.85358939266755,0.0277850499392333,0.1030986372148305,0.2419268443089518,0.6238106935057864
F03||181||sleep,53,F03,181,sleep,1,1.3668125,0.0096116775044925,0.0002000033855438,0.0001626274347077,35.43210758500133,4120.987835432328,7343.75,2.53915785971522,9.360700629558767,0.0240326346107601,0.1603944265350467,0.3685335054458934,0.4412234831061583
F03||183||cycle,54,F03,183,cycle,1,0.820125,0.023852780611989,0.0002000033855438,0.00016394998755,43.25655251416968,4616.164198668101,7609.375,2.027297604670746,8.719952867202991,0.033070950478212,0.1432681248613843,0.2826908326984699,0.5360088415947803
F03||187||hear,55,F03,187,hear,0,0.95675,0.0314049769274491,0.0002000033855438,0.0001673099249299,45.46953548650229,4703.018812993561,7687.5,2.198187023047402,8.966513454031617,0.0233409150973052,0.1276249203453294,0.3031355829390198,0.5417993020478338
F03||189||galore,56,F03,189,galore,0,1.2985,0.030937140889064,0.0002000033855438,0.0001622990679596,45.60328298649195,4768.925218775301,7515.625,2.596236648669449,10.114926025056224,0.026214673914945,0.1147573039380882,0.2644888131873528,0.5907930911354163
F03||192||knew,57,F03,192,knew,1,1.1959375,0.019391255869879,0.0002000033855438,0.0001651874584049,41.39257731691525,4784.308776727671,7500.0,2.855452756594564,10.392719284566782,0.0246165282333178,0.1241934121796827,0.2344775093064309,0.6127719594846346
F03||193||sigh,58,F03,193,sigh,0,1.4351875,0.0182095879109336,0.0002000033855438,0.0001640522728497,40.9063573202587,4600.097367802581,7609.375,2.415405217205749,9.486371709420052,0.0343926995363513,0.1234184353864913,0.2938208675733355,0.5438258849788984
F03||203||bat,59,F03,203,bat,0,1.127625,0.0162387944015164,0.0002000033855438,0.0001645772743988,39.88367835335325,4298.431496940337,7359.375,2.627089661577886,9.558788919610343,0.028725259391554,0.1440263699713403,0.3279170910485242,0.4939606364178908
F03||204||ate,60,F03,204,ate,0,0.85425,0.0128245716207527,0.0002000033855438,0.000163356396403,37.898134457049714,4677.813238406788,7625.0,2.399225260324147,9.102863664389629,0.025450395284756,0.1604568712974374,0.2265884483158299,0.5839649845300244
F03||2||know,61,F03,2,know,0,2.46,0.0942598680881188,0.0002000033855438,0.0001713676783845,54.8079582902994,4440.009014038602,7484.375,1.0871191067102564,5.701475441930779,0.0269930154583966,0.1825694684703298,0.2605953258586189,0.5235501319005706
F03||3||though,62,F03,3,though,0,1.575,0.1234294124560135,0.0002000033855438,0.0001789446755788,56.77399762021072,3720.6921904932274,6921.875,0.9735974785580038,3.6546797145096193,0.0277703171588523,0.2821434054148786,0.283655744978409,0.398940271680814
F03||4||droop,63,F03,4,droop,1,4.145,0.0389640198784949,0.0002000033855438,0.000169978746825,47.20538266354457,4361.339285315392,7515.625,1.1191723933007982,5.778867501749485,0.0305895556535498,0.2010665065200984,0.2665611544881733,0.4951756589779923
F03||15||deer,64,F03,15,deer,0,1.94,0.0740188460350649,0.0002000033855438,0.0001758762006034,52.482704699392286,4184.935093167656,7281.25,1.0016730639669489,4.470201030916367,0.0370229143643024,0.1816367356255195,0.2818685318145228,0.4901615024105403
F03||25||briar,65,F03,25,briar,0,2.42,0.0956144307923065,0.0002000033855438,0.0001759089969684,54.704707833685816,4014.046375585227,7296.875,1.0400509187059026,4.782961273109095,0.0280489723370034,0.2362348635962318,0.2781888023409822,0.4496393601157011
F03||36||thigh,66,F03,36,thigh,1,2.32,0.0550692010402327,0.0002000033855438,0.0001644869649593,50.49554576780761,6260.318144299039,7812.5,1.3511803666372004,7.360588184712903,0.0170792037674362,0.0740378122947431,0.1028579219061277,0.8035289242709596
F03||38||much,67,F03,38,much,0,2.395,0.0602300010833693,0.0002000033855438,0.0001756362447302,50.70397456158493,4151.947073258274,7484.375,1.024276744499361,5.106974818582937,0.0446466116237541,0.2000752684661938,0.280090088137369,0.4674826589153586
F03||41||slip,68,F03,41,slip,1,2.215,0.0607000706011926,0.0002000033855438,0.000169179404429,51.09683408905954,4322.815717412284,7343.75,0.9740779064742416,4.351073011515307,0.0385399580375789,0.1957798451748589,0.2431260707541101,0.5156874646310694
F03||42||slip,69,F03,42,slip,1,4.6,0.0282967597236949,0.0002000033855438,0.0001629502632326,44.79363281443448,4490.356642519281,7515.625,1.0323165527512397,5.118266788463433,0.0456316149865216,0.1941198341236884,0.2036320615042887,0.549544735230826
F03||45||knot,70,F03,45,knot,0,2.425,0.0579867227186116,0.0002000033855438,0.0001706953582206,50.62213705452029,4476.69731345244,7546.875,1.1213431838907564,5.663083115697717,0.0342577240553172,0.2038839103144148,0.2221852274269065,0.5330816261963067
F03||49||slay,71,F03,49,slay,0,1.795,0.0662045664162955,0.0002000033855438,0.0001591333127066,52.38253683979645,4969.643523296878,7593.75,1.008272931744832,5.37133537199982,0.0298253205558704,0.1573233522215331,0.1990202263695405,0.6076095252190225
F03||50||root,72,F03,50,root,1,1.8450625,0.0779368196065736,0.0002000033855438,0.00017293821604,53.07703409524205,4182.828746451698,7453.125,1.069982519390498,5.343698467336054,0.035831288439508,0.2116765394926566,0.2611990536330984,0.4823898452710853
F03||51||snoop,73,F03,51,snoop,1,1.65,0.0455155715946812,0.0002000033855438,0.0001748156806457,48.31159231209079,4859.980821226948,7718.75,1.152555015326449,5.430130044472675,0.0298710359573899,0.1881768408175019,0.1938538811593451,0.582308984173575
F03||53||four,74,F03,53,four,0,2.235,0.084067635972102,0.0002000033855438,0.0001768771656915,53.5391412913895,3887.667205145802,7109.375,1.01807375235722,4.164680449190889,0.0338674095159099,0.2157972340393129,0.3163999768024415,0.427274058406308
F03||57||write,75,F03,57,write,0,1.39,0.0817098648747528,0.0002000033855438,0.0001797629576829,53.15148574554076,3913.143669676777,7234.375,1.048424018423237,4.721346295821182,0.0305830261435797,0.2318107667808732,0.2954453208979122,0.4310943867058446
F03||60||cart,76,F03,60,cart,1,1.46,0.0850664772040787,0.0002000033855438,0.0001757261208095,53.69844252118572,4003.767182350184,7234.375,0.9758189962903931,4.202956325460607,0.0392264868122212,0.1914701259586702,0.3174207336917301,0.4439442212075428
F03||65||fat,77,F03,65,fat,0,1.485,0.0837118283473008,0.0002000033855438,0.0001657523097725,54.06654476788913,3889.4597251998775,7312.5,0.974054954471192,4.330869210562848,0.0294884655457369,0.2695767167570964,0.2655757181033725,0.4287142002443219
F03||67||spain,78,F03,67,spain,0,3.055,0.0444220302195089,0.0002000033855438,0.0001581766289157,48.969121753350166,5535.849171347505,7750.0,1.2166062685507986,6.507763759975551,0.0227423485542356,0.1375544363734001,0.1423216962045508,0.6932547662803473
F03||77||leak,79,F03,77,leak,1,1.285,0.041727166309545,0.0002000033855438,0.000168708424254,47.86564247363224,4729.95936539596,7625.0,1.2300417153119172,6.687335232309939,0.0243849155893046,0.179785171243664,0.2317128673117803,0.5579854156660647
F03||79||thought,80,F03,79,thought,1,3.85,0.0486026916437694,0.0002000033855438,0.0001642136895491,49.42501924948208,4314.4211043393525,7484.375,1.030228233073102,4.981497652377582,0.0417608331288044,0.2026049372959902,0.2235252373521502,0.5252367040086273
F03||82||seeds,81,F03,82,seeds,1,1.845,0.0511131433034874,0.0002000033855438,0.000167699528753,49.68001494721149,4889.814180197153,7640.625,1.063221533152132,5.260237735022644,0.0206341177264882,0.1327862627597343,0.2609135062361718,0.5769828251199444
F03||84||hem,82,F03,84,hem,0,3.995,0.0584937251829543,0.0002000033855438,0.0001663783754567,50.920248017935386,4561.731203112021,7546.875,1.088766940638198,6.009023349597363,0.0349119818007509,0.1843318037195963,0.2348743443186103,0.5388760635414297
F03||89||loyal,83,F03,89,loyal,0,2.63,0.0899582006100992,0.0002000033855438,0.0001714688330118,54.39711135484876,3882.957584126334,6843.75,0.9331968088014264,3.666144337853599,0.0369046561269794,0.1793196332951573,0.3433939117854733,0.4296022144751022
F03||91||much,84,F03,91,much,0,1.74,0.0747392486164515,0.0002000033855438,0.0001740525200231,52.6573682358348,4544.751787295265,7546.875,1.0380545441132891,5.466120475852121,0.0346147067877599,0.1710902900744598,0.2556657280183991,0.5320578290335809
F03||93||golf,85,F03,93,golf,0,1.75,0.1119537738128609,0.0002000033855438,0.0001750164331196,56.11919818179939,3950.374681972521,7203.125,0.9351972086711746,3.69536552441593,0.0510068906464318,0.2164643374520218,0.2628704736530429,0.461813834146374
F03||96||seed,86,F03,96,seed,0,1.475,0.0697489084594703,0.0002000033855438,0.0001657377231321,52.48232094336723,4589.534041663268,7562.5,0.9585915251640932,4.758695606746855,0.0290512269350279,0.1816136319136666,0.2420705626298878,0.5400225392202886
F03||102||mike,87,F03,102,mike,0,2.415,0.0509592914511624,0.0002000033855438,0.0001682480414321,49.62546727046829,4551.297111586706,7593.75,1.0566089413036297,5.3229762709626085,0.0253745570294858,0.1894613390848958,0.2554304489344183,0.5217775462110376
F03||103||city,88,F03,103,city,0,1.5150625,0.0977747784470397,0.0002000033855438,0.0001767868091539,54.855539665637394,4010.032491077588,7296.875,0.9041724040597524,3.897044252291359,0.0369286712529248,0.1833736566084057,0.3230818311978984,0.4481793743905593
F03||104||sitting,89,F03,104,sitting,0,2.54,0.0849262150201487,0.0002000033855438,0.0001725656923577,53.841746214088985,4296.592451493615,7375.0,0.8131439236668234,3.4094776201930466,0.0305493374752101,0.1963936446008083,0.2448258328004506,0.5189467106526097
F03||105||witty,90,F03,105,witty,0,2.73,0.0847390805005717,0.0002000033855438,0.0001681674687725,54.046835197542016,3842.1120917171743,7140.625,0.792562946474008,2.944922050666185,0.0404094217971197,0.2137835022449432,0.2845197016658129,0.4444182347595035
F03||106||sign,91,F03,106,sign,0,2.92,0.0599164519754301,0.0002000033855438,0.0001639540493602,51.25647881559995,5787.963061158269,7781.25,1.0828779988481592,5.118639588524147,0.0251836924198558,0.1003910662616001,0.1366313567134996,0.7340116177537073
F03||110||brawn,92,F03,110,brawn,0,5.945,0.0721574931687934,0.0002000033855438,0.0001698213500888,52.56578295403899,4571.959487200984,7531.25,0.8511987311569662,4.036120931615383,0.035316581735186,0.1598079547825124,0.2334287144173938,0.5623332781037648
F03||112||league,93,F03,112,league,0,2.2550625,0.1906666766808883,0.0002000033855438,0.0001653617864015,61.23679283120878,6465.975081992435,7765.625,0.536521280756001,1.2624327291542263,0.0137304637972573,0.0594502223173463,0.0977810241578358,0.826611934906598
F03||113||five,94,F03,113,five,0,1.865,0.1821565527138792,0.0002000033855438,0.000159019967597,61.17986276196456,6245.916853664147,7765.625,0.5499747069471285,1.3946836645189922,0.0171982211716834,0.0786883198706397,0.1047676603414671,0.7961950402078366
F03||114||eight,95,F03,114,eight,0,1.635,0.1198085242843484,0.0002000033855438,0.000173676672555,56.77492457853496,4529.632848268742,7359.375,0.7497724530676485,3.03312154954117,0.0307722184489817,0.161778927040347,0.2324042920015221,0.5665181315297824
F03||115||liar,96,F03,115,liar,1,1.735,0.1557593528960484,0.0002000033855438,0.0001743785998848,59.01921895833147,4561.314111223119,7375.0,0.8180665080359291,3.5767016825569145,0.0290070089262814,0.1353254539353371,0.2602347626910173,0.5676511066675471
F03||116||lair,97,F03,116,lair,0,1.4050625,0.1411641812757641,0.0002000033855438,0.0001683697948149,58.46920662037364,4233.6132223447175,7312.5,0.7739547620408903,3.307112119360806,0.0310969751167755,0.1709358936018994,0.2810960949326864,0.5076981650898784
F03||119||sigh,98,F03,119,sigh,0,1.77,0.0755736597999259,0.0002000033855438,0.000167897581534,53.06652027693709,5026.221904536694,7640.625,1.0542168579614528,5.496989881310913,0.0275471607513743,0.15721280095351,0.1991682728924431,0.6092514007059924
F03||120||fitting,99,F03,120,fitting,1,2.205,0.2009207591797669,0.0002000033855438,0.0001820475167851,60.85680102294256,3844.306332273037,6703.125,0.8602085486383948,2.5527743152872477,0.0343428558434389,0.1856489373738692,0.3574339463085692,0.4156242884120789
F03||126||nine,100,F03,126,nine,0,1.385,0.1908079013042812,0.0002000033855438,0.0001795931812086,60.52613022802732,4393.481257146337,7328.125,1.0252726691910763,4.59622768747376,0.0238564457327584,0.1605763810567014,0.2967874260441571,0.5127115534897847
F03||128||six,101,F03,128,six,0,1.475,0.0897610927006331,0.0002000033855438,0.0001722520634611,54.3384739527862,3987.542372834023,7296.875,0.8376397588847955,3.056231036442245,0.0413182021342425,0.2432958354905048,0.2433567558867367,0.4653006536356106
F03||129||dark,102,F03,129,dark,1,1.5500625,0.1671784723280722,0.0002000033855438,0.0001780439146299,59.45306435694975,3819.6760508075895,6890.625,0.9061318032604698,3.2649142768913118,0.0303738559243606,0.2051563726975659,0.3471921775601066,0.4108990037142524
F03||134||mitten,103,F03,134,mitten,1,2.465,0.0895830416262559,0.0002000033855438,0.0001754383134493,54.16202720722012,4436.615293494828,7375.0,1.0245302139571255,4.856703609052707,0.0268867825589461,0.1679606555591464,0.2792424596806103,0.5200217731721953
F03||135||barn,104,F03,135,barn,1,1.175,0.1157623300380922,0.0002000033855438,0.0001767249591671,56.32538739184235,4333.786254536601,7500.0,1.1169289554529838,5.948709701134394,0.0287431732331418,0.1765490489457197,0.2896136183185996,0.4974614659674282
F03||136||pit,105,F03,136,pit,1,1.56,0.0698749660515078,0.0002000033855438,0.0001756387672972,51.99402459005175,4032.491097955408,7359.375,1.0389388728380102,5.020151811894914,0.0284938829679161,0.2409225083832231,0.276079737453877,0.4469591586998593
F03||138||hitting,106,F03,138,hitting,0,1.265,0.1148071890908022,0.0002000033855438,0.0001705108227207,56.56434268063632,4174.874397590204,7390.625,1.0175177512020095,4.756443658127514,0.0271692197542031,0.1910944120170224,0.3066030243511443,0.4697516955101325
F03||140||hitting,107,F03,140,hitting,0,1.74,0.1501188114560624,0.0002000033855438,0.0001768193774203,58.57810520404265,4221.64918565161,7265.625,0.9615288457525673,4.168876751680828,0.0262133120726426,0.1785744304754693,0.3042853093505637,0.4840735473089779
F03||150||vat,108,F03,150,vat,0,1.645,0.0601201530818498,0.0002000033855438,0.0001701906671352,50.96168674108551,4784.331373692846,7531.25,1.0404433187276014,5.6783460793061895,0.0315991443168871,0.1554875852285788,0.2117885571839165,0.593330204091939
F03||151||fill,109,F03,151,fill,0,1.2100625,0.0745481997215813,0.0002000033855438,0.0001711594278001,52.78072668248481,4898.521737574316,7562.5,1.0323344004893684,5.75068742614279,0.02373419391015,0.1723729218447554,0.1961701399956197,0.6026278336874851
F03||152||tell,110,F03,152,tell,0,1.2550625,0.0723506281468871,0.0002000033855438,0.0001663506377551,52.76835671604105,5076.871136916387,7609.375,0.9833777422552512,5.180944059940114,0.0288521400383121,0.1423326034543744,0.1933744872768426,0.6294091284335078
F03||154||witch,111,F03,154,witch,0,1.375,0.0676618511702612,0.0002000033855438,0.0001769823333591,51.64827917875358,4274.359686642574,7421.875,0.9203803828570588,4.341500914736422,0.0355517276954129,0.2282643807374982,0.2304281698276377,0.4987137591087061
F03||5||shop,112,F03,5,shop,1,2.175,0.0197044367351676,0.0002000033855438,0.0001641961203745,41.58402266755072,5026.448407681557,7781.25,2.8421182530996534,15.209327001584452,0.0289972324974482,0.1449090817256947,0.1981574126597172,0.621714390339425
F03||12||write,113,F03,12,write,0,1.735,0.0250021757845786,0.0002000033855438,0.000163970141593,43.66426065165129,4871.021632732672,7687.5,2.812238094654307,15.112321650903745,0.031075455276311,0.1361329196273748,0.2270437266563433,0.5990836634629882
F03||13||geese,114,F03,13,geese,0,2.32,0.015262543373451,0.0002000033855438,0.0001653001946749,39.307070922004336,5098.033941217785,7781.25,2.611710137544857,13.539687460520824,0.0300418781430253,0.1503761560735906,0.1841555982118256,0.6292056508524402
F03||14||blend,115,F03,14,blend,1,1.8,0.0325462443846991,0.0002000033855438,0.0001632584833743,45.99250246914488,5136.173067077978,7703.125,2.6356429327255637,14.18759935228712,0.0229394164456616,0.1294036583294704,0.1975749122153278,0.6457646207341909
F03||16||sierra,116,F03,16,sierra,0,2.5200625,0.0329945095101863,0.0002000033855438,0.0001667123652274,45.92947727040097,4045.0037180853215,6968.75,2.4762138932396427,11.623529480551,0.0373390745394963,0.1923994283403004,0.276817229597075,0.4861906259415824
F03||19||muck,117,F03,19,muck,1,2.235,0.0165832519322375,0.0002000033855438,0.0001627339821042,40.1638289362013,5160.997876825796,7765.625,2.927055612081483,15.734681080573054,0.021350521599557,0.1325096042846496,0.1887919942993208,0.6512786133293056
F03||20||pit,118,F03,20,pit,1,1.915,0.0509823103507495,0.0002000033855438,0.0001654956310992,49.77265958012679,3108.0840034058474,5562.5,2.320358097880301,10.22925792558386,0.0458252157258334,0.3100878505414862,0.346080492676327,0.2897599451969926
F03||24||chip,119,F03,24,chip,0,2.2350625,0.0122686713499859,0.0002000033855438,0.0001629514054626,37.53478844445763,5046.662704686034,7750.0,2.914245910380199,15.546888228026416,0.032677175329213,0.1367251446738744,0.1950086342744452,0.6299789023725919
F03||28||knot,120,F03,28,knot,1,2.035,0.0251117341620656,0.0002000033855438,0.0001635665721112,43.72364305968439,4920.861396800463,7734.375,2.873762929702218,15.10893393290256,0.0258887743059543,0.1381013796835701,0.2159384958391589,0.614846518747227
F03||33||quart,121,F03,33,quart,1,2.42,0.0329590724751813,0.0002000033855438,0.0001666836509097,45.9216395413161,4208.509916884473,6968.75,2.6800840966338524,12.032234973022923,0.0383449282349076,0.1758493658315294,0.2409454168310355,0.5369942005105494
F03||35||bread,122,F03,35,bread,0,1.6,0.0373309401446034,0.0002000033855438,0.0001663650990993,47.02013408631175,4219.419997952425,7078.125,2.638047983066939,12.892651427208014,0.0328165278514497,0.1501988031376823,0.2976106838821065,0.5124607459678746
F03||37||bird,123,F03,37,bird,1,3.35,0.0337236564097366,0.0002000033855438,0.0001644778702842,46.23654363852185,3943.258898868082,6687.5,2.6917352792533027,11.84451217359802,0.0376579523272799,0.1874643198254689,0.2897413009247432,0.4771235237798593
F03||42||mill,124,F03,42,mill,1,1.915,0.0349472234925717,0.0002000033855438,0.0001649107055209,46.52327655365487,4571.496322345832,7546.875,2.700769118126347,13.856089579553972,0.0354529423287359,0.1613892525740663,0.2406091625372192,0.5555221004289413
F03||49||geese,125,F03,49,geese,1,1.575,0.022789683999221,0.0002000033855438,0.0001650270181502,42.80366501556711,5104.831082558363,7765.625,2.482567964564946,13.567434998927167,0.0226839420889023,0.1362638723125349,0.2107583658281303,0.6259810260153796
F03||53||rise,126,F03,53,rise,0,2.345,0.0207020516034722,0.0002000033855438,0.0001638504963236,42.031312511055965,5134.70499058934,7765.625,2.7852610688450747,15.13564020569532,0.0238561125902599,0.1296205135602375,0.1941874407526246,0.647506665507651
F03||59||tread,127,F03,59,tread,1,1.88,0.0284339281493355,0.0002000033855438,0.0001687188217175,44.53346655786831,4890.099743295436,7703.125,2.760168827809492,15.094440386607417,0.0236505893976732,0.1573324011188718,0.2167290217847566,0.5968530069903043
F03||60||chair,128,F03,60,chair,0,1.745,0.0213804198916719,0.0002000033855438,0.0001626917506052,42.37301395594935,4764.547502843703,7718.75,2.693981736022829,13.932488526436115,0.0274023985450988,0.1341278524679701,0.2487482432574505,0.5834856333472529
F03||62||cork,129,F03,62,cork,1,1.33,0.0282399860594632,0.0002000033855438,0.0001631775152892,44.764083243370735,5163.94100404952,7750.0,2.7697262070671025,14.772356962693005,0.0202168642440249,0.1030157162881752,0.2289126096648058,0.64295186801942
F03||64||rid,130,F03,64,rid,0,1.535,0.0273740573955734,0.0002000033855438,0.0001600467495247,44.6618463052392,5064.733493139059,7750.0,2.7444124897029227,14.978560690179494,0.0277501141621273,0.1401382911582924,0.2006217567893391,0.6264687149174353
F03||69||sheet,131,F03,69,sheet,0,1.52,0.0210824917645901,0.0002000033855438,0.0001661645236917,42.067672647111785,4448.064544834754,7687.5,2.6621278998847613,13.711821296121109,0.0356564937797535,0.1678046949354662,0.2863667704287122,0.5034108347880372
F03||71||tort,132,F03,71,tort,0,1.4350625,0.0318046717768253,0.0002000033855438,0.0001657388518336,45.66133184230228,4269.305674317712,7296.875,2.654642539146769,13.332914296379055,0.0336260500545074,0.18176269979311,0.258103769799864,0.5197477775283469
F03||72||bed,133,F03,72,bed,0,1.375,0.0329816993100922,0.0002000033855438,0.0001669661068406,45.91289414296061,4375.594658994035,7437.5,2.66199689221148,13.708450983456029,0.0310155430188772,0.1628398984196129,0.2614936431643017,0.537538387764626
F03||73||walk,134,F03,73,walk,1,1.455,0.0311542555428244,0.0002000033855438,0.0001631661313681,45.61774722497341,4565.669790485048,7546.875,2.6501160462405835,13.804865556530263,0.033801462943133,0.1516651179015417,0.2608139138977079,0.5469932610306618
F03||76||hat,135,F03,76,hat,0,1.4600625,0.0439970342475082,0.0002000033855438,0.0001633811382909,48.6044297008759,4396.828024326072,7468.75,2.510719860003865,12.705824294382635,0.0412155962251709,0.1748757976305659,0.2420554585664485,0.5353658593083827
F03||80||sew,136,F03,80,sew,0,2.465,0.0347671897389943,0.0002000033855438,0.0001652795833948,46.45900756450825,4371.819994517115,7437.5,2.587892705069012,12.76224822176618,0.0345359257798468,0.1632166672247034,0.2744513214186495,0.5212823113118952
F03||81||chop,137,F03,81,chop,1,2.01,0.0214289136627742,0.0002000033855438,0.0001635315391293,42.3479726160904,5112.6432664778295,7750.0,2.8545424487220075,15.363122864263962,0.0322434094417471,0.1251108763154072,0.2008208050481167,0.6370725862507371
F03||85||glitter,138,F03,85,glitter,0,1.3000625,0.0478176961324713,0.0002000033855438,0.0001665307345949,49.161885001501815,4200.108507522199,7281.25,2.5217530473610648,12.436543430530966,0.0295916146776702,0.1762206034943175,0.2899032953946899,0.4973296040218952
F03||86||sip,139,F03,86,sip,1,1.72,0.0176233179033653,0.0002000033855438,0.0001636071409371,40.64570840210058,4271.211036992341,7468.75,2.5628961179931458,12.419166245748832,0.0334297540253752,0.1623333603256801,0.2990408696245799,0.4967154368926692
F03||92||zip,140,F03,92,zip,0,1.7,0.0204989686012964,0.0002000033855438,0.0001632108875482,41.979657674421816,4564.238314374796,7531.25,2.8232989675375117,14.22487899228848,0.0410401140266307,0.1598496005550164,0.2265081309239614,0.5667667774015548
F03||100||sew,141,F03,100,sew,0,1.57,0.024569942068817,0.0002000033855438,0.000165779018782,43.41749135412857,4587.275707980789,7609.375,2.531937604743082,12.805537099063924,0.0323933811530686,0.166102660651203,0.2537826353552368,0.541470356426196
F03||103||dice,142,F03,103,dice,0,2.285,0.0353093910227708,0.0002000033855438,0.0001631036732794,46.708529708880334,4640.290456749641,7484.375,2.664347611376737,13.444646136497006,0.0267915715171163,0.1367735682359402,0.2461584666364152,0.5829830261434685
F03||111||shred,143,F03,111,shred,1,1.38,0.0294478623872719,0.0002000033855438,0.0001634425465488,45.1137730931011,4779.920660841628,7765.625,2.5318836139555314,13.189086463496997,0.0256376432487036,0.1467792823945991,0.2428991860280628,0.5794701962768869
F03||114||goat,144,F03,114,goat,1,1.68,0.0329803548754269,0.0002000033855438,0.0001668627520138,45.917918448908495,4642.183883010484,7484.375,2.7071019003637216,13.356219627528676,0.027935449256145,0.1392703246983976,0.2374223371076514,0.5896235394658843
F03||120||sort,145,F03,120,sort,0,1.34,0.0262220610494433,0.0002000033855438,0.0001623670699801,44.16337741084743,4808.357234549347,7703.125,2.553474627660653,13.13968931283078,0.0260570983176512,0.1575458060489303,0.2285912893018062,0.5825956042837207
F03||124||bitten,146,F03,124,bitten,1,1.3400625,0.0290696476285098,0.0002000033855438,0.0001625043035225,45.051498015373575,4281.711513906156,7343.75,2.446429929433576,12.29698874245512,0.0303959498190224,0.1620720560984493,0.3029532696187872,0.4983171013111969
F03||126||in,147,F03,126,in,1,1.165,0.0410614742755556,0.0002000033855438,0.0001617632127578,48.09109548943589,4283.6513832382125,7375.0,2.552878833737785,13.143312188212432,0.0331889090438868,0.1562647381891193,0.3077636317559645,0.4944592868750643
F03||129||sink,148,F03,129,sink,0,1.35,0.022375578924543,0.0002000033855438,0.0001614640770358,42.83396732506957,5073.8881082954695,7750.0,2.4052800875924034,13.24582546757888,0.0246132331626056,0.1243055473492472,0.2360444998058741,0.611497275971036
F03||132||meats,149,F03,132,meats,1,1.365,0.0344107149604213,0.0002000033855438,0.0001646837760278,46.40085759608026,4955.518543242625,7765.625,2.6022572672691857,13.567247564904903,0.0233955919605756,0.1262185305436204,0.2462830795175639,0.5986513332763824
F03||138||slicker,150,F03,138,slicker,1,1.64,0.038741776780871,0.0002000033855438,0.0001658605789567,47.36872715015533,4292.152427208022,7484.375,2.281899881436846,11.746352525806133,0.0247581286257857,0.1512906838474092,0.3357818284784198,0.4798069761571615
F03||139||court,151,F03,139,court,0,1.565,0.0345431409566522,0.0002000033855438,0.0001638402046225,46.47882686175773,4455.040557790454,7468.75,2.7033726712611243,13.560107908881472,0.0312202345673959,0.1654504630571947,0.2604552369474389,0.5380021759212115
F03||144||bill,152,F03,144,bill,0,1.58,0.0385779758352558,0.0002000033855438,0.0001635418444827,47.45421090294919,4237.856126429634,7265.625,2.6231809730960087,13.05118060866509,0.0302375881502541,0.1580453705338097,0.3095511262750859,0.4952600375599901
F03||148||shoot,153,F03,148,shoot,0,0.8950625,0.0354529998784774,0.0002000033855438,0.0001646520695985,46.66171590447576,4172.204395443267,7046.875,2.419817183763009,10.91477432085853,0.0298847639158701,0.1672260537467254,0.2933342085898295,0.5022425106048574
F03||151||ray,154,F03,151,ray,1,1.7150625,0.0339904273385553,0.0002000033855438,0.0001629718512537,46.384880516591416,4547.306226483993,7484.375,2.783668136861795,13.925815100159532,0.0272392899625913,0.1565606659138203,0.2542031727160291,0.5560812112257596
F03||152||lock,155,F03,152,lock,0,1.525,0.0392609227110844,0.0002000033855438,0.0001620330167913,47.6871396849852,4628.866021276896,7515.625,2.730283594325857,13.908684995653672,0.0305365878025962,0.1384773780927358,0.2628851001625989,0.5637194637452321
F03||154||nut,156,F03,154,nut,0,2.205,0.0247717678150388,0.0002000033855438,0.000161051379096,43.739851053161885,4990.306128114216,7765.625,2.8485764877630486,15.834107781756504,0.0287925068127694,0.1394900733007344,0.2200467655965471,0.6062408407443289
F03||158||brought,157,F03,158,brought,0,1.905,0.025405214257318,0.0002000033855438,0.0001604329617807,43.99258521531483,4922.200896198864,7656.25,2.793128106906054,14.230968370378315,0.0256221562230451,0.132852345827858,0.2278035182321285,0.6089266371703804
F03||159||chip,158,F03,159,chip,1,1.335,0.0151871655703994,0.0002000033855438,0.0001628742212005,39.39248751090858,4807.662656153563,7718.75,2.800795552088822,14.257683328631003,0.027629870793724,0.1609358842592943,0.2073001513263892,0.5973313121376806
F03||160||yankee,159,F03,160,yankee,0,1.215,0.0399171828108915,0.0002000033855438,0.0001630283480879,47.77793509970256,4193.376703989658,7375.0,2.064207231460064,10.438091654216144,0.0303983030483093,0.1780402870631031,0.3139125340868416,0.4694981477816097
F03||161||sip,160,F03,161,sip,1,1.315,0.0218501829168959,0.0002000033855438,0.0001646588529851,42.4573998238525,4669.710837267537,7546.875,2.7093305600681545,14.2803877477929,0.0298190389392623,0.1423676525799998,0.2542321506917019,0.5688209246602799
F03||163||knot,161,F03,163,knot,0,1.305,0.0296723349364541,0.0002000033855438,0.0001642337681769,45.137785303001365,4825.749648800682,7750.0,2.782757323196814,14.935472246518817,0.0256298912058713,0.1273050953492788,0.264392484698121,0.5761445443349231
F03||164||sing,162,F03,164,sing,1,1.4800625,0.0378752344374952,0.0002000033855438,0.0001616061659787,47.39794805409264,4934.9926468457,7718.75,2.552007099957136,13.65304098202929,0.0253873900512424,0.1586592076357113,0.2109563603873736,0.599764639861413
F03||165||dart,163,F03,165,dart,0,1.445,0.0432884893147468,0.0002000033855438,0.0001640556351561,48.427625548989504,4093.285645327898,6906.25,2.477035098385825,11.92171071073711,0.0352337106523391,0.1650161483151883,0.3062551262064814,0.48645940271723
F03||167||sin,164,F03,167,sin,1,1.385,0.0350895206452625,0.0002000033855438,0.0001637070706215,46.62219996205509,4738.06183952401,7609.375,2.4322763487664,12.538287652169156,0.0318969944552583,0.1534565382733995,0.2400507112857323,0.5690318661486063
F03||170||leak,165,F03,170,leak,0,1.2400625,0.0172376826057464,0.0002000033855438,0.0001626472167148,40.504644880146856,5105.172264564369,7765.625,2.577780175056096,14.093871763138033,0.0219063338443115,0.1461714069047868,0.191114203748698,0.6357975521259426
F03||171||hill,166,F03,171,hill,0,1.5250625,0.0257497059430589,0.0002000033855438,0.00016352065831,43.94399293956475,5186.2856613330405,7765.625,2.781312543687664,15.306663081672866,0.0254935338138316,0.1346423403868786,0.1859003103939809,0.6493401951608455
F03||173||red,167,F03,173,red,0,1.45,0.0378728414132803,0.0002000033855438,0.0001651080219098,47.21119429986035,4974.808928589251,7718.75,2.4517284498425007,12.3766247011,0.0242544943467623,0.1242228403286123,0.2183466377316478,0.6279327191978942
F03||179||dice,168,F03,179,dice,0,2.605,0.0237694014879961,0.0002000033855438,0.0001636197816123,43.24364875394474,4539.922097670879,7578.125,2.641208272117912,13.46435064444746,0.033415368724301,0.1595087029944069,0.2566353046797854,0.5442934808025106
F03||194||hotel,169,F03,194,hotel,1,1.975,0.0306507297187395,0.0002000033855438,0.0001649410895787,45.38223918673444,4736.734871897269,7687.5,2.5962124764472785,13.303639100098678,0.0359313164279267,0.1391985493225371,0.2447548248878454,0.57356755160521
F03||195||foe,170,F03,195,foe,0,1.58,0.0320523714090591,0.0002000033855438,0.0001636164470505,45.84066417681644,4420.875435926509,7406.25,2.6530652051388244,12.956433850643911,0.031740662252016,0.1556724827149789,0.2572858040705975,0.5486065062279238
F03||203||sheet,171,F03,203,sheet,1,1.99,0.0156776409724981,0.0002000033855438,0.0001650071976407,39.55555651988769,4649.739117043079,7734.375,2.7289332984563743,13.468407279403944,0.0296487557960494,0.1725170996724271,0.2256499392517528,0.5647889900658891
F03||205||zip,172,F03,205,zip,0,1.2850625,0.0275722854859877,0.0002000033855438,0.0001650259000813,44.458413128384606,3836.262724964676,6953.125,2.550094455617084,11.857022748958022,0.0512445895042715,0.2369568649372801,0.2573867464101876,0.4480059370998174
F03||207||ride,173,F03,207,ride,0,1.2350625,0.0367252214280183,0.0002000033855438,0.0001616323172581,47.12872447372654,4851.714955170725,7687.5,2.724645478153921,14.705168831823936,0.0257944851521903,0.1230363334057275,0.2604419360516097,0.5861936561118491
F03||208||him,174,F03,208,him,1,1.295,0.0339928299817966,0.0002000033855438,0.0001654098157263,46.25652088570064,5145.180383261398,7765.625,2.819586554526526,15.369672778023856,0.0246243150088063,0.1230107205122468,0.2000565964502177,0.6460411253274154
F03||210||sell,175,F03,210,sell,0,1.26,0.0312274468076038,0.0002000033855438,0.0001579894068811,45.9181701715806,4898.461007209884,7718.75,2.403117521591655,12.681065462785568,0.0305185109602157,0.1290236827784335,0.2403892523125258,0.5939079464872902
M01||6||trait,176,M01,6,trait,0,2.86,0.2493921395163845,0.0002000033855438,0.0001702229018961,63.31729542170738,3767.219254101825,6890.625,0.8811634363809981,2.786109679134412,0.0425099222920794,0.2562309827252703,0.2814041994624237,0.4121299004826962
M01||8||fee,177,M01,8,fee,0,4.06,0.1361964168074045,0.0002000033855438,0.0001682533188497,58.16404084588397,3809.3385634820816,7015.625,0.9152470347967172,3.17148008397192,0.0458907404558704,0.2645690139078251,0.2504332141825606,0.4316221535092662
M01||14||fair,178,M01,14,fair,0,2.76,0.2203363075673553,0.0002000033855438,0.0001705611353767,62.22411977694744,4326.946460701202,7281.25,0.9157134510233028,3.3491763420904785,0.0372947293080926,0.2020030254034925,0.2324955064416517,0.5223515025376436
M01||15||tip,179,M01,15,tip,0,3.785,0.1849746461006753,0.0002000033855438,0.0001741761519969,60.52247026918372,3727.1413167794826,6656.25,0.9647991313053714,2.9779522460466863,0.0467753567187717,0.2486743712490708,0.2754506769825667,0.4218772758012161
M01||16||bit,180,M01,16,bit,0,3.535,0.2061596543278064,0.0002000033855438,0.0001753293858531,61.40697931595834,3902.533465300607,6859.375,0.9297468414005226,2.8946688127340705,0.049270198957094,0.2348509398083116,0.2485325700405333,0.4599336419734008
M01||20||horn,181,M01,20,horn,0,3.51,0.145029960420054,0.0002000033855438,0.0001723368150877,58.50159331699273,4126.06435904034,7218.75,1.0172440960137494,3.9563888532357594,0.0351763568791205,0.2202433665589366,0.2637941645895906,0.4748959560064605
M01||21||bat,182,M01,21,bat,0,3.69,0.1376349862868232,0.0002000033855438,0.0001645826519354,58.44689576113623,3902.852929467892,6937.5,0.9405080383510944,3.1427279334865554,0.0400563096829405,0.2289940961315743,0.2771086456494728,0.4470380649138021
M01||24||dagger,183,M01,24,dagger,0,3.22,0.2718655953716081,0.0002000033855438,0.00017921418921,63.61963718526531,3648.1037754819554,6343.75,0.9037578920778784,2.6271008865469696,0.0385903009842987,0.2175641998316593,0.3568745162823341,0.3793757894221179
M01||25||knew,184,M01,25,knew,0,3.125,0.2183730477767884,0.0002000033855438,0.0001732905237289,62.00848442411434,3638.24685813366,6750.0,0.9305603279871208,3.084837255267189,0.0432106258123634,0.2823316108339887,0.2733949052882288,0.394269146513718
M01||28||jacket,185,M01,28,jacket,1,4.85,0.2150486494585818,0.0002000033855438,0.000173487509657,61.8653701302074,3621.779365107839,6546.875,0.934336710745501,2.8627591278800675,0.0389738373122458,0.2710966109260396,0.2938964084000109,0.3896733264691374
M01||29||double,186,M01,29,double,0,2.89,0.2824746127729688,0.0002000033855438,0.000179608961174,63.93302841952789,3597.9534113747395,6500.0,0.8721461914319544,2.5652466760212485,0.0384848976203933,0.2523597436589863,0.3182055212630911,0.383012607049341
M01||31||dug,187,M01,31,dug,0,2.84,0.2918318794350634,0.0002000033855438,0.0001760671912491,64.38908591905238,3442.1899170307065,6250.0,0.883217659117472,2.551622483196248,0.0346765578767549,0.2369145663489254,0.3968293036083087,0.3235260997971743
M01||32||share,188,M01,32,share,0,4.045,0.2624042608780165,0.0002000033855438,0.000177017661092,63.41908569164868,3684.07337689821,6812.5,0.8111380664905096,2.3971765991487684,0.042734491546786,0.2135815310565684,0.3486584423497852,0.3867699587526803
M01||33||warm,189,M01,33,warm,0,3.53,0.3066938648821146,0.0002000033855438,0.0001718647067892,65.03036773912716,3969.419657052497,7031.25,0.8510249104276219,2.7702242290754224,0.0486560158504121,0.1975239780046954,0.2791865756101528,0.4652385036421167
M01||34||chair,190,M01,34,chair,0,3.425,0.2773139572264005,0.0002000033855438,0.000177857329259,63.85799923232372,3925.851398034236,6937.5,0.8918475351958387,2.878717071851028,0.0406266278642413,0.2213712504518858,0.2771269884076078,0.453133568597013
M01||35||sticks,191,M01,35,sticks,1,3.4050625,0.2014680475958285,0.0002000033855438,0.0001754575471371,61.2006824809061,3803.468700069313,6765.625,0.8624536447102514,2.542048605795044,0.0496578435105063,0.2183318644678977,0.2795965162553586,0.4438507372657385
M01||36||alpha,192,M01,36,alpha,0,3.3,0.2867243971827895,0.0002000033855438,0.0001771213119183,64.18387656040584,3720.649169444793,6781.25,0.8807413555559513,2.7076857172856634,0.0369092290077206,0.2553015758012317,0.2839534779645722,0.4144904930957112
M01||37||hair,193,M01,37,hair,0,3.83,0.2566491516179154,0.0002000033855438,0.0001729998928944,63.42587997473832,3603.308222680349,6562.5,0.9061337527657268,2.798315126591006,0.0520087603967197,0.237847818330586,0.3182269463379518,0.3831425307430809
M01||45||feet,194,M01,45,feet,0,4.1450625,0.2446472188627505,0.0002000033855438,0.0001728044320495,63.0197081222496,3669.883974948401,6687.5,0.8956401151696235,2.645400798869647,0.0441698911029409,0.2521660061993619,0.2865788398833032,0.4087950868558032
M01||46||stubble,195,M01,46,stubble,0,3.985,0.2443715644471475,0.0002000033855438,0.0001634045223811,63.49573194530728,3674.09750202616,6640.625,0.8431516052986453,2.492467410975409,0.0447344456007933,0.2395956670908491,0.2995191431835134,0.4072331376633137
M01||47||park,196,M01,47,park,0,2.885,0.2432941090361306,0.0002000033855438,0.0001713449751523,63.045204409314685,3956.638591209644,6968.75,0.9252817502669916,3.069728436985355,0.0406415209949531,0.2050236646618015,0.2810508141977482,0.466356767260027
M01||48||glow,197,M01,48,glow,0,3.7500625,0.2618547609322904,0.0002000033855438,0.0001667687016034,63.91891853889695,3713.2101679422394,6687.5,0.9059553648902658,2.884986810167055,0.0459595642831119,0.2347177462975299,0.3022395086244609,0.4088014268112426
M01||50||swarm,198,M01,50,swarm,0,3.9400625,0.2945787500062785,0.0002000033855438,0.0001738734535997,64.57936269014372,4056.3262736386937,7125.0,0.8430935495603256,2.7607082291430483,0.040560890452773,0.2172529398499792,0.256680079839717,0.4783775862714965
M01||51||left,199,M01,51,left,0,3.07,0.2915805740658211,0.0002000033855438,0.0001690259761487,64.73610267877112,3865.243531730648,6828.125,0.8318197345772078,2.4873676013331583,0.0438635076469264,0.2153461093830179,0.2916545918469729,0.4406128701123331
M01||52||form,200,M01,52,form,0,3.3100625,0.2828961330445541,0.0002000033855438,0.0001713950814601,64.35257312547178,3831.7176314608864,6859.375,0.8778998640614375,2.690242480405814,0.0437574994400805,0.2304572299072849,0.2830247182976464,0.4352265831163854
M01||54||goat,201,M01,54,goat,0,3.095,0.2973987830856,0.0002000033855438,0.0001467176092813,66.13713890859147,3953.550677938261,6968.75,0.845277473609597,2.554558486274239,0.0434877778069715,0.2059677854241206,0.2796016091632755,0.4627281601995588
M01||57||sip,202,M01,57,sip,0,3.91,0.263899781035335,0.0002000033855438,0.0001725927989672,63.68832716087107,3707.7985441628593,6656.25,0.8968421454080212,2.7384381561661506,0.043487712024648,0.2358222829613628,0.2939813878522276,0.4178288480567874
M01||59||air,203,M01,59,air,1,3.085,0.2555160278929245,0.0002000033855438,0.0001725865091384,63.40822606153652,3654.586716995364,6546.875,0.9066308164186474,2.743924709055943,0.0440915758952646,0.2445726424662673,0.292201147137767,0.4101442162527717
M01||61||farm,204,M01,61,farm,1,4.88,0.256524275174357,0.0002000033855438,0.0001743600276802,63.35363079731323,3691.718213769549,6750.0,0.8841767447205772,2.7418222581524745,0.0477998627348994,0.2389970574087166,0.291925735517532,0.4129996758377628
M01||62||slip,205,M01,62,slip,0,3.45,0.3010418363789148,0.0002000033855438,0.0001746399417484,64.72966553418378,3886.7286919626913,6906.25,0.8275639727916656,2.5244702638443908,0.0434412933989035,0.21729054997463,0.2644877401032864,0.4649906949228045
M01||65||two,206,M01,65,two,0,4.515,0.2127797998827671,0.0002000033855438,0.0001676818351086,62.06888755719922,3774.785615389476,6656.25,0.9593775776701272,3.0287907010720736,0.0416538787233609,0.2070994549771886,0.3191673241154808,0.4232605071482482
M01||67||born,207,M01,67,born,1,4.135,0.2949576773200439,0.0002000033855438,0.0001735835039591,64.60502507824141,3676.571465350829,6687.5,0.8948896765177694,2.774852394627774,0.0418652898306229,0.2418829013219651,0.3039964466164277,0.4030696537095189
M01||69||know,208,M01,69,know,0,3.33,0.2980550748049824,0.0002000033855438,0.0001572524723785,65.55398076797938,3757.591277453587,6781.25,0.8401379802845049,2.620335980971197,0.0484842074783281,0.2211467774221234,0.3034419597578387,0.4181428722287211
M01||70||pat,209,M01,70,pat,0,3.0600625,0.2672032411278079,0.0002000033855438,0.000171062255633,63.87375054793375,3683.304189253596,6562.5,0.9038717797037034,2.7627122081180286,0.0398252622054864,0.2359343613408768,0.30727925052505,0.4092599167046153
M01||71||rage,210,M01,71,rage,1,3.655,0.2965926674506851,0.0002000033855438,0.0001692665352675,64.87178610487132,3933.278099747803,6890.625,0.8431719565688244,2.556499903782509,0.0425972614099845,0.2147001275830407,0.256122734603465,0.479106552033891
M01||74||car,211,M01,74,car,1,3.54,0.2805311128400208,0.0002000033855438,0.0001735382545832,64.1717161888546,3726.208941117925,6703.125,0.8547806413689785,2.582415557497873,0.0433050691105174,0.2464844378202569,0.2724965707352486,0.4295379411328632
M01||75||rave,212,M01,75,rave,1,3.125,0.3240235865592326,0.0002000033855438,0.0001690444893714,65.65151213866056,4208.908444579944,6984.375,0.8391414590776178,2.468448793298684,0.0341134308798807,0.188418263225478,0.2539644829599544,0.5152963190823378
M01||76||beta,213,M01,76,beta,0,2.9900625,0.3306263193429712,0.0002000033855438,0.0001744924071263,65.5512177723626,3898.458575170635,6843.75,0.8723817249432857,2.6538806325295496,0.0510855091180767,0.2185035974645235,0.2594149916300767,0.4627521939589914
M01||78||storm,214,M01,78,storm,0,4.07,0.3056064912141383,0.0002000033855438,0.0001745095686136,64.86686659315396,4230.706706190171,7390.625,0.5983865421954966,1.8088143707435016,0.0495746713587699,0.2087988700973277,0.2295047414854244,0.5057126412765182
M01||79||warm,215,M01,79,warm,0,3.03,0.3119110197455527,0.0002000033855438,0.0001737222581289,65.08350505299249,4077.569022846191,7062.5,0.9053436385488514,2.877063125204708,0.0424274889180693,0.1919560435989282,0.2805323539759005,0.4765139710692369
M01||80||trace,216,M01,80,trace,0,3.3,0.3085376915089696,0.0002000033855438,0.0001762464594708,64.86375648739201,3949.5951559706064,6953.125,0.8447477119720247,2.636838059298478,0.0402045584922745,0.2200945532018962,0.2658186526168251,0.465665400880668
M01||82||storm,217,M01,82,storm,0,3.41,0.294643138606334,0.0002000033855438,0.0001769229631455,64.43024255311977,3672.471126072498,6843.75,0.8288779262012506,2.4253128359380423,0.0473316795311084,0.2708557357426767,0.2739120820176637,0.3994529570703327
M01||83||knew,218,M01,83,knew,0,3.85,0.2614381958463736,0.0002000033855438,0.000172359690792,63.61866663084688,3818.479999321659,6750.0,0.9223878053900594,2.910710711228265,0.0396350415772498,0.2253454611187232,0.2889651772232353,0.4378659529484972
M01||85||ship,219,M01,85,ship,0,3.19,0.2878833187202254,0.0002000033855438,0.000179474955868,64.10425290757414,3799.3568865989023,7062.5,0.7381949846884106,2.209405087292301,0.0414886446635628,0.2267438748047982,0.3092667806117092,0.4160020490402225
M01||86||down,220,M01,86,down,1,3.67,0.2722824747350876,0.0002000033855438,0.0001721187091008,63.98383217993705,3765.7676734486863,6765.625,0.8507367095565692,2.7163478076902443,0.044000772629179,0.2467884875533388,0.2759976355545214,0.4252714751073782
M01||87||meat,221,M01,87,meat,1,3.05,0.2145828552864846,0.0002000033855438,0.0001686988265555,62.08965916201269,3825.4378367579593,6828.125,0.9364844998364092,3.116935479928944,0.0356651052092011,0.2211559930094174,0.3046253089877242,0.429996738955029
M01||89||spark,222,M01,89,spark,0,4.545,0.268591483700939,0.0002000033855438,0.0001753400937908,63.70422007476645,3890.201224272855,7062.5,0.778498020383637,2.40714326488673,0.0454530486124331,0.2281405338444881,0.2763120746509598,0.4427928952823655
M01||90||stick,223,M01,90,stick,0,4.03,0.2038845509863942,0.0002000033855438,0.0001749912808215,61.32735818336948,3590.0303867942303,6750.0,0.8314115549239118,2.554779652160519,0.0474386990455088,0.2654861625097964,0.2917254799340401,0.386110073243313
M01||93||for,224,M01,93,for,1,3.165,0.1456513508456559,0.0002000033855438,0.0001672799537092,58.7974123444809,3582.0425923188263,6625.0,0.9897386790687752,3.680629944537619,0.0336493763986336,0.2493261357622904,0.3333476818047834,0.3736299729387459
M01||96||weed,225,M01,96,weed,0,2.45,0.1926374438858329,0.0002000033855438,0.000165322606501,61.3281692625783,3693.79863900562,6640.625,0.976585596348206,3.3527499003545573,0.0397165416657636,0.2341731225149664,0.313363117106627,0.403568243253337
M01||97||weed,226,M01,97,weed,0,3.54,0.2143689434962327,0.0002000033855438,0.0001743566326189,61.79446789489244,4127.740657558612,6921.875,0.9918519594045244,3.4714828776341977,0.0337976371865516,0.1735670774499748,0.2742274453053045,0.510628654141902
M01||98||corn,227,M01,98,corn,0,2.9350625,0.2558134635563829,0.0002000033855438,0.0001765146500489,63.22285283602489,3845.6179872250727,6921.875,0.9270494809165184,2.929633552223029,0.0391386803529085,0.210935393425542,0.3247356891244383,0.4170539104575466
M01||99||up,228,M01,99,up,0,3.195,0.1886107061549356,0.0002000033855438,0.0001723411431915,60.78354743271692,3708.2317704663415,6546.875,0.9709683574817544,3.0833625672380207,0.0438347199059449,0.2330297672829819,0.304681544252406,0.4103243803497446
M01||100||swarm,229,M01,100,swarm,0,2.885,0.2221390620775658,0.0002000033855438,0.0001766350317026,61.99096186459763,3634.616386023511,6546.875,0.9598986715346104,3.0717292084999417,0.0345486302597266,0.2138752146237276,0.369638726959297,0.3742017853950684
M01||2||air,230,M01,2,air,0,1.1953125,0.1109172447032678,0.0002000033855438,0.0001659567647742,56.50008225582072,4179.551866823297,7390.625,1.9644799137947464,7.551127955718221,0.0500489945178555,0.1882354842382778,0.2415058922970674,0.5154447866886263
M01||4||knee,231,M01,4,knee,1,1.009375,0.0637861789661349,0.0002000033855438,0.0001664269271356,51.670059849828405,4365.594024966981,7625.0,1.9413693390250488,8.04609697592156,0.0422003561117678,0.1867794268405407,0.250872260490774,0.5152040538209548
M01||5||race,232,M01,5,race,1,1.461,0.0866673672240259,0.0002000033855438,0.000163224494866,54.50140541067501,3931.825419181205,6843.75,1.6867415962186958,6.899217619839913,0.034776628818567,0.1933778441770105,0.3042808558101954,0.4602375598923171
M01||6||torn,233,M01,6,torn,0,1.4078125,0.0978260328680225,0.0002000033855438,0.0001616542316197,55.63734728711003,4028.616486376523,7093.75,2.301703794926167,8.852194989951373,0.0335006192239033,0.1879593993400591,0.2988373443126577,0.4740452183740204
M01||8||grow,234,M01,8,grow,1,1.434375,0.1056226001737815,0.0002000033855438,0.0001656362326588,56.09203021016738,3364.937744828212,5765.625,1.948092179556728,7.021550098977053,0.0518250332720284,0.2406685231724274,0.3487941910142895,0.3513028200522157
M01||9||store,235,M01,9,store,1,1.9390625,0.0843334385971494,0.0002000033855438,0.0001648573359088,54.177830623246194,3825.16309719352,6921.875,1.989485502737862,7.607981290394178,0.0571664704186341,0.2173331168303905,0.2640732159261851,0.4552407857811604
M01||12||sip,236,M01,12,sip,0,1.646875,0.0964043320093057,0.0002000033855438,0.0001629679154306,55.439888786583744,3434.080531131421,6437.5,1.705406591928,6.432133528063861,0.0767690473828468,0.2609711093941714,0.2778849753509693,0.3769869298357184
M01||14||the,237,M01,14,the,0,1.832875,0.0666594035259308,0.0002000033855438,0.0001637998392676,52.190959039486,3561.500843250439,6250.0,2.447866198764931,8.391483832305942,0.0449240709295315,0.2599994339559568,0.2839139708214737,0.4045613284604617
M01||15||swore,238,M01,15,swore,1,2.23125,0.0973134816391582,0.0002000033855438,0.0001666136801541,55.32924707337219,3761.0453177750346,6718.75,1.570112284203301,6.344608021221825,0.0430630063239764,0.2308790217027814,0.2848195364445012,0.4341688739096705
M01||18||chair,239,M01,18,chair,1,1.4875,0.1250067602774331,0.0002000033855438,0.0001655933592334,57.55781167266377,3282.319609638156,6109.375,1.788335495325062,6.64303588992144,0.1111929593482111,0.2496546140849422,0.2448403266940891,0.3864627730410715
M01||20||feed,240,M01,20,feed,1,1.80625,0.0918636507039986,0.0002000033855438,0.0001662878900366,54.84566155475712,3754.438854723436,6703.125,1.9637960032094657,7.262259131354551,0.0443042504883085,0.2382071464874036,0.2932233906758391,0.4188949991512038
M01||22||floor,241,M01,22,floor,1,2.125,0.1507684791815584,0.0002000033855438,0.0001678513661703,59.067713473670985,2975.06721204717,5406.25,1.7058577032721494,6.247515860306599,0.0812615917359007,0.3378798023251865,0.2892789431302973,0.281991615432799
M01||23||sip,242,M01,23,sip,0,2.0984375,0.0895447011863979,0.0002000033855438,0.0001607680193972,54.91680460185001,3186.680215677953,5937.5,1.6833824690767794,6.125424175173122,0.0965041041911786,0.2592204775955849,0.3013504501293287,0.332417337994818
M01||24||feet,243,M01,24,feet,1,1.301,0.0782502192183412,0.0002000033855438,0.000160789716587,53.744545863785184,4011.717924402048,7000.0,1.9451652333774112,7.650258257014407,0.0402254971809245,0.2100828222866438,0.2646267513957248,0.4789459363483547
M01||26||sigh,244,M01,26,sigh,0,1.9383125,0.0473497687143516,0.0002000033855438,0.0001648453838214,49.16482143829192,4426.61795745894,7468.75,2.5003336403297465,9.620287348031566,0.0315647408871877,0.1900068154633896,0.1966752114837063,0.5760922167179007
M01||28||mere,245,M01,28,mere,0,1.1909375,0.126830648376974,0.0002000033855438,0.0001681825461818,57.54886578973834,3766.833992911125,6281.25,1.9381069132868296,7.302445613296684,0.0358194294511182,0.197500927380968,0.35108877621043,0.409060494467186
M01||30||slip,246,M01,30,slip,0,1.961625,0.1107138230381729,0.0002000033855438,0.0001688418546669,56.3344346698053,3638.766520257506,6562.5,1.7625503267017428,6.602220762600892,0.0596277520096676,0.244648451345763,0.2658748968034323,0.4225175550398656
M01||31||fate,247,M01,31,fate,1,2.3119375,0.0836467084803622,0.0002000033855438,0.0001663867110878,54.02660437530179,3169.7017210969475,5953.125,2.236885065063052,7.587111857782773,0.0887397108338445,0.2837845287385871,0.2863373459379301,0.3319404949609638
M01||32||pot,248,M01,32,pot,0,1.4011875,0.1312377437231182,0.0002000033855438,0.000164432742791,58.04140908478036,3483.8925761968826,5937.5,2.0710597708717464,7.376270385448805,0.0580699793490453,0.2264451118791214,0.2984900744764611,0.4028629389427611
M01||36||pile,249,M01,36,pile,1,1.30775,0.1468851005890369,0.0002000033855438,0.0001655769589472,58.95955686205671,3352.205786447521,5750.0,2.038567892643715,7.171499189926493,0.0447497142994477,0.2718808435209196,0.3155055300552229,0.3595833873611784
M01||38||galore,250,M01,38,galore,0,1.7981875,0.1213336796391471,0.0002000033855438,0.0001661845639961,57.267813729399165,3628.517661422247,6187.5,2.1338035682071226,7.886142856234391,0.0482900727710189,0.2306390047180149,0.2722767607128544,0.4374235718078786
M01||40||play,251,M01,40,play,1,1.6113125,0.138896806364042,0.0002000033855438,0.0001666619140174,58.41711790065497,3524.1050378686405,6421.875,1.8784645809762384,6.752876940109496,0.0609255366963383,0.2286277650677393,0.3391951523472694,0.3630535051235728
M01||44||back,252,M01,44,back,0,1.3904375,0.0627927077285242,0.0002000033855438,0.000167327526095,51.48683641674549,4074.855650811781,7109.375,2.4111253889416413,9.079446355944947,0.0422634642771879,0.2004134012175754,0.2488531227610439,0.501973015841259
M01||46||knew,253,M01,46,knew,1,1.4773125,0.1215800272229717,0.0002000033855438,0.0001694915131068,57.114285589869056,3047.883698178971,5343.75,2.057243813031961,7.253681427664744,0.0645836418809254,0.3039521673479052,0.3465378998060499,0.2770060506787886
M01||49||shear,254,M01,49,shear,0,2.06825,0.0930838685253751,0.0002000033855438,0.0001623838043611,55.1666342430396,3691.712959023343,6703.125,1.7332198437685606,6.825411678751706,0.0629517280436748,0.2334316010242996,0.2678756408611519,0.4269873193103792
M01||54||jaw,255,M01,54,jaw,0,1.9639375,0.0722055228736939,0.0002000033855438,0.0001657659361789,52.781502531391375,3513.8231616959647,6000.0,2.3166949101375494,8.087281793881466,0.0386896203232024,0.2813492788522815,0.2744384755333458,0.3975329871639688
M01||55||gnaw,256,M01,55,gnaw,0,1.8944375,0.0653177982827867,0.0002000033855438,0.000165454205628,51.927074527669184,3889.521711873615,6640.625,2.8018228957991607,9.605744521776028,0.0443342964452886,0.2010316727255436,0.2744465957859395,0.4722460375954568
M01||58||witch,257,M01,58,witch,1,2.3115625,0.1004282505866744,0.0002000033855438,0.0001637314211738,55.75447732148931,2843.5819308376444,5375.0,2.038377378240564,6.884925924679364,0.1099684137327841,0.3070007586639153,0.324041349579146,0.2512895844703045
M01||59||three,258,M01,59,three,0,1.8075,0.1010260189180905,0.0002000033855438,0.0001655144234066,55.71194787719137,3361.2208486798927,6031.25,2.3357641172477344,7.949401392647983,0.0676291185185046,0.2484553840623776,0.3205020724697928,0.355753077241988
M01||62||sigh,259,M01,62,sigh,0,1.3556875,0.09825295633437,0.0002000033855438,0.0001627474908999,55.61662650041256,4038.969178907635,6703.125,1.8307658152430704,7.232367365569988,0.0384052814446052,0.1984224553886628,0.2440028936482407,0.514150346891333
M01||63||rock,260,M01,63,rock,1,1.8075625,0.0957780961948046,0.0002000033855438,0.000170205831746,55.00583528037542,3066.846201739382,5468.75,2.172433832548529,7.176767422757841,0.0854934070671673,0.273736929004586,0.309161153601906,0.3216608003895272
M01||64||tile,261,M01,64,tile,0,1.5120625,0.1241541079613064,0.0002000033855438,0.0001663316759603,57.45972260780321,3665.3728890491457,6390.625,2.143522352849273,7.862505994397417,0.0642224849420342,0.2117282125183091,0.2722586344205119,0.4444757837609304
M01||65||suit,262,M01,65,suit,0,1.26875,0.1112269474992118,0.0002000033855438,0.0001621323842089,56.72680498927398,3864.107378594932,6687.5,1.7922876199374074,7.398338386002887,0.039916582468198,0.2108960697937883,0.3019822026287937,0.4410417971994759
M01||70||area,263,M01,70,area,1,2.2073125,0.1563318882517932,0.0002000033855438,0.0001674397703878,59.40377907516204,3509.8701070961965,6609.375,1.7875097910166724,6.707291073907783,0.0729470794797125,0.2275772402023329,0.3145057263829779,0.3754645260355597
M01||71||steer,264,M01,71,steer,1,1.8596875,0.121613087756525,0.0002000033855438,0.0001600021637599,57.6170891911029,3276.8449297638053,6000.0,1.6742882473422709,6.476008066164211,0.0910644398552821,0.2590573963563527,0.2981963440295996,0.3449437910899806
M01||72||deer,265,M01,72,deer,0,1.4873125,0.1143029334860574,0.0002000033855438,0.0001632186669075,56.90575099814908,3747.762159978362,7015.625,2.1801796811637733,7.857369166267241,0.0447526559247113,0.2313986928944047,0.315277694199493,0.4017816508422096
M01||79||pat,266,M01,79,pat,0,1.594625,0.1484785093233163,0.0002000033855438,0.0001684875542976,58.90191544881165,3248.455402960952,6062.5,1.7420038539059288,6.153766539531439,0.0547950202662667,0.3046983590841495,0.2987441518939199,0.3340726421588742
M01||80||though,267,M01,80,though,0,1.5639375,0.1441237436924632,0.0002000033855438,0.0001653899237305,58.80452975415154,3104.774276613574,5343.75,2.07452700911781,7.24340508582171,0.0579589290363663,0.3276609503379169,0.2852894320765041,0.3191297685425585
M01||81||tie,268,M01,81,tie,0,1.3953125,0.209394193429458,0.0002000033855438,0.0001725720894492,61.67988153884136,3129.7576651634054,5984.375,1.3878491948820817,5.250668716210376,0.1264294476947352,0.268860185695681,0.2399742078419731,0.3543637236666839
M01||87||thigh,269,M01,87,thigh,0,1.594625,0.1055581836913248,0.0002000033855438,0.000162556996499,56.2497248488593,3752.6827943281783,6562.5,2.226830128720587,8.067310961276876,0.0501258219907856,0.2407926891866218,0.2409492897818954,0.4592661593586219
M01||89||floor,270,M01,89,floor,0,2.22325,0.1459996376350755,0.0002000033855438,0.0001601101849326,59.1986563747388,2951.951419336385,5140.625,1.9951813646318264,7.050345488792445,0.0855728553353628,0.3138025568782115,0.3165752005178442,0.2739079504895793
M01||90||lip,271,M01,90,lip,0,1.67125,0.0951988591850144,0.0002000033855438,0.0001666400446631,55.13704741420055,3777.862766706768,6921.875,2.240696837085221,8.21923763464073,0.0490183059784422,0.209707461990932,0.3341766452110825,0.4002286886498792
M01||92||hate,272,M01,92,hate,1,2.0181875,0.0957944297708355,0.0002000033855438,0.0001613507147955,55.471387257424354,3351.2615424136184,6125.0,2.070295417414596,7.397851810140779,0.08238678768859,0.2438551271799377,0.3110304637279359,0.3551381934289257
M01||93||group,273,M01,93,group,1,1.7326875,0.0845404688854319,0.0002000033855438,0.0001668266730625,54.095983264916526,3229.422402364248,5546.875,2.538613412109406,8.207578158348635,0.0439312155143719,0.2728839687649215,0.3486380521671325,0.3267268082357286
M01||98||cycle,274,M01,98,cycle,0,2.165875,0.0748518457790052,0.0002000033855438,0.0001622756499688,53.27898313637131,3155.787862352608,6171.875,2.7441496456541654,9.70691573875597,0.1123067991021878,0.2985099875613869,0.2410873495439028,0.3388925606443666
M01||99||sigh,275,M01,99,sigh,1,1.6196875,0.0810474024162396,0.0002000033855438,0.0001623746975362,53.96441490185053,3614.263451799956,6859.375,2.4683303869262665,9.165505580893594,0.0530904628348483,0.2667140513777368,0.2688165579059147,0.4025733439435065
M01||100||ate,276,M01,100,ate,0,1.713875,0.0535464274421918,0.0002000033855438,0.0001637127724809,50.29295874272276,3576.9280406643456,7078.125,3.183641387198088,10.862007802348792,0.0634594089660294,0.2674305154243415,0.2728989602831178,0.3856718318545053
M01||101||knot,277,M01,101,knot,0,1.826875,0.0541121221685627,0.0002000033855438,0.0001598925201731,50.58932837291047,3428.5268386528724,6250.0,3.5193369487709614,11.253421124624602,0.0522677243256755,0.2695237850148158,0.2953247144931385,0.3756692257289535
M01||102||bat,278,M01,102,bat,0,1.4313125,0.0700852699491005,0.0002000033855438,0.0001630042758855,52.66855507219916,3362.803682866229,6343.75,2.964401642216185,10.211528169813173,0.0732209417635947,0.2815967248203099,0.2462892114127376,0.3897471886216873
M01||107||explore,279,M01,107,explore,1,2.1846875,0.0704835875306647,0.0002000033855438,0.0001619462171905,52.77434386022545,3643.312225300737,7015.625,3.022948238845848,10.692998816853487,0.0602236847318195,0.2599321597887072,0.2835348884243266,0.3896965942186968
M01||108||sprinkle,280,M01,108,sprinkle,1,2.4483125,0.0423528714373353,0.0002000033855438,0.0001640369089185,48.23882566016274,4084.616130006854,7234.375,3.3164425609050414,11.65376297247884,0.0429282002065774,0.1842944575993781,0.2949809134646009,0.4705656807991065
M01||110||of,281,M01,110,of,1,1.6008125,0.063351805630785,0.0002000033855438,0.000164266323547,51.72420920441361,3660.030292280997,6656.25,3.3387937533331917,10.901562113727728,0.0732457306566203,0.2190933770172065,0.2819880335762281,0.4195670039539242
M01||112||fruit,282,M01,112,fruit,1,1.939875,0.0794885175338579,0.0002000033855438,0.0001636101881355,53.72988106801711,3159.4882039114423,5859.375,3.0982210865237856,10.267979495786916,0.0788647407519159,0.2758886142522192,0.3294968216881255,0.3053970830419713
M01||118||mut,283,M01,118,mut,0,1.6008125,0.0458482652204139,0.0002000033855438,0.0001649072800629,48.881661582654026,3679.4632402595753,6781.25,3.558657282354303,11.345189070908232,0.0438334230172259,0.2641595227774594,0.2823780753809449,0.4021047937813628
M01||119||delta,284,M01,119,delta,0,1.6196875,0.0767665512600159,0.0002000033855438,0.0001618454247782,53.52143207089877,3534.0430142472114,6750.0,2.957928929370184,10.284858776134756,0.0749645860840935,0.2452523779770097,0.2879883457194337,0.3824171723491165
M01||120||menu,285,M01,120,menu,1,1.9021875,0.0508777629412316,0.0002000033855438,0.0001642545419363,49.82021240028121,4015.33688816801,7234.375,3.405783762238242,11.702938671618648,0.0447987458542235,0.2036012380332544,0.2783903003041402,0.4655201135365442
M01||123||slay,286,M01,123,slay,1,1.5071875,0.0499011144030867,0.0002000033855438,0.0001662830872592,49.54524330702158,4074.291819058004,7218.75,3.0501751577071112,11.304192010893008,0.0391618135621925,0.1882123234849135,0.29883598267742,0.4671824287855436
M01||124||slip,287,M01,124,slip,0,1.655,0.0643449686792866,0.0002000033855438,0.0001636345339691,51.89279259750074,3920.635011417211,7359.375,2.498663078740381,9.846157955870025,0.0569812644606705,0.2435227997951075,0.24326971581426,0.4511524403751535
M01||128||much,288,M01,128,much,0,1.7436875,0.0572718259345329,0.0002000033855438,0.0001628839436962,50.92125507354807,3674.181781628621,6859.375,3.1322062809152698,11.01198661842666,0.05246407755176,0.2549279863317561,0.2874535379506249,0.399390514047595
M01||130||write,289,M01,130,write,1,2.20175,0.0482314286470973,0.0002000033855438,0.0001631718706169,49.41369667700986,3285.943627996628,6453.125,3.457006660475081,11.043220761793124,0.0824894737297961,0.3050018538155178,0.2655822796696017,0.3380418292359418
M01||131||rocks,290,M01,131,rocks,0,1.5515625,0.0565217370749303,0.0002000033855438,0.0001639200894087,50.75166636440408,3642.627341560959,6593.75,3.1557017257725213,10.704508145926908,0.0486335691703618,0.2208035506133901,0.3228351421085406,0.397525858388452
M01||134||coupe,291,M01,134,coupe,0,2.2313125,0.0402172159535046,0.0002000033855438,0.0001621987405535,47.887290509951214,3134.087389815025,5968.75,3.976768045862655,11.817081877352258,0.0768824934906004,0.3160660308084147,0.2705971485549777,0.3275337821585267
M01||135||white,292,M01,135,white,0,1.5810625,0.0642055467522365,0.0002000033855438,0.0001627084180748,51.92325051873488,3248.831201993032,6218.75,3.143404710372224,10.669594585283658,0.0643349670544821,0.3023626458795583,0.2899482501573844,0.3349018550722733
M01||137||ate,293,M01,137,ate,0,1.994875,0.0443116537862988,0.0002000033855438,0.0001607406627013,48.80784408877627,3475.0125549610043,6718.75,3.180964302700967,10.81407621622965,0.0611469086710937,0.2897045800097107,0.2676167723156441,0.3726492106964044
M01||138||pad,294,M01,138,pad,0,1.300375,0.0867610147012743,0.0002000033855438,0.0001609523207728,54.63254758878988,3606.0959951819264,7265.625,2.848439664540398,10.017448682086444,0.0710404627837813,0.3210190004691761,0.1907396268848331,0.410140288150809
M01||139||know,295,M01,139,know,0,2.4676875,0.0346421514387721,0.0002000033855438,0.0001639909050727,46.49570186249768,3809.7751417502704,6703.125,4.097759705402135,12.77244476136843,0.0491926835018032,0.2089911064220133,0.2896435598243704,0.4432897415395151
M01||140||we're,296,M01,140,we're,1,1.7731875,0.0652792477869632,0.0002000033855438,0.0001629016737711,52.05699189612703,3420.5065232493685,6468.75,3.508762033578571,11.450185046602328,0.0601619533414499,0.2758665804303572,0.3132604692933292,0.3436264191299937
M01||143||toot,297,M01,143,toot,0,1.7731875,0.0335386985409008,0.0002000033855438,0.0001636347359205,46.23341412000389,3565.695803527896,6546.875,4.075057845770894,12.427965824348618,0.0424973742029685,0.2728318335577637,0.2992043064474197,0.3779731827814738
M01||144||hear,298,M01,144,hear,0,1.581125,0.0414597868317121,0.0002000033855438,0.0001619243904597,48.1662958783443,4249.814487510772,7093.75,3.73272055445172,12.225961904114492,0.0300528348491666,0.1628448838894677,0.2787967033538396,0.5195125208964009
M01||147||write,299,M01,147,write,0,1.219625,0.0807145216676389,0.0002000033855438,0.0001658554928986,53.74443636144776,3251.062411736508,6140.625,2.881555473899101,10.21008814567888,0.1007814511677402,0.2597778576766267,0.2851058756812526,0.3470485387800437
M01||149||jungle,300,M01,149,jungle,1,1.493,0.0637773966605683,0.0002000033855438,0.0001635148756107,51.822190388255216,3388.4998331795623,6187.5,2.932143056259499,10.19686264182959,0.0454588001011161,0.2973849962386835,0.2989119830541897,0.3510823050455935
M01||150||side,301,M01,150,side,0,1.429875,0.0502691393745831,0.0002000033855438,0.0001645624752593,49.69941277718816,3901.5993957286137,7093.75,3.0600273573123555,10.970477872594326,0.0591477306203689,0.2097476112012277,0.2617653140741706,0.4628317168346233
M01||153||dot,302,M01,153,dot,1,1.366875,0.0741833437508369,0.0002000033855438,0.0001634055882778,53.14079000157242,3788.303842537572,6796.875,3.267756051001089,11.00397384610659,0.0458161147640289,0.2309617554207848,0.2566760300494727,0.4600837869492085
M01||155||light,303,M01,155,light,0,1.545625,0.0556696944304562,0.0002000033855438,0.0001608012114178,50.78659042481309,3596.6270626297337,6531.25,3.241537564676396,11.119888700734924,0.0430641213325118,0.2630400850112547,0.2808807184325354,0.4054052867738801
M01||157||darn,304,M01,157,darn,0,1.577125,0.0636710393222969,0.0002000033855438,0.0001626271749177,51.85497642677405,3687.484417053077,6656.25,3.301133525107419,11.377315219258795,0.0509267220959649,0.2247449935346237,0.3090200957857628,0.4073846888170585
M01||161||sigh,305,M01,161,sigh,0,1.177625,0.0655946481614261,0.0002000033855438,0.0001646326106065,52.00705084008106,3718.918556795236,6828.125,2.9145758223560376,10.521140052272296,0.057324845023748,0.244361785376842,0.2319422068447644,0.4586665594699226
M01||162||leak,306,M01,162,leak,0,1.1565625,0.0674120262464935,0.0002000033855438,0.0001647902605573,52.23611681557042,4067.1207220160336,7359.375,2.868964907427964,10.830652985846056,0.0438574474359802,0.1957517504677098,0.2924731737973721,0.4616329027989755
M01||163||hark,307,M01,163,hark,1,1.4299375,0.0723838019897091,0.0002000033855438,0.000164419592718,52.87375645575285,3305.28614340284,6062.5,3.0787942793715213,10.260469966081912,0.0739608534064816,0.2750825567941637,0.2711031107402252,0.3718797967233622
M01||168||sign,308,M01,168,sign,0,1.545625,0.0650048357356131,0.0002000033855438,0.0001650754521052,51.90526339601103,3740.131400962928,6875.0,2.941735988212783,10.504361401310245,0.0598288267882352,0.2374578036613105,0.2764146835513792,0.4203766876143198
M01||169||fitting,309,M01,169,fitting,0,2.102875,0.0734777541796844,0.0002000033855438,0.0001656912263858,52.93712722685291,3089.3417832624664,6015.625,2.8825162079193944,9.910986024540149,0.0847634471362827,0.3246071930825031,0.2796569727146284,0.3035479089144123
M01||170||at,310,M01,170,at,1,1.3353125,0.0670796332595626,0.0002000033855438,0.0001625897471294,52.30995047866185,3887.818130879715,7078.125,3.205101934792046,10.75289389295794,0.0644303012220153,0.2219696923199655,0.238137393503582,0.4683492293621883
M01||171||cart,311,M01,171,cart,0,1.66125,0.075530674258467,0.0002000033855438,0.0001630221173331,53.317536643585335,3000.4643465937943,5875.0,3.0598509393193627,10.009920603268991,0.123090237008987,0.3004959288503498,0.2519689509684878,0.3152981316146297
M01||172||bit,312,M01,172,bit,1,1.5035,0.0662241604132367,0.0002000033855438,0.0001650043351602,52.07042212906285,3077.5795074227453,6250.0,3.4215221181555067,10.94007908116644,0.0939557898346705,0.3177114286209541,0.2746910978586589,0.3052278340436533
M01||175||fat,313,M01,175,fat,1,1.4299375,0.0697252499491135,0.0002000033855438,0.0001661473172639,52.45793493104578,3365.6677033626243,6609.375,2.897228631858908,9.853063494067818,0.0728407464637378,0.322928707645743,0.2110265259781004,0.3860486276170608
M01||178||tell,314,M01,178,tell,0,1.30375,0.0809519267951551,0.0002000033855438,0.0001628861102247,53.9268627568456,4105.111195769338,7437.5,3.0828179940337472,11.119054849959277,0.0414368651072681,0.1894659622550135,0.2778715299895353,0.4835991976813823
M01||182||bloat,315,M01,182,bloat,1,1.942375,0.0699617595095173,0.0002000033855438,0.0001642618554966,52.586479979527006,3144.4830203936644,5578.125,3.239684900306162,10.906363947135358,0.0590157993932356,0.2990288018627474,0.3504720827883119,0.2819681331658805
M01||184||lair,316,M01,184,lair,0,1.762875,0.0704798809726273,0.0002000033855438,0.0001615960848254,52.792686550982026,4009.035559009344,7281.25,3.4202210574077454,11.8374332600215,0.0489770090771966,0.1967826052142955,0.3016001018452188,0.4464792069274753
M01||186||oscar,317,M01,186,oscar,0,2.073,0.0628061672432278,0.0002000033855438,0.0001646167413351,51.630565818869286,3044.7404447000804,5796.875,3.3604744734506142,11.04643809304536,0.108904061123207,0.3071638835007687,0.2559008759808196,0.3193151808874321
M01||190||shy,318,M01,190,shy,0,1.7955,0.0509075827744511,0.0002000033855438,0.0001623459754498,49.92681898266007,3793.9871681619966,6828.125,3.296780241814469,11.275224776562151,0.0379994585899855,0.2177786997933391,0.3190670864631062,0.4175153076046655
M01||192||blow,319,M01,192,blow,0,1.7301875,0.0860945915108579,0.0002000033855438,0.0001664030387395,54.27629233953719,2901.433594625652,5906.25,2.894313900066989,9.83944776914197,0.1294714226838789,0.3182319343183787,0.2729345845767851,0.2694905138803363
M01||193||loyal,320,M01,193,loyal,0,2.024,0.0994970289642149,0.0002000033855438,0.0001684574182895,55.42639944167684,2766.412863876447,5625.0,2.6361586222265987,9.148176529999262,0.1498821740046662,0.3371172108669978,0.2350901219815672,0.2679379094096377
M01||194||seven,321,M01,194,seven,1,2.0240625,0.0510268682322737,0.0002000033855438,0.0001640247382246,49.857791221254445,3519.0115704998334,6859.375,2.8042212987739994,10.007806685475344,0.0621217716133477,0.2723907646643221,0.2938548558705601,0.3639605758810306
M01||195||at,322,M01,195,at,0,1.991375,0.0464134992419273,0.0002000033855438,0.0001630145444273,49.08835915418538,3506.801587862877,6500.0,3.538087690759965,11.409244651744697,0.0502656516585888,0.2663361390519958,0.3081912065244386,0.3688023129790248
M01||197||eight,323,M01,197,eight,0,1.50175,0.0532477295990162,0.0002000033855438,0.0001627227894303,50.29705428887879,3370.319360137027,6453.125,2.927941083447416,9.936835465177955,0.0724544543736177,0.2877013066720626,0.2673026484083363,0.3639913963709788
M01||198||hem,324,M01,198,hem,1,1.7465,0.0280312668746834,0.0002000033855438,0.0001634119171664,44.687180019088345,3882.658090041096,6843.75,3.933916301559437,12.531664664220292,0.0592718623359266,0.2034216929224036,0.2726571719500568,0.4551435664682168
M01||200||rich,325,M01,200,rich,1,1.8934375,0.0552852881015196,0.0002000033855438,0.0001634814701929,50.58282084884897,3727.573964199842,6781.25,3.3560534152088866,11.176288880864982,0.0505382548986961,0.2249742231695338,0.3148464632308398,0.4034895251536036
M01||201||pit,326,M01,201,pit,0,1.6649375,0.0658816133820232,0.0002000033855438,0.0001653402775678,52.00771127482588,3348.3562385124837,6562.5,3.04235150698247,10.366338742765118,0.0762249713430837,0.2915082584187625,0.2854121209736823,0.3375020777898745
M01||204||thorn,327,M01,204,thorn,0,2.823875,0.0317757596079901,0.0002000033855438,0.0001644198858137,45.72283198029396,3842.20375703761,6656.25,4.228922597890242,12.911504084245934,0.0385232915714125,0.2077807970910112,0.316532945739302,0.4301048033482942
M01||207||fill,328,M01,207,fill,1,1.2405625,0.0673809440166388,0.0002000033855438,0.0001644470926177,52.250217830866674,3194.496174653987,6062.5,3.346405456719776,10.853693741344532,0.089431816371386,0.2868598343200323,0.2691628651783204,0.3441828232177078
M01||211||seeds,329,M01,211,seeds,0,1.6485625,0.0410293900478689,0.0002000033855438,0.0001640563896931,47.96203821353304,4123.138106065104,7437.5,3.206242227789029,11.376986370842262,0.0524158189768275,0.2025059255373169,0.2623683428603449,0.4759312077123474
M01||215||hotel,330,M01,215,hotel,0,1.3955,0.0696904157151988,0.0002000033855438,0.0001664374874329,52.438438083542266,3536.6257835835618,6453.125,3.262135452136896,10.881700621279052,0.0577179473023375,0.2590573395421948,0.2731014939821676,0.4008610524572339
M01||216||written,331,M01,216,written,1,1.5948125,0.0401363878540739,0.0002000033855438,0.0001640141489226,47.773139401680055,4182.520252206715,7187.5,3.362686511069502,11.747800290436643,0.0340128400042256,0.1656517260700339,0.3154998178469343,0.479589595279824
M01||217||kitten,332,M01,217,kitten,0,1.9466875,0.0353330803158647,0.0002000033855438,0.0001648929606014,46.61958769818105,3946.6522310930136,6984.375,3.90328057482256,12.495460441504273,0.0397324471924657,0.2171307065255782,0.2677176083905626,0.4684312849371146
M01||218||lick,333,M01,218,lick,0,1.2430625,0.0411697162009823,0.0002000033855438,0.0001662438037989,47.87664811786642,4086.878643801584,7140.625,3.686544376866704,12.27328719365647,0.0490896315093946,0.19959742111137,0.2382156703858944,0.5041989297983894
M01||221||much,334,M01,221,much,0,1.5010625,0.0526667332366132,0.0002000033855438,0.0001632067014026,50.17596787801808,4103.903518296412,7359.375,3.214941793110808,11.351076884164366,0.0461513209104957,0.1980813331583563,0.2697554476466342,0.4808271583257889
M01||223||five,335,M01,223,five,0,1.25475,0.0621925592329621,0.0002000033855438,0.0001625728733493,51.65380693690721,3872.6230196263177,6921.875,3.1324409738810903,11.290759437978872,0.064902631443917,0.2180127805822876,0.2235826817855982,0.4874553293677781
M01||224||top,336,M01,224,top,0,1.465875,0.0593305972497113,0.0002000033855438,0.000164083622466,51.164269696162094,3615.062471814129,6640.625,3.5544029107179176,11.685433080506996,0.0664588174910225,0.2586782508417655,0.233550862674258,0.4347414281738787
M01||226||chop,337,M01,226,chop,0,1.2665,0.0593947493417919,0.0002000033855438,0.0001617621060018,51.29742522877406,3949.935199061391,7000.0,3.340708115303625,11.590886436663755,0.0454269015400334,0.2117529837975071,0.2474503835541461,0.4868727586458494
M01||228||him,338,M01,228,him,1,1.4306875,0.0318296163785763,0.0002000033855438,0.0001645114825703,45.7327037632446,3932.7172687931006,6906.25,3.7175577009398233,12.31881679287596,0.043345827114677,0.1950775234217965,0.3239945338335325,0.4300894116150982
M01||229||mitten,339,M01,229,mitten,0,1.7004375,0.0524052401922285,0.0002000033855438,0.0001664395578964,49.96236324643999,3718.481856976379,6687.5,3.566564076353341,11.702626178126442,0.0499885343823427,0.2351206436628909,0.3027433454457828,0.4035745565423403
M01||230||fat,340,M01,230,fat,0,1.5596875,0.0545821688699828,0.0002000033855438,0.0001648329578034,50.400134739209136,3704.658033598488,6609.375,3.01776993551149,10.53338741978517,0.0358707024497197,0.2691795984328825,0.2505393727754285,0.4359493377068577
M01||231||golf,341,M01,231,golf,0,1.571375,0.0743586271505948,0.0002000033855438,0.0001653898685538,53.05644921912312,3893.148585866775,6890.625,2.7452105760132284,10.258633081788709,0.0538621610506915,0.2082272839599266,0.2587488150351474,0.4719711142755766
M01||234||leak,342,M01,234,leak,1,1.29,0.0509754239851075,0.0002000033855438,0.0001646417033711,49.81641992126588,3564.510558274788,6593.75,3.1106843469569454,10.847647195178851,0.0524533959964923,0.2633708073796731,0.2995679490966947,0.3776992818608638
M01||236||part,343,M01,236,part,0,1.53625,0.0658935072856226,0.0002000033855438,0.0001638623522229,52.08726878721122,3673.083535486636,6593.75,3.6017227146076087,11.93040938483142,0.0565683831131128,0.2147377677655997,0.3093900015166366,0.4103150272433986
M01||237||nine,344,M01,237,nine,0,1.6769375,0.0438322103567849,0.0002000033855438,0.0001653306858857,48.468798084417855,4279.350049875957,7375.0,3.5038894645455936,12.334826749778111,0.0374238328439861,0.1761391046251268,0.2682392541161195,0.5118682776936222
M01||238||spark,345,M01,238,spark,1,1.7473125,0.0429282562956828,0.0002000033855438,0.000164167865386,48.34910193924664,4122.295490775137,7421.875,3.315006155069904,11.620037918976625,0.0407576759017378,0.1973633151156729,0.2664677958372834,0.4882828732266694
M01||244||leak,346,M01,244,leak,0,1.7790625,0.04263141439189,0.0002000033855438,0.0001592091935624,48.55523198069558,3587.635656341164,6656.25,3.311954029214584,11.268568253564904,0.0590988957680573,0.249676802990094,0.2947193863257272,0.3887657844763375
M01||245||thought,347,M01,245,thought,0,3.6428125,0.0175178197622959,0.0002000033855438,0.0001635716770798,40.59543894363561,3689.911833807824,6546.875,4.285586740550807,13.025501273585084,0.0422790469777995,0.2522873362949231,0.2738133894443308,0.4248714032143121
M01||246||thought,348,M01,246,thought,0,1.344875,0.0642241868870019,0.0002000033855438,0.0001663129772298,51.73544952956376,3606.7428561224074,6562.5,3.3744560061919437,11.03585496929056,0.0693513351420285,0.2189861153139777,0.2993340033706858,0.4057568073436933
M01||248||spit,349,M01,248,spit,0,1.6519375,0.0522000556316932,0.0002000033855438,0.0001646218553019,50.023669478656274,3592.172281734572,6750.0,2.885793241692844,10.495983674275513,0.0552921452854477,0.2481757389593281,0.307257301705129,0.3804995384175062
M01||250||side,350,M01,250,side,1,1.376625,0.0589838607058132,0.0002000033855438,0.0001634524994131,51.14683258711399,4223.896062612161,7312.5,2.819607908957416,10.87455169396418,0.0390147367183408,0.1910773534500146,0.2511900946962684,0.5128154567177439
M01||251||brawn,351,M01,251,brawn,0,1.92725,0.0557888536236159,0.0002000033855438,0.000160757385247,50.80753007445989,3914.155558806174,6937.5,3.721046048770956,12.166662065527564,0.0374695752675548,0.1934488636670329,0.3200882232453678,0.4420238581821407
M01||252||lima,352,M01,252,lima,1,1.704875,0.0465746440461548,0.0002000033855438,0.0001623893193695,49.15184165769029,4270.171968644602,7265.625,3.592222252516774,12.199523550822866,0.0285782854181491,0.1913395526465331,0.2427872713735273,0.5321303253268649
M01||253||pitting,353,M01,253,pitting,1,1.3978125,0.0613248608523428,0.0002000033855438,0.0001639326229654,51.45942367384197,3952.58966917057,7453.125,3.1255557210801554,11.137173086625085,0.0537684347185144,0.2262809444518094,0.2810107899957749,0.4326990462302533
M01||257||start,354,M01,257,start,1,1.599,0.0334194615553261,0.0002000033855438,0.0001629566199452,46.23854880920832,4021.198377674752,7015.625,3.910980635270153,12.58370811210136,0.0439014487832951,0.2074309796520106,0.2568077336023966,0.4852784181573895
M01||259||harp,355,M01,259,harp,1,1.8319375,0.033558134080612,0.0002000033855438,0.0001627477724125,46.28565503982847,4061.5192463570415,6859.375,4.134565030668042,12.722843202702023,0.0397583775120306,0.1771136019844557,0.2937615629912101,0.4829532055695212
M01||260||sitting,356,M01,260,sitting,0,2.177125,0.0574918308442457,0.0002000033855438,0.0001651055122311,50.836891323848754,3145.0685334196687,6468.75,2.9426022932956144,10.40966000797565,0.1114345667072683,0.3081355334846487,0.2495782844674668,0.3222482829300053
M01||263||city,357,M01,263,city,0,1.822125,0.0661611464323067,0.0002000033855438,0.0001663929777135,51.98936056419264,2987.7024611492766,5875.0,2.7901151732663414,9.613725161357848,0.133442365765276,0.2834253417248674,0.2807383457156835,0.2940900566235833
M01||264||witch,358,M01,264,witch,1,2.106125,0.0572571436961424,0.0002000033855438,0.0001651387379423,50.799614359836845,3286.471108125354,6203.125,3.266441738526346,10.614486333749444,0.0603145312568941,0.2791894783349348,0.3368697070172636,0.3158753814860433
M01||265||him,359,M01,265,him,1,2.12975,0.0290154328406885,0.0002000033855438,0.0001640622819341,44.95240611487919,3849.40035620153,6953.125,3.512406978910151,11.621681537418144,0.0474318044741447,0.22506749984134,0.2924634814287906,0.4272100001178091
M01||266||knitting,360,M01,266,knitting,1,2.5084375,0.0387719726864427,0.0002000033855438,0.0001628873135345,47.53261274969788,3745.551871864165,7031.25,3.701437256059044,12.037367539841831,0.064515495706587,0.24470867266786,0.2671044995319488,0.4167417900704214
M01||267||vat,361,M01,267,vat,0,1.9168125,0.0254515714905201,0.0002000033855438,0.0001607778597516,43.98976719238214,3671.771700574793,6437.5,4.104498462970077,12.271482320636352,0.0424186006250962,0.222242669943862,0.3208842134043514,0.4070664864964539
M01||269||spain,362,M01,269,spain,1,1.964125,0.0496501214988727,0.0002000033855438,0.0001622386080266,49.71532208164018,3680.429038840948,6687.5,2.989640285396587,10.74087687568761,0.046366765644363,0.2433192423359381,0.2983840736014592,0.4056816907174065
M01||270||sell,363,M01,270,sell,0,2.34275,0.0412410386010921,0.0002000033855438,0.0001648386873856,47.9654089262631,3600.045658392777,6609.375,3.6539847481615855,11.696590292832571,0.0655593271006186,0.247788397611478,0.2744891054837384,0.4052225487464943
M01||272||hitting,364,M01,272,hitting,0,2.2718125,0.0559770806644915,0.0002000033855438,0.0001641238450932,50.656771243688745,2869.413246078593,5671.875,3.3199525264016305,10.589516740352842,0.1066214025729994,0.3418419434904216,0.2718242596668306,0.2700107012348711
M01||273||witty,365,M01,273,witty,0,2.1534375,0.0758588097475891,0.0002000033855438,0.0001665728393703,53.16803670946096,2698.609579419326,5015.625,3.069642539013097,10.086190710332591,0.1075659985263186,0.3510704687311611,0.3026970689000939,0.2290530253420703
M01||274||witty,366,M01,274,witty,0,1.9405,0.0772606685933334,0.0002000033855438,0.0001655148594222,53.38242945180716,2833.5857198986528,5640.625,3.110360315925511,10.423406075709764,0.11008947022634,0.3318138932440164,0.3034597532484029,0.2459014600444601
M01||276||mush,367,M01,276,mush,0,1.8695,0.0612019886850037,0.0002000033855438,0.0001625915060587,51.51335360749628,3611.904469690351,6906.25,3.172658322366273,10.908926490664726,0.0647968191787913,0.261870885664885,0.2796922223522566,0.3869205713083714
M01||277||heart,368,M01,277,heart,0,2.0824375,0.0586535486553289,0.0002000033855438,0.0001644477377569,51.04532778955978,3012.561795154016,5734.375,3.479683785857014,10.89137178912078,0.101011122672924,0.3210719535271362,0.2612959401234632,0.3051735570899547
M01||279||league,369,M01,279,league,0,2.34275,0.0695687282210503,0.0002000033855438,0.0001611069395351,52.70599632947582,2744.518273130664,5187.5,3.0692122379357407,10.21232098914567,0.1191701781114253,0.3250819874263362,0.3223607130634711,0.2227799779011057
M01||280||six,370,M01,280,six,0,2.035125,0.0484926466804438,0.0002000033855438,0.0001630811466398,49.465442635293584,3426.4976418621422,6406.25,2.849468548459035,9.94006831470744,0.0585324107616257,0.285631383469833,0.2883021392262346,0.3608341818074431
M01||281||pit,371,M01,281,pit,0,2.2244375,0.04544604569887,0.0002000033855438,0.0001642134929059,48.841745239791805,3555.1823568424106,6765.625,3.681981081607076,11.846288426377214,0.0605093124122046,0.2801278694873355,0.2671097528034986,0.3841354789489055
M01||282||seed,372,M01,282,seed,0,1.8458125,0.0418240551360921,0.0002000033855438,0.0001630327149885,48.18302754995049,4322.058704027866,7531.25,3.156424671213398,11.37397942142577,0.0397874181835407,0.1815064689776478,0.2635096239800449,0.5077644445551128
M01||283||hat,373,M01,283,hat,0,3.147375,0.0508829551719823,0.0002000033855438,0.0001645306113757,49.80651229525424,2497.01628151193,4953.125,3.328527129982531,10.288079447806249,0.1462660426619917,0.4008223801138947,0.218452691582211,0.2224326275335615
M01||286||brought,374,M01,286,brought,1,2.2244375,0.0603269121716686,0.0002000033855438,0.0001631039583622,51.36093191030688,3414.3769194136207,6453.125,3.814234680374849,11.67778931880133,0.0581609737594079,0.2854164335186081,0.2849519928310486,0.3629479726945779
M01||287||ticker,375,M01,287,ticker,0,2.2244375,0.0449629431602296,0.0002000033855438,0.00016346096835,48.78881327873081,3674.121883849042,6765.625,3.837322729048767,12.107692244730828,0.0745654478468439,0.2245306340643239,0.2659017405619204,0.4281397895191844
M02||7||feed,376,M02,7,feed,0,2.266,0.0337657261253538,0.0002000033855438,0.0001618767123681,46.38583436121692,3750.6283925805214,7140.625,3.788994470702684,12.61710604848819,0.0523415782667927,0.2603838537273172,0.2659354638404089,0.4143452606061347
M02||8||alpha,377,M02,8,alpha,0,1.7034375,0.0883140271642132,0.0002000033855438,0.0001637345385248,54.63778778305763,2741.0557882665685,5453.125,2.483413670681012,8.535622165222339,0.1157214392921115,0.3523749030865198,0.2758236363602147,0.2470003746764579
M02||9||pat,378,M02,9,pat,0,1.937875,0.0488428859050323,0.0002000033855438,0.0001638899912335,49.48497769043926,4072.1973596404064,7375.0,3.893185241496124,12.813887125750169,0.0478123370681447,0.2175700902499226,0.2427018869398082,0.4838423663968371
M02||10||farm,379,M02,10,farm,0,2.125375,0.0509633891680267,0.0002000033855438,0.0001615863415052,49.97707307192882,3658.7034383955593,6984.375,3.395649887962068,11.587997201070433,0.0624786331967079,0.243589193160575,0.287658253913464,0.3988577724692558
M02||12||sip,380,M02,12,sip,1,2.125375,0.0467629464908227,0.0002000033855438,0.0001615182929528,49.23360303690065,3607.65388482164,6937.5,2.966410404051977,11.06301735389547,0.0612607088861952,0.2566708117013179,0.2945221896793665,0.379012728380295
M02||14||dagger,381,M02,14,dagger,1,1.937875,0.0668681785557329,0.0002000033855438,0.0001643736530073,52.18774573070789,3345.768965439539,6484.375,3.463202837681864,11.982186521446044,0.0575744605288097,0.2811500461029785,0.3391410306819372,0.3155349881091728
M02||17||feet,382,M02,17,feet,1,1.6409375,0.0286938122535101,0.0002000033855438,0.0001647344994028,44.82007383692867,4093.894132981487,7656.25,3.500753013976164,12.78822727090849,0.0531532141650288,0.2503812326374639,0.2228398803475149,0.4675877091357393
M02||22||bit,383,M02,22,bit,1,3.2138125,0.0268966644799575,0.0002000033855438,0.0001623995266239,44.38227332900793,3316.4851891596213,6406.25,4.43668716935411,13.360697136197018,0.0603733417391462,0.3096123124777348,0.2840570827491342,0.3366068901380599
M02||25||chair,384,M02,25,chair,1,2.842625,0.0289459908475114,0.0002000033855438,0.0001636407328546,44.953940093201965,4056.3449369116606,6968.75,4.842933045742673,14.81748861875384,0.0497379434194754,0.1948658144618732,0.275535279449535,0.4745607650647099
M02||27||the,385,M02,27,the,0,3.15525,0.0254341242508254,0.0002000033855438,0.0001632765208407,43.84986101762497,3724.519548575434,6796.875,4.482311934089832,13.940151875247569,0.0489684808363856,0.2372799154534132,0.2958666104147174,0.4097596951008586
M02||28||gadget,386,M02,28,gadget,0,2.1588125,0.0953017371349802,0.0002000033855438,0.0001651981216729,55.22191423791804,3094.207749110913,6218.75,2.8122790111542715,9.81086900021984,0.1215751448372429,0.304041423668949,0.2214919374882177,0.342587412439504
M02||29||one,387,M02,29,one,1,2.0904375,0.0392944581605503,0.0002000033855438,0.0001631362439879,47.635616911713576,3628.3796094849927,6578.125,4.420706330918122,13.48927165500182,0.0428494131368369,0.2308813778910369,0.3387004366448578,0.3806758040488814
M02||30||torn,388,M02,30,torn,0,2.4714375,0.0328881165953845,0.0002000033855438,0.000162376778832,46.13030163306685,3861.72376000822,6765.625,4.448500141629831,13.666280048232789,0.0429543579015408,0.2153479118557775,0.2981006375656677,0.4377822027232882
M02||33||share,389,M02,33,share,1,2.6375,0.0352478968114883,0.0002000033855438,0.000163001997742,46.69880562571759,3864.4447161525272,7296.875,3.887711573588445,13.161376013436993,0.0653484543914353,0.2231545977197563,0.2753558144955657,0.4276940608300639
M02||38||feet,390,M02,38,feet,1,2.0123125,0.0360862230735155,0.0002000033855438,0.0001636197736677,46.87011283779953,3852.6411599289504,7343.75,3.60634626958452,12.442923206624956,0.05764921765844,0.2451579048505084,0.2606662572447505,0.4287348337926389
M02||39||sticks,391,M02,39,sticks,1,2.549625,0.0423078710788334,0.0002000033855438,0.0001634376825683,48.26137953235214,3247.6618306599485,6671.875,2.868858114071683,10.483693964043455,0.0935268011553542,0.3214859575885281,0.2423515259995442,0.3328334997102681
M02||40||rate,392,M02,40,rate,0,1.797375,0.0546845724271318,0.0002000033855438,0.0001618213686588,50.576579014340425,2905.204149921878,5875.0,3.769222682050805,11.866858791009422,0.1186536738028127,0.3286962543133229,0.2597227461827056,0.2828897411622388
M02||41||knew,393,M02,41,knew,0,1.9634375,0.0381946684875899,0.0002000033855438,0.000162139143083,47.44229742981871,3611.123575953328,6828.125,4.2235927681498415,13.05261052117168,0.0545625919328058,0.2510340629140435,0.3089963484070925,0.37936772728607
M02||42||tip,394,M02,42,tip,0,1.8365,0.0326336475602074,0.0002000033855438,0.0001651001107654,45.91836508522226,3702.677950187287,6671.875,4.626101184062817,14.055040227117782,0.0472715042973625,0.2633341990545818,0.279822020599571,0.4036938178809084
M02||43||know,395,M02,43,know,0,2.432375,0.0277704897078575,0.0002000033855438,0.0001607767183935,44.74720756325444,3309.040732912759,6171.875,4.867320688955783,14.287525651617017,0.071516637287695,0.2779490787002228,0.312456469574853,0.3304556056018775
M02||47||store,396,M02,47,store,1,2.9208125,0.0502049690379572,0.0002000033855438,0.0001630456114332,49.76875179664873,2916.610186585835,6109.375,3.982680170041443,12.507423537164769,0.1172174889187777,0.3405829377006346,0.2584759149770012,0.2738364516936878
M02||48||chair,397,M02,48,chair,0,1.904875,0.0505955999081888,0.0002000033855438,0.0001641758320349,49.77607047448053,3570.259323517524,6750.0,3.8891174478250266,12.877512203845122,0.0736641279857378,0.2542632124230604,0.2991457150318877,0.3660058146937445
M02||49||swarm,398,M02,49,swarm,1,2.4030625,0.0327726567351353,0.0002000033855438,0.0001629246674811,46.07049611703478,3542.0273765668358,6765.625,4.099782624514514,12.812586019764431,0.0578813852711357,0.2794717252916094,0.2695079979030664,0.3854429166390269
M02||54||trait,399,M02,54,trait,1,2.295625,0.0454819453223669,0.0002000033855438,0.0001647347631915,48.82107551644077,4014.1151194613626,7453.125,4.0045737706649,13.077577635161404,0.0512322103258381,0.2278428782497703,0.262643464367808,0.4512759751679029
M02||56||horn,400,M02,56,horn,1,3.4355625,0.0252183422868353,0.0002000033855438,0.0001615766140027,43.86676064513828,3664.293339364623,6656.25,4.018352906766916,12.73273172020562,0.0384586382035225,0.2317320178829887,0.3350466099180806,0.3880328526276237
M02||58||sheet,401,M02,58,sheet,1,2.4898125,0.0399921057512861,0.0002000033855438,0.0001637512678984,47.75579201614078,3462.8805931767038,7375.0,3.467935633033401,12.006554531760656,0.1078375460419415,0.2729343103323411,0.2426196424427325,0.3670670423419855
M02||59||beta,402,M02,59,beta,0,2.7793125,0.0768348215026501,0.0002000033855438,0.0001617423691573,53.53468572880601,2353.6468569237218,5562.5,3.396836303793953,10.95960758059815,0.2325670058300291,0.3544523422241041,0.1700341345727374,0.2303809623592036
M02||61||beat,403,M02,61,beat,0,3.242625,0.019312863763111,0.0002000033855438,0.0001638770791939,41.42656924097072,3831.688955687197,7078.125,4.011020517376914,12.831569897861806,0.0634601862933395,0.2318608715810441,0.2517780329557322,0.4456646548472531
M02||64||knee,404,M02,64,knee,0,2.64425,0.0304580040433388,0.0002000033855438,0.0001632308800341,45.41798235857573,3378.622894781845,6359.375,4.151515703781716,12.9092693445737,0.0447037920183088,0.2849366712202842,0.3349494487968327,0.3284430643681923
M02||68||floor,405,M02,68,floor,1,2.54775,0.04153339220449,0.0002000033855438,0.0001620879962029,48.17293099644248,3235.8379506012,6609.375,4.023134971663617,12.560321686659494,0.0834897785015224,0.3197338289112593,0.2663488854005856,0.3216969363275236
M02||70||weed,406,M02,70,weed,0,1.8915,0.0351811179539416,0.0002000033855438,0.0001644792959944,46.60396795023567,3000.7155825227323,5953.125,4.563867427546752,13.535913387714697,0.0811052599347289,0.3488061509388809,0.2662658968239343,0.2933119782388767
M02||74||beat,407,M02,74,beat,1,2.2389375,0.0145976508251469,0.0002000033855438,0.0001632406917967,39.02909089087876,3779.3331727496657,7062.5,3.9196059777918015,13.02429235256842,0.0430836009618658,0.2354534988624723,0.3048387083502061,0.4099050524765006
M02||75||knew,408,M02,75,knew,1,2.200375,0.0389901042829787,0.0002000033855438,0.0001624537195959,47.60449474408166,2842.2644542875305,5890.625,3.931836684561055,12.17871420415414,0.0956571326659345,0.3767614146697506,0.2499352374794429,0.2695972570395007
M02||78||sip,409,M02,78,sip,1,2.219625,0.0455699345190682,0.0002000033855438,0.0001638351736158,48.88542517663578,3661.6018393525146,7171.875,3.24285470521041,11.596344733804996,0.0863847092302361,0.2641715022707198,0.2286598700660594,0.4133319013467682
M02||79||stick,410,M02,79,stick,1,2.3740625,0.044656904821489,0.0002000033855438,0.0001630910894417,48.74916769880805,3378.8256651323195,6859.375,3.315970416190219,11.792518669857143,0.0802022738593496,0.3153789437931495,0.2367037542948277,0.3586327974461049
M02||83||double,411,M02,83,double,0,2.296875,0.045723429123579,0.0002000033855438,0.0001628517758998,48.96692589700748,3225.377239832188,6421.875,4.532225352737763,13.377350111563612,0.0814450597084403,0.3304412481956701,0.2438675471594062,0.3359548709669712
M02||85||fee,412,M02,85,fee,0,2.4705625,0.0371125638244582,0.0002000033855438,0.00015988733674,47.31413777991194,3660.9728444041966,7234.375,3.2242355555845967,11.462345630694196,0.0784004912598696,0.2727942376242213,0.2273042707290152,0.412302759288943
M02||88||warm,413,M02,88,warm,0,2.0073125,0.0408138637844095,0.0002000033855438,0.0001633816153271,47.95209050306502,3550.0272933856068,6515.625,4.509314170049208,13.752581358278915,0.0424392072851105,0.2423648417635469,0.3544090801205862,0.3552871718152399
M02||91||sip,414,M02,91,sip,0,2.4319375,0.0316508003651287,0.0002000033855438,0.0001605133955189,45.89746829390592,3885.1761297786807,7234.375,3.6446359371124246,12.73958168419524,0.0473606160607044,0.2533045395364716,0.2548400481567496,0.4388610865394502
M02||93||dug,415,M02,93,dug,0,1.96875,0.0685833629020193,0.0002000033855438,0.0001611414330839,52.580231095095336,2369.6039851266546,5250.0,3.366792671454036,10.945055597270592,0.1957419777131514,0.3772125346476236,0.2049601183224608,0.2088492514363261
M02||95||meat,416,M02,95,meat,0,1.795,0.0283451474179137,0.0002000033855438,0.0001632359619009,44.7932575455177,3747.544521499539,7140.625,3.976383754846821,13.017939474893206,0.0458840063396067,0.2364342753558724,0.3105117085384891,0.4005525015335735
M02||96||swore,417,M02,96,swore,0,2.972375,0.0419730783984283,0.0002000033855438,0.0001621552846332,48.2607943124208,3492.713204200234,6750.0,3.5150929611576656,12.035101509705369,0.0666678722507453,0.2647086771882113,0.2978202749205931,0.3635119836250167
M02||101||race,418,M02,101,race,1,2.02025,0.0484763446237063,0.0002000033855438,0.0001643805005205,49.393591315361896,3849.518086501401,7406.25,2.710883378963242,10.585542527124788,0.0673439645522122,0.2578878877102844,0.2353963343654614,0.4318132794351998
M02||102||air,419,M02,102,air,0,3.0865625,0.0404482580563322,0.0002000033855438,0.0001617870560521,47.95912101135541,3605.9699108502455,6796.875,4.228717256494467,13.368039797890052,0.0592891982843152,0.2616969943069619,0.2915321627803355,0.3811547609272427
M02||104||air,420,M02,104,air,1,2.1325,0.0553017427659815,0.0002000033855438,0.0001652239165875,50.49331809987381,3056.65354323218,5937.5,4.190907149949996,12.961032763071856,0.0882226806974205,0.3469450851347169,0.2485580875309472,0.3082954229907713
M02||109||bug,421,M02,109,bug,0,2.357,0.0402667947970392,0.0002000033855438,0.0001629224534973,47.85932239752032,3500.329344845616,6906.25,3.4995262671519947,11.885466174665078,0.0745400891129085,0.2765035049703278,0.2763545403834818,0.3642671937204765
M02||111||goat,422,M02,111,goat,1,2.8620625,0.0375606876726993,0.0002000033855438,0.0001619408694314,47.30754136538518,3408.192248670483,6500.0,4.766200792940922,13.971556123310162,0.066416549031213,0.295996283369047,0.2645527066434336,0.3652316681166245
M02||112||jagged,423,M02,112,jagged,1,3.2548125,0.0593872473755001,0.0002000033855438,0.0001660638437331,51.06836220145348,2999.6968244258883,6156.25,3.2543265720324293,11.082679371347831,0.1349563244260587,0.3021941919825135,0.2560918448414295,0.2975062255533595
M02||113||corn,424,M02,113,corn,1,2.665625,0.0311792707048325,0.0002000033855438,0.0001633248519927,45.616273587155206,3715.783477250616,6671.875,4.631026534766453,13.976433385435588,0.0436818103592808,0.2339673637179046,0.3127866252874184,0.4024133106199578
M02||116||feed,425,M02,116,feed,1,2.8900625,0.0289996681712946,0.0002000033855438,0.0001634511612487,44.98010036227548,4030.0865296811976,7406.25,3.57748051790043,12.492131114982136,0.0544646509703189,0.2222808703046334,0.2522562231416159,0.4639325740447546
M02||124||error,426,M02,124,error,1,2.72175,0.0624388074134064,0.0002000033855438,0.0001630888553176,51.66060629762449,3193.9319364702837,6281.25,4.112233303630206,12.738480462655232,0.0882989140436477,0.3009979785897571,0.2861200268039991,0.3170767738333427
M02||128||menu,427,M02,128,menu,0,4.096625,0.0306132053119254,0.0002000033855438,0.0001635584853386,45.44471448237295,3218.492754745973,6015.625,4.151519157212155,12.837181478667556,0.0584143576622822,0.2864533786149409,0.3420230857524119,0.3064629473648645
M02||129||side,428,M02,129,side,0,2.97425,0.0652433941012025,0.0002000033855438,0.0001659179550973,51.89286318785541,3514.710904499354,6921.875,2.371158950624098,9.214842654394864,0.0781105467753876,0.2645028163029902,0.2714181233446678,0.3769533799738311
M02||131||sigh,429,M02,131,sigh,1,2.6375625,0.0355783069867302,0.0002000033855438,0.0001641045608679,46.72129253538965,3569.390462156364,6968.75,3.471649197493901,12.233711361112375,0.0750224791774969,0.264882311734079,0.2676138041475535,0.3843068119919413
M02||134||area,430,M02,134,area,0,2.665625,0.0804389146356054,0.0002000033855438,0.0001675940092745,53.62415423005704,2717.436213835728,5453.125,3.140392864955904,10.44545781105754,0.1511268207086201,0.3115870230762332,0.2556318210852637,0.2680756633521842
M02||136||hear,431,M02,136,hear,0,2.665625,0.0320367246321523,0.0002000033855438,0.0001612963660706,45.96047050533208,3888.165987239048,7328.125,4.231797026593752,13.43398511715814,0.0483431747543046,0.2377659184719043,0.2614251709379748,0.4445584880442051
M02||138||ate,432,M02,138,ate,0,2.1325,0.0400782569905417,0.0002000033855438,0.0001650577884065,47.70545607990086,3034.5746140858982,6468.75,3.432310076266663,11.420467773844209,0.1314274002485623,0.3153073177096685,0.2366579187068942,0.3066293975991632
M02||139||write,433,M02,139,write,0,2.8900625,0.0500737613500309,0.0002000033855438,0.0001645286127089,49.6673755876428,2385.1372786338447,5234.375,3.658307519463764,11.211094530266069,0.1707960156919091,0.4035243809049575,0.1911244250701251,0.2228467479850646
M02||142||whoop,434,M02,142,whoop,0,2.665625,0.0389999702590697,0.0002000033855438,0.0001619023008095,47.63622510479639,2692.003478280924,5578.125,4.442356043229102,12.948743909879166,0.0989865595051614,0.4143213215133957,0.224759567598926,0.2492419757202602
M02||147||sway,435,M02,147,sway,0,3.030375,0.045120305449378,0.0002000033855438,0.0001639945493571,48.79085234510303,2912.422896755421,6250.0,3.24882755462036,10.93924202266485,0.1332254893247884,0.3481971986023257,0.2110712847614789,0.2989185182051265
M02||148||shout,436,M02,148,shout,0,2.27275,0.0453048429832784,0.0002000033855438,0.0001637987371499,48.83668160890124,3588.640747520008,6906.25,3.5601908220657257,11.89748090370329,0.0864932869544204,0.2547883409783251,0.251358422451145,0.3991168494633209
M02||151||fruit,437,M02,151,fruit,1,1.729,0.0359391985456114,0.0002000033855438,0.0001651287877695,46.7549119057384,3999.803074425952,7390.625,3.0441907039563705,11.047143152812124,0.0447213787118769,0.2350793424342372,0.258326942799864,0.4555895549695762
M02||155||knot,438,M02,155,knot,0,2.16125,0.0376685325970067,0.0002000033855438,0.000163666261267,47.2403908127536,3798.839954868408,6953.125,3.9883899398719462,13.044977919326696,0.0624368770369298,0.2286283466817765,0.2682730780422182,0.4336048767541495
M02||158||three,439,M02,158,three,1,2.542625,0.0330586600657669,0.0002000033855438,0.0001646314082796,46.05545107086117,4096.52874282779,7140.625,4.07954472650787,13.156638958730742,0.0439557211306185,0.195983614211705,0.2671981390016284,0.4869601652145602
M02||161||mut,440,M02,161,mut,1,1.9578125,0.0337079053823584,0.0002000033855438,0.0001635759849181,46.28024444509374,3948.540431796222,6953.125,3.8268721148568368,12.556106730661224,0.0335354948806475,0.1929302006966412,0.3357706491872877,0.4320323308731742
M02||162||were,441,M02,162,were,0,2.5171875,0.0374661925283348,0.0002000033855438,0.0001634696377007,47.20404920829749,3553.2904044784736,6500.0,4.664801822766214,13.876408133318982,0.0540012711795761,0.2537422659499178,0.3059965792054832,0.3784263698943916
M02||163||we're,442,M02,163,we're,0,2.3646875,0.0432816764970252,0.0002000033855438,0.000160516113112,48.61570879717621,3460.2658831441872,6437.5,4.649469555730563,13.817340739343956,0.0552914858743255,0.2504822158122337,0.3313396331063801,0.3556958472651464
M02||164||dot,443,M02,164,dot,1,2.4409375,0.036984958760602,0.0002000033855438,0.0001625825444546,47.13902445412359,3691.0411967725768,6875.0,3.8420918715908687,12.530150433474764,0.0590015808557106,0.2275057750631285,0.316000850766197,0.3906964024173066
M02||165||suit,444,M02,165,suit,0,2.110375,0.0247316652836191,0.0002000033855438,0.0001633184756209,43.60436084999723,4153.794094044259,7312.5,3.944170700421107,13.07905564097957,0.0457241880755674,0.1917414285887848,0.263318650118959,0.4932137082375469
M02||166||single,445,M02,166,single,1,2.212125,0.0425286486525991,0.0002000033855438,0.0001616926643498,48.39982531776581,3474.499708037252,6625.0,3.397607566273585,11.920723357630813,0.0581793710652063,0.2801775627915827,0.2969000820432041,0.3579003776773617
M02||167||pad,446,M02,167,pad,0,2.4663125,0.0433836420684984,0.0002000033855438,0.0001624549964492,48.531858706899264,4097.044122414021,7453.125,3.756023899287592,12.908317001807331,0.0511310013119897,0.2160442355425577,0.2559017621894842,0.4706081471627591
M02||170||pay,447,M02,170,pay,1,2.288375,0.0482041475503894,0.0002000033855438,0.0001661922620649,49.24947216054549,4019.670721971848,7515.625,2.637048326179178,10.267410047882237,0.0525207770367002,0.2371645628633495,0.244955096976407,0.4582281288201602
M02||175||write,448,M02,175,write,1,2.3138125,0.0565518915833924,0.0002000033855438,0.0001645810105342,50.72134822956037,2498.735611567146,5109.375,3.4190391156110573,10.921486344386578,0.1709578847514356,0.3675581565748052,0.2121499611796355,0.2385712320560575
M02||177||witch,449,M02,177,witch,0,1.957875,0.0322924063626842,0.0002000033855438,0.0001628889754403,45.944174346233694,3770.071868619864,7093.75,4.167109733982001,13.569302945710138,0.0446267633683096,0.2281111241359622,0.3312270882415994,0.3898044745569882
M02||178||shear,450,M02,178,shear,1,2.1866875,0.0497780576746071,0.0002000033855438,0.0001615767747373,49.77318023411485,3311.764335363709,6562.5,3.734074179463654,12.269293730558976,0.0952777898330502,0.3013260370789336,0.2395224937481211,0.3542285908453444
M02||180||steer,451,M02,180,steer,1,2.0595,0.0510056743012738,0.0002000033855438,0.0001631689109599,49.89962156874909,3410.139550007373,6531.25,2.953421651594697,10.376829397519284,0.0775025407817281,0.2537846062425219,0.3046412825426022,0.3548148034222381
M02||181||bad,452,M02,181,bad,1,2.364625,0.0337576016369258,0.0002000033855438,0.0001631270439048,46.31691235357557,3936.1814650448073,7062.5,3.979985797717031,13.486003261904315,0.0428426977650865,0.2120139955216428,0.3059820892233116,0.4329948092004448
M02||187||wish,453,M02,187,wish,0,2.5680625,0.0344681037700284,0.0002000033855438,0.0001635751443454,46.47400159114,3583.908833048869,6968.75,4.359689583381459,13.768941714766855,0.0639214236591995,0.2724724272024154,0.2720306264538484,0.3822819704667258
M02||188||ate,454,M02,188,ate,0,2.4409375,0.0365024671607517,0.0002000033855438,0.0001652928706587,46.88136193505386,3024.042265374846,6203.125,3.654042963209014,11.758397334693248,0.0937685857063158,0.3496942636987715,0.2493139278116728,0.2978550023783789
M02||189||light,455,M02,189,light,0,2.288375,0.0617076968542038,0.0002000033855438,0.0001635006622553,51.5363964247586,2700.3884800651526,5500.0,3.264472664537142,10.629364581432462,0.1565719132369886,0.3272633252764009,0.2447954172925794,0.261718778398865
M02||190||knew,456,M02,190,knew,0,2.6189375,0.0330294749100007,0.0002000033855438,0.0001626372761436,46.15363154781322,3356.604895600305,6406.25,4.343403455156436,13.300918674807306,0.0661400182140384,0.253088908411843,0.3472592748845233,0.3267524229475877
M02||191||tie,457,M02,191,tie,0,2.618875,0.0338463141889418,0.0002000033855438,0.0001629923042154,46.34688564403142,4058.281218797662,7234.375,4.496875466671931,14.042604375097028,0.0420300673864335,0.2147198369306499,0.2700361712625904,0.4671970838566719
M02||193||though,458,M02,193,though,1,1.3730625,0.0742936491863028,0.0002000033855438,0.0001669022114178,52.96979199409564,2684.0564413330803,5281.25,3.637643511266016,11.667582193802968,0.1215090946465671,0.3508733869483544,0.2700729747519398,0.2428215642151285
M02||195||floor,459,M02,195,floor,1,2.5171875,0.0519006731452968,0.0002000033855438,0.0001631882726911,50.04968090177107,3513.518609987941,6765.625,3.5661012535490486,11.810301736377852,0.0696266875945366,0.2746492036704872,0.2746178829506853,0.374293390303187
M02||199||slay,460,M02,199,slay,1,3.0003125,0.0487948569231989,0.0002000033855438,0.0001637854988168,49.48197202365456,2905.039824931269,6484.375,3.408644776537043,11.384136076956109,0.1371451159420898,0.3638975216798406,0.20735300037597,0.2815601074434887
M02||205||jungle,461,M02,205,jungle,1,2.1358125,0.0527168716982082,0.0002000033855438,0.0001652057805282,50.07848782958028,2713.162278526396,5500.0,3.847289907613466,12.1700697321949,0.1158496479426116,0.3682043729455361,0.2588894550976111,0.2474914403294845
M02||206||bear,462,M02,206,bear,0,1.6526875,0.062866427268889,0.0002000033855438,0.0001630030561156,51.72446065766773,3305.210894000583,6031.25,3.3089542346266203,11.083719352938148,0.0774181541671668,0.2582388242170262,0.3041744189005181,0.352416871027169
M02||207||suit,463,M02,207,suit,0,1.8306875,0.0346379042200246,0.0002000033855438,0.0001618547669817,46.60852224240074,3371.011186905418,6750.0,3.759488605349932,12.110782892150612,0.0576860307286223,0.3036089957647117,0.2946842299253161,0.3359794397055334
M02||209||pile,464,M02,209,pile,1,2.4663125,0.0509587487017911,0.0002000033855438,0.0001616386377023,49.97347147544527,3179.559096686484,6406.25,3.9845640883425326,12.4596207318653,0.0849491476055314,0.3289952328367328,0.2476542343698776,0.3296732919183736
M02||212||four,465,M02,212,four,1,2.2375625,0.0568154323164827,0.0002000033855438,0.000161423807342,50.92997458538952,2980.5495779638068,6218.75,3.916107889979169,12.033564355055685,0.1227415299920704,0.3355669338231525,0.2225808970745671,0.3097943758347604
M02||213||peer,466,M02,213,peer,0,2.2955,0.0680315575047456,0.0002000033855438,0.0001648980001599,52.30990050168452,3438.5957302642737,6765.625,1.768787592795528,7.299465377350144,0.0932643854147507,0.2502028860410083,0.2820563212444159,0.3675190121144893
M02||216||slip,467,M02,216,slip,1,2.0085625,0.0566036766047514,0.0002000033855438,0.0001623466198473,50.84802780492858,3169.1969591641,6703.125,3.0885692530799798,10.810177380670092,0.0865683050632036,0.3626523202584838,0.2171502919463495,0.3217392568975132
M02||218||prior,468,M02,218,prior,1,2.9796875,0.0620823225442185,0.0002000033855438,0.0001634723706639,51.59047190093716,2886.896042315604,5890.625,3.234830611183816,10.777734791849667,0.1410897648313227,0.3054272922994556,0.242790574267968,0.2996559836998746
M02||219||tile,469,M02,219,tile,0,2.4058125,0.0476273816744347,0.0002000033855438,0.000165139636211,49.2001076637814,3435.684788603255,6812.5,4.067292923810967,12.927004879935344,0.0636103731958516,0.3073222608653951,0.2601527502235169,0.3612786184970412
M02||221||back,470,M02,221,back,1,2.0085625,0.051104202516885,0.0002000033855438,0.0001627940494963,49.93636178261227,3707.660780323531,7062.5,3.671952162075596,12.116875463384453,0.0524441789873193,0.2702104906861717,0.2663579044441391,0.4040485359963455
M02||223||mere,471,M02,223,mere,0,2.5824375,0.0281682550713817,0.0002000033855438,0.0001629726398367,44.75290488829613,3805.996556021766,6750.0,4.707130335833601,14.124842359851836,0.0433584110658693,0.2171285323570419,0.3103447744282669,0.4219737308709996
M02||224||fate,472,M02,224,fate,0,2.0526875,0.059358160432848,0.0002000033855438,0.0001619433820505,51.282344567264985,2712.893721011711,5609.375,3.4798831526459617,11.325286144247208,0.1244726368371414,0.3720324389726885,0.2262662875724,0.265428779693004
M02||228||know,473,M02,228,know,0,2.3616875,0.0360499062922879,0.0002000033855438,0.0001628452899646,46.90257876672925,3848.4596383735184,6843.75,4.712138404575361,13.899379309365886,0.057274108369424,0.2146718832813461,0.2833458105008484,0.4388342034987227
M02||235||root,474,M02,235,root,1,2.6045,0.0415468182897912,0.0002000033855438,0.000163813914571,48.08373964016979,2927.3091209278605,5968.75,3.0885982475840383,10.484850821715757,0.1011752536079186,0.3326696806522857,0.272303501825358,0.2828664162764937
M02||239||deer,475,M02,239,deer,1,2.339625,0.0443363683034273,0.0002000033855438,0.0001636282228499,48.65803805133197,2931.244353230593,6031.25,3.980978125617135,12.286877680586686,0.1279916137354277,0.3275562133611734,0.2414765385082363,0.2937126037502013
M02||76||group,476,M02,76,group,0,2.78,0.2456392534971023,0.0002000033855438,0.0001741948414475,62.985249581663496,3843.1640146358823,6546.875,1.4433015179646205,5.420808823246482,0.0305514021088876,0.2154633250812462,0.3055058961854586,0.4420735578882003
M02||77||gnaw,477,M02,77,gnaw,0,1.8700625,0.2015792477725607,0.0002000033855438,0.0001710181856564,61.42807051124392,4011.6528774986846,6796.875,1.406394176455432,5.686094351295363,0.0251622869713741,0.1895805432264415,0.3140250498071009,0.4655649461098812
M02||79||air,478,M02,79,air,0,1.7150625,0.2627577591159301,0.0002000033855438,0.0001761578988329,63.47306855805815,3676.245037116305,6593.75,1.1704093046962434,4.290632306351938,0.0336577721985768,0.2272133836931196,0.3501201388908915,0.3823423120943893
M02||80||air,479,M02,80,air,0,3.12,0.1154615099055168,0.0002000033855438,0.0001680221021036,56.7414163743068,3676.7216702992514,6437.5,1.5980108434506244,6.655490927051844,0.0252088371679163,0.2516441944544811,0.3169364132134757,0.3996967145485133
M02||81||select,480,M02,81,select,1,3.525,0.254275859582554,0.0002000033855438,0.0001699829258769,63.49799661490134,4280.431036457002,7390.625,1.02110480438139,3.909417032553769,0.0281623566624765,0.187828134592463,0.275746430110825,0.5012395251283197
M02||85||white,481,M02,85,white,0,2.42,0.1692100753095088,0.0002000033855438,0.0001675670027559,60.0847543436495,3943.043662310368,6765.625,1.5498461882878012,6.325800996152736,0.0230143552589321,0.2101770113296465,0.3110025457276991,0.4502429651423349
M02||87||lip,482,M02,87,lip,0,4.265,0.1886486765576319,0.0002000033855438,0.0001684491103643,60.98370082272797,3747.052369329372,6593.75,1.4110333542962534,5.57714129261986,0.026276013795032,0.2395782979278259,0.3204952019605079,0.4071477955776071
M02||89||briar,483,M02,89,briar,1,3.39,0.1921176056951694,0.0002000033855438,0.0001709141686456,61.01578197288877,3736.797553610849,6515.625,1.442724364483395,5.732521073830859,0.0268087689289831,0.2327202443204341,0.3276926663484973,0.4063065623704128
M02||92||coupe,484,M02,92,coupe,0,2.435,0.1787923167470357,0.0002000033855438,0.0001713472704079,60.36943322928768,3729.944012131924,6593.75,1.6005447602835854,6.22311667056452,0.0257244572003435,0.255131293372304,0.3037914331557657,0.4089301975918699
M02||94||pat,485,M02,94,pat,1,3.815,0.1229676570937595,0.0002000033855438,0.000167640832947,57.308221769394,3645.6659228113913,6562.5,1.6423006347777624,6.722782898185117,0.024251405475353,0.2712519242033528,0.3132514575827263,0.3847246359770487
M02||97||echo,486,M02,97,echo,1,2.52,0.1659174085537671,0.0002000033855438,0.0001741454787789,59.57959504503406,3408.004203623393,5968.75,1.479182549959401,5.638294141868286,0.0367721886496069,0.2414475858083792,0.3818461914720025,0.3320478159063466
M02||99||fat,487,M02,99,fat,0,2.9,0.1288190495007955,0.0002000033855438,0.0001698427971726,57.598659133395614,3966.683557229054,6890.625,1.5265218644894742,6.425701349999877,0.0270862343974922,0.2191237344386759,0.2903421583075921,0.4584906167562205
M02||100||mike,488,M02,100,mike,0,3.07,0.1374660299191905,0.0002000033855438,0.0001705341625427,58.1276799482628,3723.618513627952,6515.625,1.520444409781537,6.26665287867808,0.0284890421003589,0.2184380538164139,0.3405594318796442,0.4061759466107667
M02||101||seeds,489,M02,101,seeds,0,3.47,0.2131235495626101,0.0002000033855438,0.0001746081412903,61.73133902841235,3599.4111260683294,6546.875,1.2295182229583184,4.630244670770541,0.0381195646869944,0.2236441483652013,0.3783012584658279,0.3530413120228282
M02||102||sell,490,M02,102,sell,0,2.29,0.1497317530734453,0.0002000033855438,0.0001700407150299,58.89521973693411,4098.653117143882,7312.5,1.2514492224832674,5.40474840478919,0.0267336151954668,0.2005262924908468,0.3149467669084885,0.451917809441659
M02||103||brought,491,M02,103,brought,0,3.925,0.2327404001604249,0.0002000033855438,0.0001752689844765,62.46333412710769,3742.7561626401775,6515.625,1.3638957213959546,5.037548391163128,0.0304487277982163,0.2256844430427507,0.3304992493857727,0.4070193556460498
M02||105||at,492,M02,105,at,1,2.435,0.2162948169093766,0.0002000033855438,0.0001745251379218,61.863762452818094,3782.888597209816,6453.125,1.3368496256149045,5.145987566869437,0.0294470194209707,0.1809828797863917,0.3947488827234691,0.3874672783329866
M02||106||pretty,493,M02,106,pretty,0,2.22,0.3351513234546887,0.0002000033855438,0.0001623264843952,66.29703111432653,3808.769549828162,6937.5,1.1184545574652385,4.101362407266677,0.0430740698930802,0.2129752746878583,0.3183953055052578,0.4173622734180748
M02||108||pitting,494,M02,108,pitting,1,2.66,0.1979480657029679,0.0002000033855438,0.0001744723228436,61.09649438387095,3741.9520078543305,6671.875,1.521893958713207,6.022988179070822,0.027880748937072,0.2378573751494985,0.3193642978181725,0.4078870657308476
M02||109||lick,495,M02,109,lick,0,1.465,0.2869977876251117,0.0002000033855438,0.0001695813918893,64.57000706729532,3913.172673994513,6687.5,1.1485790482424767,4.305895314450652,0.0223956569764634,0.1800610397354189,0.3600493810170683,0.4308587258532975
M02||110||lick,496,M02,110,lick,0,2.255,0.1504376321583847,0.0002000033855438,0.0001748505650684,58.69378897954255,3975.546099558378,6781.25,1.4508742796506595,5.665373787024189,0.0235249293423493,0.1803357947496523,0.3435143449013653,0.4473465571840682
M02||112||tell,497,M02,112,tell,0,1.945,0.1572510963141058,0.0002000033855438,0.0001637676936869,59.64730897889744,3800.30452336375,6718.75,1.5083384103026274,6.206583801729999,0.0234638365633677,0.2107739204406319,0.3627446184072983,0.3963874312241378
M02||113||lair,498,M02,113,lair,0,2.55,0.1626621701958543,0.0002000033855438,0.0001705534689063,59.58852010495065,3925.4592699633417,6812.5,1.5412822359541791,6.370590465833282,0.0217632042821621,0.2022274294478676,0.3530928762320938,0.4167805681335285
M02||114||vat,499,M02,114,vat,0,2.825,0.1656879895622117,0.0002000033855438,0.0001685435816447,59.85157619233564,3843.10456700398,6609.375,1.5853059647957202,6.337370534918193,0.0231316438628073,0.2138193175391438,0.3205368571127872,0.4355398450800304
M02||115||kilo,500,M02,115,kilo,1,3.99,0.1751082516658271,0.0002000033855438,0.0001714331267582,60.18423731282898,3709.2434085042287,6390.625,1.5632234991523235,6.1446467671874325,0.0287476849978386,0.2186893138817568,0.3412208877987268,0.4048329029856573
M02||116||witty,501,M02,116,witty,0,2.8900625,0.2381643416175447,0.0002000033855438,0.000172011712047,62.82637440478992,4084.838768400487,7015.625,1.2297012975929964,4.916315059561438,0.0215303799063213,0.1982204405501833,0.2998275061950955,0.4750516611556765
M02||118||lima,502,M02,118,lima,0,3.14,0.2336930445007513,0.0002000033855438,0.0001733671258712,62.59358074229325,3472.672135928928,6015.625,1.4641602729350078,5.664140618655352,0.0273206302803054,0.2676791223680125,0.3398929295090357,0.3584735335041768
M02||120||papa,503,M02,120,papa,1,2.21,0.18522617592747,0.0002000033855438,0.0001638503094971,61.06510189135511,3822.7575455701913,6671.875,1.328528327699969,5.050138090952213,0.023267083463313,0.2285902735113167,0.3336955538725314,0.4084153707561302
M02||123||hem,504,M02,123,hem,1,2.78,0.2153887239639227,0.0002000033855438,0.0001756222568572,61.77286819097372,3611.165386588937,6312.5,1.3578459251329222,5.195098873260294,0.0294430979458414,0.2292144980339404,0.3649186154412671,0.3704290688512419
M02||124||loyal,505,M02,124,loyal,1,2.55,0.3231021079300401,0.0002000033855438,0.0001689506456917,65.63159870978468,3961.149905419023,6828.125,1.3729787455456577,5.147646330550713,0.0265144237229387,0.1946287833231781,0.3367624086759923,0.4363441397682129
M02||125||sign,506,M02,125,sign,1,2.695,0.1855593693523059,0.0002000033855438,0.00017468493152,60.524548877567774,3870.5750803164415,6812.5,1.423406971619013,5.644087770036308,0.023468409238418,0.1943929307308016,0.3676575703243273,0.4080990905750347
M02||126||written,507,M02,126,written,0,2.575,0.1913267952560991,0.0002000033855438,0.0001739577884955,60.82663838388928,3784.1088353484574,6406.25,1.4182568290928077,5.479593561954978,0.0260040841536472,0.188190199158103,0.3692327156699809,0.4092380898462496
M02||127||take,508,M02,127,take,1,1.865,0.1686672659393023,0.0002000033855438,0.0001676630004787,60.051871423732905,3959.1712186252607,6937.5,1.4538408711369295,5.95661782887503,0.0254957336047659,0.2060230550791612,0.315630177830386,0.4469451430527294
M02||129||reek,509,M02,129,reek,0,1.61,0.2083108211800199,0.0002000033855438,0.0001692565027138,61.803329359768895,3878.978694194988,6468.75,1.4391156157738934,5.613487868537765,0.0238654499319449,0.1912991028688142,0.3117129345420072,0.4655871152105286
M02||130||seed,510,M02,130,seed,0,2.69,0.1927290696494763,0.0002000033855438,0.0001695677204725,61.11208086099542,3834.092282568283,6812.5,1.344095156270893,5.231922256686453,0.0292609451405251,0.1983147911776058,0.3559983406084189,0.4094859552218429
M02||132||brawn,511,M02,132,brawn,1,3.2,0.2232493495888036,0.0002000033855438,0.0001731313285048,62.20829081484145,3600.40844109668,6187.5,1.4250341663847903,5.469011059101504,0.0244589889663018,0.2132493664900419,0.3887507262370144,0.3681864740632207
M02||135||bit,512,M02,135,bit,0,2.58,0.1790752490976404,0.0002000033855438,0.0001649976583889,60.7111556620016,3623.4800810826814,6281.25,1.5678638260226114,6.305791349835865,0.025679858970387,0.2384109378307657,0.3334256044043223,0.3946172642751886
M02||136||knitting,513,M02,136,knitting,1,1.58,0.2534343025109719,0.0002000033855438,0.0001692862670484,63.50487336346266,3612.0336348110286,6375.0,1.2151550433613196,4.4762700023423205,0.0255019973920593,0.2550932564073275,0.3249958713146476,0.386862796332819
M02||138||fill,514,M02,138,fill,0,2.595,0.2205000027336301,0.0002000033855438,0.0001729870997081,62.10789763615232,3943.4831357167504,6546.875,1.637576111731838,6.490899285317714,0.0243086849055505,0.1787031994045152,0.3363732531044172,0.4543461475039632
M02||140||pit,515,M02,140,pit,1,1.2200625,0.3426851863119931,0.0002000033855438,0.000177967893204,65.6910734354498,3889.0908645654818,7031.25,1.27306781768334,4.70502743230108,0.0272015389381675,0.2409148516527692,0.2721375794170133,0.4522148380916495
M02||141||pit,516,M02,141,pit,0,2.62,0.2425778379697273,0.0002000033855438,0.0001732833948596,62.92188346392255,4079.019048119477,7015.625,1.1178062930312185,4.146451563812519,0.031785414562042,0.182353221784645,0.318245961120469,0.4613375927129807
M02||142||pit,517,M02,142,pit,1,2.305,0.2630252009606409,0.0002000033855438,0.0001617035838713,64.2255543142922,3565.514652263722,6203.125,1.32644828354554,5.053682005917999,0.0416304969010292,0.2342888139070699,0.3404698199644927,0.3759475639103227
M02||143||november,518,M02,143,november,1,1.87,0.36156912727182,0.0002000033855438,0.0001731316588731,66.39629701405262,3961.897216670848,6750.0,1.0031419409051987,3.3344023005447845,0.0235975897713374,0.193884300260027,0.3289525744172982,0.4482005601380542
M02||144||eight,519,M02,144,eight,0,2.145,0.1305168937875317,0.0002000033855438,0.0001699782238512,57.70546884923493,3809.7295102656417,6578.125,1.5269373285908403,5.9594056073907264,0.0282015095673913,0.2206360109071806,0.3144160179505269,0.4283907474867653
M02||145||side,520,M02,145,side,0,2.45,0.2276183710303458,0.0002000033855438,0.0001711071353536,62.47878380963716,3610.594307169236,6750.0,1.2737809669254667,4.903590674161486,0.0374206158045314,0.2538498561602877,0.3402148664916973,0.3609573523686059
M02||146||barn,521,M02,146,barn,1,3.115,0.2297973848304475,0.0002000033855438,0.0001663331354947,62.80732615235513,3612.551516061505,6421.875,1.4442462585663391,5.792197886999595,0.0244707334172948,0.233075805482121,0.3700426104755424,0.3659509106379296
M02||147||him,522,M02,147,him,1,2.22,0.1761928386932284,0.0002000033855438,0.0001653972695577,60.5491983377543,3773.966792061061,6578.125,1.415632304327353,5.702314292353421,0.0302803840341594,0.2203060823898888,0.3240622416863815,0.4195201091932264
M02||148||start,523,M02,148,start,0,1.835,0.2263638702160308,0.0002000033855438,0.0001766086269104,62.155903931789005,4382.8795379970925,7578.125,1.1281074813389231,4.7023123617765785,0.0268375852841878,0.1554743542087363,0.3033843395080778,0.508727437643932
M02||149||foxtrot,524,M02,149,foxtrot,0,4.575,0.2248260708108848,0.0002000033855438,0.0001679017539073,62.53582875499272,3659.063566594916,6625.0,1.351260597569722,5.222441209526881,0.0305758099368209,0.2510647440971614,0.3236315526452883,0.3879058544959746
M02||150||kitten,525,M02,150,kitten,1,3.155,0.1228051856025335,0.0002000033855438,0.0001722424417462,57.0615306461588,3664.667763223415,6500.0,1.442470877582385,5.702829841321337,0.0313289927850493,0.2574522037852431,0.297839490605547,0.4073857651747509
M02||151||juliet,526,M02,151,juliet,0,3.89,0.2561976160465162,0.0002000033855438,0.0001695454460493,63.58577910070095,3855.637600167781,6859.375,1.2098207224374988,4.585335302909503,0.0298786370457122,0.2118117107334092,0.3179254390414286,0.4334589175597011
M02||152||hark,527,M02,152,hark,0,3.14,0.2029613811136,0.0002000033855438,0.000167909875827,61.64674338117253,4043.155251247598,6812.5,1.1782493079817984,4.4224345819774,0.0330183097807228,0.1743553152331731,0.3135810334454361,0.472759965761874
M02||153||bloat,528,M02,153,bloat,0,2.745,0.260349459331836,0.0002000033855438,0.0001719869135439,63.60122554687728,3358.121704946972,6062.5,1.3071555227096616,4.741501632276892,0.0293297412942333,0.2754317366275643,0.3610975417774807,0.3274566024392074
M02||154||relax,529,M02,154,relax,0,7.675,0.2013982050674067,0.0002000033855438,0.0001711508451779,61.4135309506633,3699.911394385364,6406.25,1.2755687313199109,4.705962914349566,0.0285492318252489,0.2275287827591366,0.3336336680389887,0.4036578358159239
M02||156||yes,530,M02,156,yes,1,3.935,0.1245985247686129,0.0002000033855438,0.0001716289483528,57.21844717964742,4073.099089951914,6843.75,1.5060680617830633,6.433523279591392,0.0254836622183377,0.1718490412219737,0.3050088254120932,0.4917372133185961
M02||157||leak,531,M02,157,leak,0,3.09,0.1639292266189442,0.0002000033855438,0.00016806135511,59.78377057925727,3696.4414177410094,6343.75,1.5674303102503435,6.456095784644321,0.0259588826762134,0.2129450976272615,0.3567590442389424,0.3976999060791018
M02||158||mitten,532,M02,158,mitten,1,3.39,0.1248849972817987,0.0002000033855438,0.0001728805812197,57.175281095243584,3736.1898124710183,6296.875,1.6018241895913703,6.657438795825248,0.0244193062821482,0.1977360300250274,0.3690198524108552,0.4018775475933454
M02||159||oscar,533,M02,159,oscar,1,2.98,0.1941059696486349,0.0002000033855438,0.0001761812067951,60.84158623353132,4115.070433956442,7015.625,1.388425643736485,5.585790911687854,0.0231207202455553,0.1583985588509565,0.3411081716956244,0.4704716745541804
M02||164||sitting,534,M02,164,sitting,1,2.98,0.1646934849774698,0.0002000033855438,0.0001646662839368,60.001434693973614,3894.393751565252,7000.0,1.4552455580250814,5.96512300267519,0.0354213133733995,0.2179123558983548,0.3117953538772171,0.4276533918725766
M02||165||at,535,M02,165,at,0,3.005,0.1132068366715003,0.0002000033855438,0.0001709851504098,56.41828520728364,3786.745590559997,6531.25,1.7269827714592154,7.504373010010488,0.0276871915677246,0.1954664366792387,0.3700523111777848,0.4003574210363976
M02||166||rich,536,M02,166,rich,0,3.15,0.1564228937566378,0.0002000033855438,0.0001752914803836,59.01079014218798,3803.888850763416,6484.375,1.6077827829496931,6.473109529223242,0.028666451192775,0.1775862775220861,0.3791233857688061,0.4080301999031221
M02||167||spark,537,M02,167,spark,1,2.935,0.2256507677535456,0.0002000033855438,0.0001712407461054,62.396594081788834,3562.3705457289657,6343.75,1.1434757387995906,3.855097829880549,0.0382315663361859,0.243101852782001,0.3490357833455724,0.3632213810470382
M02||169||spit,538,M02,169,spit,0,2.275,0.1587156655740752,0.0002000033855438,0.0001643005166564,59.699617310968485,3626.860134849237,6453.125,1.495251575599778,6.092800697542902,0.0400910948209628,0.2304216068296908,0.3377298943087311,0.3846943019281869
M02||170||spain,539,M02,170,spain,1,3.0,0.180385453275619,0.0002000033855438,0.0001727069412949,60.3778343864889,3743.522790124999,6625.0,1.4526186411081672,5.780117433123529,0.0289986502627741,0.2314446799410018,0.3296522283762278,0.4018161239639781
M02||171||chop,540,M02,171,chop,0,3.355,0.1620073274716542,0.0002000033855438,0.0001606284861674,60.07424182812557,3540.46196967588,6375.0,1.5968022934582289,6.470638374603463,0.0302355856825497,0.2481022244459138,0.3658157892412561,0.3492570394503961
M02||172||nine,541,M02,172,nine,1,2.85,0.1914721570194809,0.0002000033855438,0.0001750698523867,60.77788528546176,3696.493180985319,6437.5,1.5173786137470546,6.036677907417276,0.0264497261390226,0.2289627035631889,0.3411860948903077,0.3964562344770169
M02||173||city,542,M02,173,city,0,2.925,0.1433061761510625,0.0002000033855438,0.00017252190601,58.38841320582227,4208.15113765456,7187.5,1.5126010302486772,6.511915005901734,0.0277902008563808,0.1802851218893678,0.279796527686052,0.5061230031355699
M02||177||hotel,543,M02,177,hotel,0,3.27,0.2267731091221736,0.0002000033855438,0.0001725267508832,62.37470221746116,3638.748438366724,6453.125,1.3234205872268645,5.011307014030535,0.0270629571767705,0.2345520127760505,0.3484782729529498,0.3818706676832122
M02||179||harp,544,M02,179,harp,1,3.4450625,0.1155039071453992,0.0002000033855438,0.0001686790288057,56.71071167000622,3669.901241858005,6171.875,1.6701728475473407,6.826930777858015,0.0253141737074201,0.195688330614448,0.3842353130774952,0.387575029307587
M02||180||cart,545,M02,180,cart,1,2.705,0.1775919088719111,0.0002000033855438,0.0001734790312065,60.20352374341172,3975.9313519902503,6796.875,1.5804340463713944,6.294961694607175,0.0294157968933588,0.1802515576689008,0.3398020932197102,0.444661433590606
M02||182||dart,546,M02,182,dart,0,3.53,0.1570678994513715,0.0002000033855438,0.0001662268881358,59.50772322052117,3767.926724636778,6281.25,1.610229315785312,6.5466975861626455,0.0257399886898696,0.1851561490977472,0.3875252082766709,0.3958583805310293
M02||184||zero,547,M02,184,zero,1,2.885,0.2223392803092411,0.0002000033855438,0.0001568843077336,63.028733797293256,3756.087233616482,6593.75,1.4204111346609605,5.769544722961502,0.027411230052703,0.2171659983512247,0.335516679627512,0.4130144547893679
M02||189||blow,548,M02,189,blow,0,2.99,0.1926780745827997,0.0002000033855438,0.0001704450699292,61.06495707758164,3749.357313908709,6531.25,1.4988651231186672,5.861857238127256,0.027381207528228,0.2292766260372332,0.3231997728795566,0.413650327644364
M02||192||top,549,M02,192,top,1,3.02,0.1474054895925078,0.0002000033855438,0.0001703944697332,58.74116324469273,3844.6684743033848,6546.875,1.5952851913958204,6.662466022737107,0.025402481300093,0.1946951347162036,0.3474438079572264,0.4256344839605985
M02||197||thought,550,M02,197,thought,1,2.06,0.3268732305402992,0.0002000033855438,0.000177758081828,65.29100000134835,4026.165522106483,7328.125,1.0507004611735602,3.847834861214866,0.0318475449309016,0.207568696707536,0.3194255745668229,0.4362838633037234
M02||198||shy,551,M02,198,shy,0,2.545,0.1608462862907728,0.0002000033855438,0.0001737700475939,59.32872236106503,3997.964403673604,6796.875,1.554245735887397,6.296209851063142,0.0288757076010449,0.1939518313942752,0.3120839753533794,0.4589810433424304
M02||199||six,552,M02,199,six,1,2.405,0.1088724543129735,0.0002000033855438,0.00016946086335,56.15697197330026,4052.613232546223,6921.875,1.5292310660533088,6.461794969909748,0.0240563282447224,0.1799858560210333,0.3246936354239021,0.4653140535635054
M02||203||fat,553,M02,203,fat,0,3.575,0.0984335352978422,0.0002000033855438,0.0001679906978167,55.35715698421744,3972.4618014746047,6843.75,1.7160966848099295,7.577381692931599,0.023764689730686,0.2040783717054437,0.3144867402940329,0.4510050465297492
M02||206||league,554,M02,206,league,1,2.14,0.2839296208226305,0.0002000033855438,0.0001761757719211,64.14529038805111,3915.587115478157,6718.75,1.2670469851456096,4.938393386431074,0.0251847475054647,0.2004398725304829,0.3209427152050754,0.4484306609204946
M02||211||bitten,555,M02,211,bitten,1,2.7,0.1874259941419575,0.0002000033855438,0.0001704167025537,60.82635330701586,3544.813236918397,6234.375,1.670652533454873,6.9567386823200525,0.0221844702121841,0.2136663022173603,0.4154778879837867,0.3417381668318859
M02||215||witch,556,M02,215,witch,0,3.355,0.1698270851106535,0.0002000033855438,0.0001719520836619,59.891990253208405,3311.9418329164014,6171.875,1.3442317911118,5.128961343234412,0.0457514456018611,0.2901569128651931,0.3354563647215562,0.3220825834848428
M02||216||leak,557,M02,216,leak,0,2.94,0.1425899979618181,0.0002000033855438,0.0001685771320381,58.5458080357925,4212.865965393411,6906.25,1.4972300856328524,6.502222421676521,0.0221574203450499,0.1880052267190314,0.2757608700255905,0.508810292462025
M02||217||part,558,M02,217,part,0,3.05,0.154316716806638,0.0002000033855438,0.0001635724941864,59.49405397764518,3711.730645449558,6453.125,1.5003489948498114,6.151450468362,0.0238306449866849,0.2124081216393059,0.3670007110476064,0.3902065545824683
M02||218||mush,559,M02,218,mush,0,2.805,0.1528473497738502,0.0002000033855438,0.0001691846867283,59.11793722657347,3645.927057295965,6406.25,1.5264666371125983,6.144253230840114,0.0275426525092954,0.231645732971785,0.3511084172458441,0.3833445943057653
M02||219||leak,560,M02,219,leak,1,2.525,0.1643194158969027,0.0002000033855438,0.0001743858931856,59.48355064764624,3910.8050373548185,6859.375,1.5070948839463831,6.389366070519387,0.0236744772475352,0.2033468487820968,0.3207639065013273,0.446443536498997
M02||223||thorn,561,M02,223,thorn,0,3.72,0.1781246795704673,0.0002000033855438,0.0001684087920818,60.487186704471526,3630.905906341016,6265.625,1.6179231776420837,6.629327923896405,0.0233221944235296,0.2037083575541483,0.402972544449929,0.3627736246268712
M02||226||golf,562,M02,226,golf,0,2.85,0.1832711882351951,0.0002000033855438,0.000171527382114,60.57521472451825,3821.268330181389,6625.0,1.5712704667691952,6.228435361401345,0.0311031064604422,0.2162483983118488,0.3156593963856647,0.43054985599764
M02||227||hitting,563,M02,227,hitting,1,3.32,0.1558270064775339,0.0002000033855438,0.0001680649716938,59.34331042052758,3572.0342524010966,6046.875,1.6589024703083537,7.062478485913928,0.0245769406125301,0.2357634285538724,0.3680585169089864,0.3646759834640405
M02||229||darn,564,M02,229,darn,1,3.575,0.1644466307173639,0.0002000033855438,0.0001692773521893,59.748522451609446,3475.5903510660414,5890.625,1.7408394366127744,7.123912702920698,0.0253380154859858,0.2305160153222605,0.3996275594828284,0.3371541417412169
M02||231||knot,565,M02,231,knot,0,3.86,0.1119148157784286,0.0002000033855438,0.0001693591062023,56.40158062287088,3702.056723194248,6328.125,1.8152782389075783,7.673419205270361,0.0253398007685987,0.2263042700476603,0.3306109034429046,0.411872760309833
M02||233||wicked,566,M02,233,wicked,1,3.53,0.1711433257863913,0.0002000033855438,0.0001686775996568,60.12605110108439,3361.039379789789,5671.875,1.5352055152306217,6.253712653681306,0.0277301384004406,0.2652858179856305,0.373391163576398,0.3262264150455285
M02||234||bread,567,M02,234,bread,0,1.97,0.2627001928368205,0.0002000033855438,0.0001654356378308,64.01662642791914,3904.728213649708,6796.875,1.370074340734155,5.372070701882961,0.0271207627180759,0.2206117358393248,0.2909257721774234,0.4548954605603256
M02||238||hand,568,M02,238,hand,0,2.12,0.2122830246517797,0.0002000033855438,0.0001719047282157,61.83254889713278,3821.37344600796,6453.125,1.4587062659269792,5.748535041563414,0.027656981215619,0.1916315554533462,0.3396961345814389,0.4345080882516897
M02||239||witch,569,M02,239,witch,0,2.67,0.1830204278631918,0.0002000033855438,0.0001735236702714,60.46281682516465,3458.442878111357,6140.625,1.4158571693278494,5.329070390611065,0.030290748220531,0.2620572638283217,0.3530799724331263,0.3480699180865503
M02||240||sitter,570,M02,240,sitter,0,1.925,0.2601033781331833,0.0002000033855438,0.0001724216433862,63.57108425145831,3777.3174855202583,6671.875,1.1484930404923737,4.398360984437282,0.0257260692034462,0.2153228806022843,0.3463455429195761,0.4074714859596323
M02||241||said,571,M02,241,said,0,1.965,0.1877400764973458,0.0002000033855438,0.0001737449510031,60.672895951257104,4010.477558115556,7312.5,1.2462737835522617,4.91103973693144,0.0366249824233428,0.2370381967410604,0.2503088561624237,0.4700064565066894
M02||242||tread,572,M02,242,tread,0,2.85,0.125691607474656,0.0002000033855438,0.0001732452676485,57.21289800357176,4012.687226739405,6765.625,1.6242036286997692,6.857088329796478,0.0218825145200927,0.1731625990599983,0.3457971153923477,0.4515785913960807
M03||3||know,573,M03,3,know,0,2.59,0.0982899671662674,0.0002000033855438,0.0001676924710415,55.35991251294983,3588.5566259115512,6265.625,2.2995128836554537,9.807749112440575,0.0477762448973567,0.2458089036699872,0.2940481998434194,0.4050436982459854
M03||15||hair,574,M03,15,hair,1,2.47,0.0964621156657971,0.0002000033855438,0.0001679480707932,55.18363526805079,3571.6478815550454,6218.75,2.20726039306112,9.13483200343776,0.0440771978026829,0.2484172393609104,0.3091859664660366,0.3896020228627351
M03||31||right,575,M03,31,right,1,2.265,0.1382358115031952,0.0002000033855438,0.0001706378609622,58.170903360069765,3085.2681746445496,5890.625,2.087275753623011,8.855183359419813,0.0648572022287903,0.34075804805642,0.3013439934181259,0.2859685628716076
M03||41||pat,576,M03,41,pat,1,2.54,0.0479760064977974,0.0002000033855438,0.0001652367859995,49.258347113438255,4117.197366567511,6984.375,2.489648463043569,11.3683713096241,0.036089189731091,0.1964485400214734,0.2693262690423559,0.4896760662048421
M03||70||one,577,M03,70,one,1,2.22,0.1157453238623354,0.0002000033855438,0.0001659627696627,56.869855610498654,3302.716887640639,5890.625,2.328368411812271,10.04164457849096,0.0591258387983966,0.2815512219234497,0.3041292028847246,0.3449980950499062
M03||104||for,578,M03,104,for,1,2.315,0.1405681986714804,0.0002000033855438,0.000166161574457,58.54712961725376,3140.871091187326,5828.125,2.0540442049874748,8.653822356066573,0.0693225967614173,0.3198592333716262,0.2936956458252447,0.3078525770853388
M03||120||three,579,M03,120,three,0,2.735,0.0774615172833886,0.0002000033855438,0.0001672809240904,53.31279161142283,3655.5335876977088,6515.625,2.3730500222060087,10.308585562914493,0.0428209050021801,0.2618570679133071,0.2768440115918028,0.4106808495013371
M03||129||know,580,M03,129,know,0,3.375,0.0791323381684467,0.0002000033855438,0.0001614793057798,53.804742492193405,3773.484302608421,6453.125,2.577545977020333,11.492553447682244,0.0403455462058,0.222857281397832,0.2788338365401634,0.4493184412586347
M03||130||know,581,M03,130,know,0,1.88,0.1554951390169273,0.0002000033855438,0.0001680647051927,59.3248059786705,3578.739318217269,6375.0,2.2538650577820136,9.745245995658978,0.0463665438051028,0.2519522749918199,0.2928618989700773,0.400996770193738
M03||134||shear,582,M03,134,shear,1,2.2050625,0.0727966614529956,0.0002000033855438,0.0001624486688526,53.027906110068905,3789.7231468288887,6671.875,2.306223464588458,10.155074146751565,0.0406975321530152,0.2349088726412513,0.2691151662827106,0.4462005910058266
M03||137||write,583,M03,137,write,1,2.58,0.0793953257562696,0.0002000033855438,0.0001661545685082,53.58565296018324,3531.5145841554013,6234.375,2.410773921865695,10.101939677903289,0.0491583124538835,0.240757646632645,0.3212286860797398,0.3800866663501934
M03||146||gnaw,584,M03,146,gnaw,1,2.265,0.0906485159267814,0.0002000033855438,0.0001666983266691,54.70858915938052,3908.4597743164686,6468.75,2.5159942487607534,11.295658198613213,0.0315449768423295,0.2030980770033151,0.2826645058604123,0.4743070893497891
M03||149||hear,585,M03,149,hear,0,2.325,0.0675062954731156,0.0002000033855438,0.0001650346375023,52.2353834475135,3830.314963770592,6406.25,2.543238735898462,11.396291157836847,0.0400669388207807,0.1947082988178433,0.3034546649209167,0.4527749109479101
M03||150||deer,586,M03,150,deer,0,2.035,0.0842224356283864,0.0002000033855438,0.0001707077097394,53.86349321713388,3529.780306073053,6078.125,2.3749422636374358,9.948780213952702,0.0401051477626335,0.2324893579022466,0.3319217202040516,0.3876304615250315
M03||171||mut,587,M03,171,mut,1,2.225,0.1197294673336199,0.0002000033855438,0.0001701570990418,56.947019551374,2862.389275745304,5140.625,2.0049266577965734,8.711280953020392,0.0575467524452393,0.3429892638244372,0.3728425152516542,0.2191556918057657
M03||173||ate,588,M03,173,ate,0,2.355,0.0676635597675901,0.0002000033855438,0.000167201143794,52.142311963207135,3756.701737593063,6546.875,2.3514794047789187,10.30873623328573,0.0404690934367611,0.2262702881967435,0.293038813605791,0.4322799373710105
M03||177||mere,589,M03,177,mere,0,2.54,0.092162974603279,0.0002000033855438,0.0001677686569931,54.79691310790618,3372.967906766093,5937.5,2.2898417531259674,9.706930793153314,0.0463633909072683,0.2707143490503992,0.3156659586081412,0.3589553842874589
M03||178||ate,590,M03,178,ate,0,2.62,0.0378722862302303,0.0002000033855438,0.0001658191955965,47.17373437767887,4001.5087207492616,7015.625,2.526258693654642,11.68025466082642,0.0375924222432571,0.2197142680493205,0.2573814089503564,0.4768415914296132
M03||210||knot,591,M03,210,knot,0,1.67,0.1064656047459433,0.0002000033855438,0.0001688451748519,55.99441342310161,3848.7576934676167,6718.75,2.1793616789255763,9.64945032940556,0.0421483797495237,0.2287876759768247,0.2683574565125848,0.453474461651437
M03||220||witch,592,M03,220,witch,0,2.825,0.0655494202816133,0.0002000033855438,0.0001671061738554,51.87152719283073,3783.455328268016,6515.625,2.305679669895139,9.881272959328529,0.0402095972803925,0.2164926861189498,0.2886443878633969,0.4462773770464724
M03||232||sigh,593,M03,232,sigh,0,2.475,0.0759137074538204,0.0002000033855438,0.0001618520286081,53.42404109611089,4322.2569681808445,7062.5,2.2902124174268046,10.977444227600676,0.037747080024259,0.1725342342386431,0.2422833071088455,0.5410466641306401
M03||243||sigh,594,M03,243,sigh,1,2.35,0.11036983361132,0.0002000033855438,0.0001671027612586,56.39733522913546,3746.510901591229,6656.25,2.1462008866690003,9.268177608621516,0.0592599868283753,0.2231866560783779,0.2795565572749161,0.4311444167501377
M03||248||sigh,595,M03,248,sigh,0,2.105,0.1293551788523913,0.0002000033855438,0.0001730367166762,57.47291109768173,3496.3380393837683,6375.0,1.9788581051975416,8.2535297780352,0.0795853092442772,0.236652207175079,0.2874825010546636,0.389311596066183
M03||251||droop,596,M03,251,droop,1,2.245,0.0983859835154549,0.0002000033855438,0.0001644815491826,55.53632087264246,3155.876533689822,5687.5,2.1718663989296267,9.420975795999928,0.067635742227027,0.2895406882825992,0.3205456110294969,0.3128281040304236
M03||259||pitting,597,M03,259,pitting,1,2.505,0.0638928025424919,0.0002000033855438,0.0001635940047195,51.83369108384122,4062.474078850988,6750.0,2.2666748929164937,10.310381712358549,0.0303172418090694,0.1975579627769827,0.271223347275082,0.4936862056556095
M03||290||sigh,598,M03,290,sigh,0,2.47,0.1384971416398108,0.0002000033855438,0.0001745865561502,57.98860024138068,3463.6213087861247,6671.875,1.8655674365330568,7.776209542952387,0.0691654871255132,0.2742899437801619,0.275114888085085,0.3730439947364288
M03||340||seven,599,M03,340,seven,0,2.68,0.100298180132739,0.0002000033855438,0.000162501140721,55.80873278063262,3330.0963939180283,6203.125,2.102961716561799,8.912879138280852,0.0545178168427314,0.2782257705694981,0.3315453000633619,0.3264430773376888
M03||357||zero,600,M03,357,zero,0,2.655,0.1043661505046124,0.0002000033855438,0.0001648018297101,56.0319527176496,3769.264553439584,6437.5,2.392434227436448,10.292446985352298,0.0347412170188024,0.2114623975403874,0.3135094507183083,0.4326299919705221
M03||358||witch,601,M03,358,witch,0,2.65,0.0659223617928231,0.0002000033855438,0.0001696074083106,51.79175880857822,3643.489608895272,6515.625,2.3459030223999027,10.440935924730375,0.0483879629631856,0.2480957119871507,0.2802458610520284,0.4133181141446221
M03||369||nine,602,M03,369,nine,1,2.625,0.0850960367687891,0.0002000033855438,0.0001694177259873,54.01900971534928,3666.9379666461177,6312.5,2.4609910654593263,10.5803800797774,0.0406625495356953,0.2282775861764522,0.3005112788407544,0.4225171021373115
M03||384||five,603,M03,384,five,0,2.8,0.1157804721520219,0.0002000033855438,0.0001660844425155,56.86612726439216,3611.064124226995,6421.875,2.1403528832103995,9.235118274191594,0.057092036361911,0.2326790679688514,0.3025086357585225,0.3991455118997223
M03||392||sink,604,M03,392,sink,1,2.31,0.0590138193261722,0.0002000033855438,0.0001672833373572,50.95002077039454,3991.2101280035904,6796.875,2.3107664310075,10.112578241755632,0.0402185701154159,0.2019297710708914,0.2650696867769999,0.4851289083956853
M03||402||right,605,M03,402,right,1,2.25,0.117568964422238,0.0002000033855438,0.0001711699932693,56.73730118493115,3331.577132498703,6093.75,2.2110407699096903,9.458493857679224,0.0573682859204575,0.2702942255878798,0.3199829806105637,0.343060542642977
M04||6||jagged,606,M04,6,jagged,0,3.275,0.143746432050839,0.0002000033855438,0.0001702758794077,58.52887883789112,2637.723169841404,5343.75,1.5194220953600726,6.5424742366995865,0.0991983106263811,0.4159200577880206,0.2458866510777891,0.2278396443618479
M04||8||sticks,607,M04,8,sticks,0,3.045,0.0444019045319032,0.0002000033855438,0.000170464183095,48.315369142760105,4141.6016403991725,7296.875,1.990868937233199,9.538793623025668,0.0340552446886083,0.2153460225631714,0.2560336433440883,0.4879076978432849
M04||9||slip,608,M04,9,slip,0,3.13,0.0752160000457234,0.0002000033855438,0.0001732484889064,52.75281557549894,3415.1252454738064,6375.0,1.8323645937158608,7.495024398904224,0.0481957807441295,0.2905614664211171,0.3052495547031293,0.3475997004978626
M04||10||left,609,M04,10,left,0,2.395,0.0812634793504741,0.0002000033855438,0.0001656879673117,53.812088860425845,3922.675693746668,6953.125,2.10055843115368,9.676537743533022,0.033047574723516,0.2101156335951037,0.3007566929024747,0.4479099626675016
M04||11||right,610,M04,11,right,1,2.365,0.1829865907793039,0.0002000033855438,0.0001717205947814,60.55193763652233,2891.627492807308,5390.625,1.6143633751428352,6.655024327037652,0.0548906838205009,0.3386446560678603,0.3600466519130226,0.2383079878971059
M04||12||feet,611,M04,12,feet,0,2.575,0.0819173082676777,0.0002000033855438,0.0001650124075396,53.91718145206812,3729.7373321856594,6765.625,1.9324927641211864,8.227714842062682,0.0399174812449753,0.2477635205481907,0.2935524920240283,0.4125354982728994
M04||13||form,612,M04,13,form,0,2.3,0.1271594906304839,0.0002000033855438,0.0001694198617864,57.5076891292822,2994.723851190397,5609.375,1.7603473130940452,7.117431427210137,0.0516167143340449,0.3498377292166983,0.3339062784698012,0.2566223962807235
M04||16||jacket,613,M04,16,jacket,1,3.115,0.0871127537990342,0.0002000033855438,0.0001648564589212,54.45951551528731,3610.968500797368,6453.125,2.0127554517181263,8.660714337865308,0.0405199869740319,0.2426749724229221,0.3215285945300097,0.3860986147605095
M04||17||storm,614,M04,17,storm,0,3.13,0.0832753578509646,0.0002000033855438,0.000169060628925,53.84948054699699,3809.9350205543487,6406.25,2.29107721027629,9.852761120045892,0.0361287574800363,0.1867599205193309,0.3278567512298638,0.4397064611111712
M04||19||sheet,615,M04,19,sheet,0,3.1,0.0785676393850766,0.0002000033855438,0.0001639686784294,53.609656167440185,3417.134955177191,6265.625,2.059190028236861,8.74732659721282,0.0433296141379501,0.277539768625972,0.3148112508404925,0.3553689227489739
M04||20||spark,616,M04,20,spark,0,2.955,0.1820449683853164,0.0002000033855438,0.00017270620756,60.457414642964565,2797.567325699168,5609.375,1.647741980484404,6.768137384200971,0.093176743609304,0.3833165917177423,0.2671372313993856,0.2481178804380072
M04||22||fee,617,M04,22,fee,0,2.75,0.1147920521256706,0.0002000033855438,0.0001673135721384,56.72761296620968,2986.837171791557,5734.375,1.8866386651483216,8.135968642145073,0.0780638084056855,0.3404861840920717,0.2932757127945769,0.280332507477335
M04||23||swarm,618,M04,23,swarm,0,3.0,0.1199533519265088,0.0002000033855438,0.0001676864200806,57.09028990195473,3111.30528061951,5968.75,1.7472402941517555,7.287818403059717,0.0640242584460156,0.3252862434559829,0.310573095637902,0.2909080354587451
M04||26||stubble,619,M04,26,stubble,0,3.065,0.1391974865887403,0.0002000033855438,0.0001651856748706,58.51318023062,3099.485252188392,5562.5,1.8623506650612025,7.731166517385828,0.0589076849058633,0.2794500830527667,0.3716407403427074,0.2811706185199293
M04||28||rage,620,M04,28,rage,0,2.535,0.2285892359823713,0.0002000033855438,0.0001775718353229,62.19363385301296,3096.6477918386745,6109.375,1.4347735950833411,6.05697969361107,0.0573657840716918,0.3518070921303288,0.2980962113623999,0.2864595962826334
M04||30||park,621,M04,30,park,0,2.95,0.135023881731633,0.0002000033855438,0.000175055651218,57.74468907480124,3184.032037435521,6093.75,1.685265016669239,7.04717675646507,0.0646967120924339,0.3007556940051986,0.3255275850163603,0.301087370755108
M04||31||hair,622,M04,31,hair,0,2.86,0.1633095743609426,0.0002000033855438,0.0001701666290829,59.6427450222083,3651.896333953838,6750.0,1.6014421424949514,6.680476008922863,0.045882215350276,0.2354162592532787,0.3335387827050869,0.3775933960024583
M04||35||sip,623,M04,35,sip,0,2.29,0.0796565948994939,0.0002000033855438,0.0001694782238916,53.44215667135754,3192.018547010664,5765.625,1.7376100209339451,7.200662016813261,0.0422963726565328,0.3056975568841966,0.3462152291273477,0.2974348816988871
M04||36||knew,624,M04,36,knew,0,2.515,0.1546077213469326,0.0002000033855438,0.0001735117317954,58.99804670034796,2639.6886888439053,5062.5,1.7585859862281548,7.573094206107733,0.0805979213929678,0.4057787828162627,0.2926983194710268,0.2110101469989779
M04||37||sip,625,M04,37,sip,0,2.745,0.0959508691077881,0.0002000033855438,0.0001684333673701,55.11241563159502,2760.332626050933,5140.625,1.8542736293377065,7.859036983731369,0.0752898696577406,0.3763293980026268,0.3147059545170405,0.224746998839085
M04||42||rate,626,M04,42,rate,0,2.85,0.17146143513112,0.0002000033855438,0.0001643059751564,60.37026194317056,2821.946391802955,5250.0,1.8613569380269923,8.056490932801285,0.0655540323491677,0.3729242062578381,0.3205947814119325,0.2297445022797785
M04||43||meat,627,M04,43,meat,0,2.245,0.0539271186356974,0.0002000033855438,0.0001644353977493,50.3162380617432,4057.3427674967857,7140.625,2.3365048764127776,10.970172026938588,0.0325601390138411,0.1863453098369617,0.285826531911164,0.485215375771956
M04||47||train,628,M04,47,train,1,2.675,0.1346793462902759,0.0002000033855438,0.0001685952449731,58.04911356052847,2787.7912848976453,5328.125,1.8282199623282511,7.702616428753799,0.0755290296754047,0.3784287755416474,0.2972246959091611,0.2390664071275773
M04||51||farm,629,M04,51,farm,0,2.61,0.1137600845422148,0.0002000033855438,0.0001724146626373,56.388314188593256,3155.1726670131125,5875.0,1.7895941655827856,7.57796439870858,0.0641958760422362,0.3027543095947406,0.3201394731311212,0.3040724036709663
M04||55||race,630,M04,55,race,0,2.685,0.1078362122473268,0.0002000033855438,0.0001679416357388,56.15212491953079,3235.2780551787077,5796.875,2.071633056642116,9.029316195276694,0.041716878238499,0.2971491411654491,0.3425731442781881,0.309976271979644
M04||56||sip,631,M04,56,sip,0,2.22,0.0810069503591289,0.0002000033855438,0.0001656613635018,53.78602102355558,3409.3877952820835,6250.0,2.019449054573115,8.356648184872867,0.0475971781321887,0.2777175428255409,0.3181044448189296,0.3484510289880425
M04||57||range,632,M04,57,range,1,2.55,0.1079097361677456,0.0002000033855438,0.0001660543020366,56.25620998386079,3989.673268336521,6718.75,2.058371661077263,8.86037849269884,0.0304328839214161,0.1935643752854264,0.2956949927719578,0.4738056277047091
M04||58||share,633,M04,58,share,0,2.885,0.1483765944636274,0.0002000033855438,0.0001676313906743,58.94020101990258,2855.594552607277,5656.25,1.7034695220959315,7.171889473388548,0.0841561472815996,0.3706659436172178,0.2715432673103592,0.2644464541723426
M04||59||chair,634,M04,59,chair,0,2.645,0.1019730704660188,0.0002000033855438,0.0001725540478351,55.43120689529921,3274.621437559154,5843.75,2.01999033952061,8.629183636585072,0.0493579528777545,0.2764029390629534,0.3565005624475486,0.3113418049598022
M04||61||grow,635,M04,61,grow,1,2.73,0.084237547302791,0.0002000033855438,0.0001661886357145,54.09808781295924,3367.415056958079,5875.0,2.206452561510182,9.492719488811325,0.0416551134297502,0.2426371176463939,0.3753630867306233,0.3332026987244021
M04||62||the,636,M04,62,the,0,2.455,0.0891739658529173,0.0002000033855438,0.0001696028084874,54.41610083984115,3658.514910206364,6765.625,1.8011136972694537,8.060344609912875,0.0416469450311104,0.2607038044073336,0.3081977314859862,0.3823061456101621
M04||63||for,637,M04,63,for,1,2.32,0.1174802824903348,0.0002000033855438,0.000166573312728,56.96719118570528,3295.266509174067,5890.625,1.955990497011836,8.465397603377923,0.0449249601902729,0.2755041688807894,0.3510179699984127,0.3215927188953814
M04||66||beat,638,M04,66,beat,1,2.49,0.0501651559770414,0.0002000033855438,0.0001655846252552,49.627643148040896,4090.00811616314,6968.75,2.2147982958608976,10.524484064833857,0.0284139668097347,0.1898198259135929,0.2942859673366415,0.4810254800437902
M04||67||ship,639,M04,67,ship,0,2.48,0.053746205265246,0.0002000033855438,0.0001628945155066,50.36882688277403,4025.84258063297,7031.25,2.0868281842895,9.778597580971908,0.0345909345036843,0.2109650283322864,0.273076510578727,0.4749137066830731
M04||68||rake,640,M04,68,rake,0,2.435,0.1825199010348238,0.0002000033855438,0.0001740286405064,60.4137899416378,2775.91871007173,5281.25,1.7391330345215372,7.100753623870618,0.0794548042675108,0.3318489307269788,0.3552521742772706,0.2257375321621428
M04||70||feet,641,M04,70,feet,1,2.6,0.0922783966206634,0.0002000033855438,0.000165026005314,54.9509530551994,2940.2501279508074,5765.625,1.9759588050332784,8.282633123633232,0.0731114233153011,0.3576292331102095,0.3001629650146107,0.2588122276590569
M04||71||trace,642,M04,71,trace,0,2.885,0.1740282640141182,0.0002000033855438,0.0001738514962744,60.00882710284026,2341.1850172299346,4640.625,1.6692419000735708,6.975013461367069,0.1253058413467783,0.4541296582962245,0.2316351644806012,0.1793714594355259
M04||73||dark,643,M04,73,dark,0,2.78,0.1433092319683548,0.0002000033855438,0.0001582108961153,59.14075556199178,3183.5752128743425,5890.625,2.0629961152048235,8.767105356947123,0.049623129267934,0.3015213370512053,0.3607427743277366,0.2806964632934288
M04||75||swore,644,M04,75,swore,0,3.795,0.0920863685418414,0.0002000033855438,0.0001692376958486,54.7139648584315,3419.318248531672,5656.25,2.0954079747050844,8.712031595971343,0.0409469129384333,0.2100708756441822,0.414746055477674,0.3264732843493306
M04||76||air,645,M04,76,air,0,3.395,0.1341513633346711,0.0002000033855438,0.0001718636659978,57.84822038384702,2587.397370514118,4875.0,1.7537945617064856,7.58157407999546,0.0817909409755762,0.3979605561631065,0.3137099584010987,0.1943100199912983
M04||78||store,646,M04,78,store,1,3.23,0.0526903411559331,0.0002000033855438,0.0001630177331834,50.18992321381444,4198.222492814733,7046.875,2.555716084459572,11.833245426413836,0.031873495975724,0.1725660208739039,0.2718086521340461,0.5164471273819504
M04||79||feed,647,M04,79,feed,1,3.38,0.0446456939173698,0.0002000033855438,0.000164147955198,48.69088200849692,4236.42810024809,7171.875,2.3216999088662416,10.943998210792811,0.0313353453584408,0.1925441559199544,0.2568674896506064,0.5127262601707652
M04||82||one,648,M04,82,one,0,2.41,0.0495599556325788,0.0002000033855438,0.0001653154166983,49.53635105540863,3761.4773099283866,6718.75,2.344956540676509,10.431771016299685,0.0352128353361772,0.2354391846157575,0.2987218379906126,0.422672897046373
M04||85||car,649,M04,85,car,1,2.595,0.126484408283195,0.0002000033855438,0.0001642829226535,57.72889145754769,3540.806720456415,6406.25,1.9968410572742052,8.306117554179576,0.0406909446322913,0.2505296175562712,0.3495960021146482,0.3516944893774074
M04||87||swarm,650,M04,87,swarm,1,2.555,0.0985308613831112,0.0002000033855438,0.0001714253161821,55.189946407207046,3326.043217930132,6062.5,1.938228975309194,8.05706357769118,0.0414424671000097,0.2792684724911103,0.344988417755586,0.3243730239573228
M04||90||warm,651,M04,90,warm,1,3.65,0.0576347156946302,0.0002000033855438,0.0001665581949864,50.78236298985325,3598.2945974602158,6437.5,2.1272670323260194,9.477472722252855,0.0428202502787272,0.2357103534712428,0.3149521211709839,0.3971776537654399
M04||91||fair,652,M04,91,fair,0,2.99,0.1193359627223715,0.0002000033855438,0.0001674464831175,57.05790621166129,3064.5589543142983,5906.25,1.623566663878381,6.660364413905079,0.0703478313283123,0.3302612760883029,0.3028576998878443,0.2860961143141216
M04||92||gadget,653,M04,92,gadget,0,3.375,0.1167001538520743,0.0002000033855438,0.0001739236572483,56.5342553892508,3133.2417672433103,5921.875,1.605267471913892,6.667408416237503,0.0601389130321621,0.3087395071767752,0.331561329918245,0.2921759445516539
M04||95||beta,654,M04,95,beta,0,3.855,0.0661964037931284,0.0002000033855438,0.0001681048839393,51.90508130621623,3470.04048853776,6046.875,2.1300843282675817,9.260675327053768,0.0402295841610775,0.2514954582821177,0.3289627301525786,0.3716168734740807
M04||96||glow,655,M04,96,glow,0,3.005,0.0671865438050616,0.0002000033855438,0.0001614827278703,52.38312447207109,3586.502749376376,6406.25,2.157790115858135,9.224971737201836,0.0374052689466069,0.2489937824814394,0.3139740401690286,0.3914728020000975
M04||97||air,656,M04,97,air,0,3.225,0.119340786775147,0.0002000033855438,0.0001679858328919,57.03032479388816,3220.412724871512,5953.125,1.9594825770162525,8.333621041334851,0.0520606818146008,0.3157126765367581,0.315188961907687,0.3100158726040606
M04||101||horn,657,M04,101,horn,0,3.2650625,0.1860976663281933,0.0002000033855438,0.0001712182386382,60.72381804092467,3212.144430443981,5890.625,1.593054023585728,6.506798041651269,0.0473819864864319,0.2834963692301366,0.3650393299011842,0.2968232625421201
M04||103||torn,658,M04,103,torn,0,3.005,0.0658213875831498,0.0002000033855438,0.0001691224123833,51.80331737188928,3651.1255635224834,6140.625,2.254142858576778,9.7274928472347,0.0372305755852381,0.2138316829487134,0.328702640242318,0.4114352236582809
M04||104||two,659,M04,104,two,0,2.725,0.1736848543888916,0.0002000033855438,0.000162949247821,60.55419177602179,3178.1990023931594,5625.0,1.9496004082685323,8.349315545399115,0.0467708139000164,0.2905809254753096,0.3609673827755576,0.2924405748539134
M04||105||corn,660,M04,105,corn,1,2.86,0.1167621659278703,0.0002000033855438,0.0001705386870973,56.70958454595639,2864.0038147107425,5031.25,1.903827095681696,8.094873231341367,0.063827473769707,0.325969386167272,0.3767293204733273,0.2262874171638543
M04||106||stick,661,M04,106,stick,0,2.94,0.1649355767775565,0.0002000033855438,0.0001686112203664,59.808557436147424,2582.8985191064835,4921.875,1.826417160039144,7.808698449471468,0.1015172525283278,0.3942319890954634,0.2944767988951787,0.1984863581436617
M04||111||pat,662,M04,111,pat,0,3.59,0.1250133803179808,0.0002000033855438,0.0001686865618016,57.3975202410295,3348.3244268536528,6250.0,1.5261545878790497,6.582656607129752,0.0497796845537152,0.2858094893651006,0.3153063127426445,0.3405484923157967
M04||113||knee,663,M04,113,knee,0,2.15,0.1505375673093135,0.0002000033855438,0.0001755563094354,58.66456902128981,3082.429940872009,5843.75,1.8320743622723767,7.8653111371829505,0.0560934152588395,0.355805680465059,0.2932923582360686,0.285773875754493
M04||114||trait,664,M04,114,trait,0,3.385,0.0941245984351975,0.0002000033855438,0.0001696080203736,54.885135023658,3120.0764394182243,5703.125,2.100788489784948,8.901140014263099,0.0633716309341916,0.3032763739437685,0.3370043044691707,0.2866566342609399
M04||115||rain,665,M04,115,rain,0,2.56,0.1170613047448016,0.0002000033855438,0.0001675994328497,56.882816314301536,3358.3394887400063,6078.125,2.0951766652058987,8.969352502025279,0.0434627725913237,0.275305016936502,0.3458739339369948,0.3270498704313644
M04||116||bubble,666,M04,116,bubble,0,2.845,0.1461309170778177,0.0002000033855438,0.0001683884185295,58.768597833247895,3143.008640056856,5906.25,1.9873975552009784,8.46179019100959,0.05998401075044,0.3137751418761719,0.3332799788952059,0.284534050916098
M04||117||knew,667,M04,117,knew,1,2.49,0.1162196471235608,0.0002000033855438,0.0001698633188268,56.70359894576944,3451.4842803229235,6171.875,2.276571636737071,9.654116253136932,0.0490731304796474,0.241980634429473,0.3380235718349391,0.3625331222436102
M04||119||chair,668,M04,119,chair,0,3.06,0.1817578478414988,0.0002000033855438,0.0001713246838813,60.5134646502458,2501.4908327723824,5015.625,1.72292601871249,7.389692897023242,0.1357172455370802,0.3943922762020018,0.2474343048978497,0.2128649691933145
M04||120||bug,669,M04,120,bug,0,2.56,0.1769816920957438,0.0002000033855438,0.000171721973339,60.26204944980701,2505.164843590732,4625.0,1.7706242269448569,7.637250875390147,0.1078518977573018,0.3934712424139636,0.3032716867427842,0.1853595849038551
M04||125||know,670,M04,125,know,0,2.54,0.0796030631768835,0.0002000033855438,0.0001646870229141,53.685408024257946,3949.784201834554,6750.0,2.2207887823435737,10.068294111670149,0.037361272852848,0.2019577784455523,0.2674895558221938,0.4852653517284316
M04||126||storm,671,M04,126,storm,0,2.74,0.091431204118265,0.0002000033855438,0.0001681887411383,54.70595038698664,3535.8629567504845,6375.0,2.0867488596278245,9.02399699828858,0.0378530413056832,0.2461871305856969,0.3438512044717751,0.3639321988649499
M04||130||whoop,672,M04,130,whoop,0,2.585,0.0661694926743042,0.0002000033855438,0.0001609041342298,52.28181203997757,3712.0568431949696,6468.75,2.275170291123941,10.122887697988435,0.0386757873611936,0.218507476999652,0.3222292578653772,0.4136055984816694
M04||131||wish,673,M04,131,wish,0,2.415,0.0923805051617131,0.0002000033855438,0.0001701308901416,54.695943169482334,3348.5232283738605,6109.375,1.974839314304241,8.655298559040173,0.046002375270483,0.2896340142861803,0.3148141953671776,0.3417498782703528
M04||134||sprinkle,674,M04,134,sprinkle,0,3.315,0.0728438977736815,0.0002000033855438,0.0001671159086263,52.78750763261547,3446.062977487746,5984.375,2.1828583349462067,9.085366353561316,0.0461709659190698,0.2349013532602769,0.3519936779178408,0.3579146795871316
M04||136||tie,675,M04,136,tie,0,2.4,0.0992446152248422,0.0002000033855438,0.0001688669526698,55.38324572026543,2622.866618545439,4953.125,1.8938651153147517,8.177894741373251,0.0970078621667008,0.4013755764871239,0.285812122277433,0.2068541279455918
M04||139||bad,676,M04,139,bad,0,2.59,0.1257866141032302,0.0002000033855438,0.0001665136954736,57.5636893545602,3266.376312339338,6015.625,1.674975570097432,7.00445214855249,0.0363572284770956,0.2985943106363917,0.3527833558311484,0.3043792991061697
M04||140||bear,677,M04,140,bear,1,3.685,0.1084986919912321,0.0002000033855438,0.0001712172300993,56.0375407136314,3628.3725783444174,6734.375,1.5543396354378147,6.722368583672724,0.0435919355300037,0.2615309012892788,0.2987024956970391,0.3898538887327735
M04||141||bear,678,M04,141,bear,1,2.835,0.0717320981112019,0.0002000033855438,0.0001649212216475,52.76873981310103,3962.58255558599,6875.0,2.261610786704669,10.40706292731681,0.0333601642620484,0.1988954235974723,0.2997498068825604,0.460840647896798
M04||142||floor,679,M04,142,floor,1,2.68,0.0782050706213209,0.0002000033855438,0.0001655368118147,53.48680651937666,3955.0384502195056,6718.75,2.1667104415994483,9.576907723567922,0.0348355396465768,0.1847454229341556,0.3113718008052278,0.4619991766576436
M04||143||near,680,M04,143,near,0,2.885,0.0710356941820793,0.0002000033855438,0.0001643992854822,52.71153406421731,3577.140269294944,6203.125,1.975151492760179,8.863706048731308,0.0327671601985752,0.2078114792676153,0.3927370308609196,0.3597092344538539
M04||145||three,681,M04,145,three,1,2.86,0.0777906360380291,0.0002000033855438,0.0001648560225677,53.47645009753207,3657.058861181331,6546.875,2.12272853373634,9.321362054165755,0.0343347843542111,0.2479703914335735,0.3028803379960136,0.4080269045374325
M04||148||pile,682,M04,148,pile,0,3.22,0.0985888807285927,0.0002000033855438,0.0001697472324824,55.2805046750758,3563.2678211902157,6265.625,2.0895583635235764,8.937282924326496,0.041470585873701,0.2319029740695217,0.3426765623441818,0.376933722408789
M04||149||we're,683,M04,149,we're,0,2.95,0.1629175314778744,0.0002000033855438,0.0001655289431404,59.86187757683686,2920.4630774489387,5234.375,1.9122350446831624,8.372038647965072,0.0471320940512362,0.3218618635608919,0.4048973843437894,0.2186073184343937
M04||152||steer,684,M04,152,steer,0,3.085,0.1043402847202794,0.0002000033855438,0.0001707369488919,55.72249002524646,2934.3704976889003,5500.0,1.987131403019402,8.34105803196707,0.0731398384306332,0.3293567387699615,0.3307346134328324,0.2577317172288649
M04||159||pad,685,M04,159,pad,0,3.29,0.0511544107473299,0.0002000033855438,0.0001687218655772,49.634234350950415,3502.388870460833,6093.75,2.0710836423389187,9.04387557732055,0.0401144202826903,0.2396634153795968,0.3344835530018457,0.3785300964095101
M04||161||group,686,M04,161,group,1,2.885,0.0877422953242866,0.0002000033855438,0.0001715340865459,54.17717114257968,3031.5847761885666,5375.0,2.112731287811736,8.88053655851471,0.0559564301755048,0.3273459589584689,0.3387986488061524,0.270041007217598
M04||164||slay,687,M04,164,slay,1,2.565,0.1071069402652536,0.0002000033855438,0.0001693796472658,56.01912777686026,3481.7095154960043,6609.375,1.5749970555376145,6.457074199724033,0.0507232796167895,0.2656343380371406,0.3400205228682708,0.33692753274272
M04||165||peer,688,M04,165,peer,0,3.8,0.1475173346766105,0.0002000033855438,0.0001674255748256,58.90042516646436,2815.6803842696027,5375.0,1.6441404135842743,7.080639688624372,0.082471957781842,0.363353117304918,0.2953298405155532,0.2501881222634486
M04||166||witch,689,M04,166,witch,0,2.825,0.1803503081774315,0.0002000033855438,0.0001706112865308,60.48218261781066,2723.07065801986,5078.125,1.9016712756985192,8.15907760199039,0.0773707511976411,0.3844046833084761,0.3179506411469405,0.2111782064955969
M04||169||area,690,M04,169,area,0,3.27,0.1761625903870464,0.0002000033855438,0.0001692708701366,60.34662922135227,2800.5101940433465,5500.0,1.6690526187436696,7.062538588577546,0.0805359158500775,0.3759096797997855,0.2951166867033593,0.2400601385685323
M04||170||sway,691,M04,170,sway,0,3.065,0.1370019840916367,0.0002000033855438,0.0001736470766551,57.94118760752501,2876.0651700122244,5250.0,1.783292385289954,7.5040397764511395,0.0667367187140677,0.34063997676475,0.3485919081946678,0.2354476348723895
M04||171||slip,692,M04,171,slip,0,2.61,0.0998560524833549,0.0002000033855438,0.0001705265136068,55.35164960890668,3106.815207967329,5984.375,1.835102684783008,7.876364282452998,0.0619349317953652,0.3311753315497497,0.3137253344305712,0.2854478580315132
M04||173||knot,693,M04,173,knot,0,2.075,0.0817973745143426,0.0002000033855438,0.0001685755074128,53.71889777158029,3481.8263896589638,6187.5,2.2170727343353684,9.542837026943484,0.0519556011795524,0.2567465375218094,0.3147114692291171,0.3687373801854553
M04||175||explore,694,M04,175,explore,0,4.795,0.1185755517326099,0.0002000033855438,0.0001627969630945,57.24697710092088,3263.4628640147384,5984.375,1.9466832848153657,8.224860549199633,0.0540495701359381,0.2818115544160125,0.3428650813616801,0.3127371613833362
M04||176||galore,695,M04,176,galore,1,3.975,0.0742928623174548,0.0002000033855438,0.0001701174141809,52.8039663643754,3013.234888072772,5578.125,1.914764068821873,7.858185057087383,0.0603949805313252,0.3261983313586917,0.3468502391948628,0.2583945350000661
M04||177||root,696,M04,177,root,1,2.36,0.2172215878455543,0.0002000033855438,0.0001735848988667,61.94782086455394,2699.6636215356484,5140.625,1.7093175503455242,7.145490797160999,0.0928123296844973,0.3726678028784498,0.3061314396400597,0.220489868862941
M04||178||gnaw,697,M04,178,gnaw,0,3.9800625,0.0571374541192985,0.0002000033855438,0.0001644830922291,50.81599247151574,3756.6583328904408,6578.125,2.2598155432954896,9.96822748489496,0.0347124400984954,0.2288800262810889,0.2941739282667006,0.4339158488999124
M04||179||cheer,698,M04,179,cheer,0,2.915,0.1794046896394576,0.0002000033855438,0.0001712405468211,60.404543706452486,2783.0881927158284,5578.125,1.8000346723395804,7.637346601609036,0.0911604965882596,0.3990194138679897,0.249946352279664,0.2496494510353769
M04||180||write,699,M04,180,write,0,2.375,0.1469939443278568,0.0002000033855438,0.0001708915779457,58.69157567391612,2992.35825310872,5515.625,1.9246457540434485,8.256017608642875,0.0577580855327111,0.3311863282246859,0.3495799921091743,0.2520931653711977
M04||184||briar,700,M04,184,briar,0,6.775,0.1138016962144519,0.0002000033855438,0.0001661302225429,56.71400176857845,2831.5206182907946,5250.0,1.72486145583143,7.381122922826599,0.0642494023200018,0.3594324086474185,0.3396308973546224,0.2284550597836172
M04||185||briar,701,M04,185,briar,0,6.17,0.0628054151659007,0.0002000033855438,0.0001645721966687,51.63281249526408,3806.030816222265,6453.125,2.0136004339869573,9.006116666366985,0.0292013873052378,0.2006265543281203,0.3340109653525903,0.4295375370623399
M04||192||white,702,M04,192,white,1,2.665,0.0766523300680068,0.0002000033855438,0.0001699831917687,53.08238762614302,3859.704335349366,6453.125,2.20223911785598,9.707260019887247,0.0294616994469202,0.2111518578511927,0.2963561840739478,0.4566820163288332
M04||193||delta,703,M04,193,delta,1,2.695,0.1212568941594968,0.0002000033855438,0.0001728055954173,56.92297278773864,3383.451607573724,6265.625,1.852801706608232,7.796346528157298,0.0464263606313699,0.2933649014583276,0.3158316275727073,0.336952281042642
M04||195||suit,704,M04,195,suit,0,2.76,0.1265229384229436,0.0002000033855438,0.000169616394555,57.45402884392184,2657.907053995226,4875.0,1.8055330503481977,7.802775613688863,0.0680962802951685,0.3853404933258734,0.3346790918992997,0.2025651544911957
M04||197||error,705,M04,197,error,0,2.54,0.1132631230183441,0.0002000033855438,0.0001729693611913,56.32238701649318,3497.4028698241136,6531.25,1.7663990993536594,7.516807717552454,0.0575151626543449,0.2410634658064268,0.3439284713502097,0.3473409470983203
M04||199||hear,706,M04,199,hear,0,2.8,0.1607374447996187,0.0002000033855438,0.0001695037818925,59.538753355033336,3003.1925064024194,5953.125,1.6415841416334382,6.941235682031245,0.0760027970020508,0.3367652529867889,0.3066070571032782,0.2710567593109121
M04||200||sigh,707,M04,200,sigh,0,2.655,0.1935202686897014,0.0002000033855438,0.000173994386278,60.92382443657656,2913.786926021914,5875.0,1.6366117820882382,6.754415328451396,0.0823435184931529,0.3648749802124179,0.2808621059655215,0.264653151681923
M04||203||prior,708,M04,203,prior,0,2.925,0.14900659496905,0.0002000033855438,0.0001698472868884,58.86293753225527,3099.3969937286683,5703.125,1.8833553242323124,7.933025383090502,0.0434345918469174,0.3023903910443054,0.3840378964838448,0.2624547366821627
M04||207||pay,709,M04,207,pay,0,2.415,0.1816517652470358,0.0002000033855438,0.0001673517627153,60.7121866289227,2804.326464876042,5031.25,1.770167645517806,7.310357093327267,0.0514651535583652,0.357404746462871,0.3768523772250229,0.20678463214973
M04||209||mut,710,M04,209,mut,1,2.375,0.0908671763607597,0.0002000033855438,0.0001695542661631,54.58196622566706,3258.6282919039268,5843.75,2.179243367861165,9.100170055202897,0.0444817028979767,0.2911660564250825,0.34200928880058,0.3132293115242852
M04||210||knew,711,M04,210,knew,0,2.295,0.0907291000010556,0.0002000033855438,0.0001685007013551,54.62289779943387,3657.054807691139,6265.625,2.333297610461145,9.92502069878108,0.0307655408280406,0.2211616579362546,0.3471848964151553,0.3932518755165635
M04||214||of,712,M04,214,of,0,2.61,0.1621199028601083,0.0002000033855438,0.0001739334609747,59.38906392188312,2957.056281588957,5312.5,1.766459561011953,7.75229366341633,0.0562002836574543,0.3184389261470723,0.3761782618598698,0.2396942236588125
M04||215||ate,713,M04,215,ate,0,2.1550625,0.1615697407055542,0.0002000033855438,0.0001665874987496,59.73435241069883,3020.109480500742,5812.5,1.834461590320452,7.821274675924415,0.0615694662498425,0.3483847330419007,0.3156025461918844,0.2654059742847452
M04||218||air,714,M04,218,air,0,2.41,0.1220536909278679,0.0002000033855438,0.0001728835322689,56.975945797042456,2949.6994489787107,5468.75,1.8446278742033877,7.7491649928488,0.0538135121146615,0.338782528691747,0.3562208592334077,0.2445408691591873
M04||222||rocks,715,M04,222,rocks,0,2.735,0.0552397876658052,0.0002000033855438,0.0001693494864874,50.26936232908875,3681.217602437928,6437.5,2.227867962181116,9.7484229785215,0.0315618077309394,0.2197343915175438,0.3408866068966193,0.4000555650669518
M04||223||rocks,716,M04,223,rocks,1,2.685,0.0900714473476387,0.0002000033855438,0.0001708244677487,54.440741303923794,3112.6635190341963,5671.875,1.969713356771511,8.162755697286965,0.0452596391696599,0.2920493302498138,0.3894394966592943,0.2646151294159945
M04||224||rocks,717,M04,224,rocks,0,2.82,0.0472061372352353,0.0002000033855438,0.0001662642453558,49.06399198241955,4281.144684613766,7171.875,2.266079875704475,10.86008481389524,0.0283441249752767,0.16963550401318,0.2703438375682009,0.5248743660999872
M04||227||side,718,M04,227,side,0,3.13,0.1218353773933203,0.0002000033855438,0.0001727427931147,56.96746950750602,2686.7885793720066,4968.75,1.8192330606139864,7.711922012186142,0.0701153995283261,0.4049409085271779,0.3004276412266997,0.2153981533803219
M04||228||side,719,M04,228,side,0,3.195,0.1104079102061224,0.0002000033855438,0.0001752876136624,55.98497922009869,2709.082218497496,5078.125,1.7424132649153068,7.417206148449111,0.0641409298946293,0.3999417565413831,0.3015040502739124,0.2253478662438348
M04||230||cycle,720,M04,230,cycle,0,2.905,0.0807413001897196,0.0002000033855438,0.0001691879618453,53.5745255999796,3888.933776956088,6703.125,1.9518598089262724,8.431040225791827,0.0349312918908783,0.1896607524231972,0.3328920010160913,0.4368765424491881
M04||233||bat,721,M04,233,bat,0,2.42,0.0656872690711091,0.0002000033855438,0.0001668667450801,51.9022282388572,3280.645995732173,6062.5,2.24866972870458,9.496341353953651,0.0501765875560398,0.2916183068391946,0.325875319327877,0.3244044915247817
M04||234||ate,722,M04,234,ate,0,2.215,0.0844078346768304,0.0002000033855438,0.0001669416235535,54.0763625318008,3492.420149120868,6343.75,2.2395893783282044,9.709757448947096,0.0499875046386144,0.2615660353623124,0.3008977560217595,0.3803631526704734
M04||235||troop,723,M04,235,troop,0,3.08,0.1120243023724443,0.0002000033855438,0.0001694850796688,56.403615523891006,2683.8899534500274,5234.375,1.7720506671664245,7.653529014693076,0.0985833597715296,0.3882060730233282,0.2726333871284739,0.2296447249121496
M04||239||jungle,724,M04,239,jungle,1,3.155,0.166189579300592,0.0002000033855438,0.0001724237448189,59.68013430534175,2884.592618068148,5453.125,1.902562550112893,8.133821642263484,0.0693820398936975,0.3591560869334157,0.3095094037774265,0.2537601469044651
M04||240||deer,725,M04,240,deer,0,2.8,0.1608101000277466,0.0002000033855438,0.0001677484844123,59.63309434035939,2444.8159870618506,4828.125,1.7228863767025633,7.508214752495844,0.1261532798240597,0.4239629157674601,0.2440159223252261,0.1958527378680359
M04||241||shear,726,M04,241,shear,0,2.715,0.1826488223641706,0.0002000033855438,0.0001688399099892,60.68283528941743,2386.692214695764,4937.5,1.577977005779745,6.673797714314295,0.1454798727051368,0.4481631927028116,0.200332783608639,0.1955874050185438
M04||243||fruit,727,M04,243,fruit,0,2.6800625,0.0921912846232294,0.0002000033855438,0.0001719383228861,54.586343607463206,3239.049153703617,6000.0,1.9702775436030653,8.161816304006841,0.0442698851099362,0.3056936820050048,0.3327834059233807,0.3084224326140541
M04||244||fear,728,M04,244,fear,0,2.445,0.1733528982749034,0.0002000033855438,0.0001675801051044,60.29417297044668,2893.7801904906846,5718.75,1.6809201179590556,6.957748406123876,0.0778800210313289,0.3760481340614289,0.2900386524805356,0.2474346267617385
M04||245||droop,729,M04,245,droop,0,2.935,0.0554066453399222,0.0002000033855438,0.0001642852513257,50.55926559201352,3776.572729613405,6484.375,2.563208979621639,11.186093792895637,0.0287541214946532,0.2178108432286498,0.3146413243008283,0.4320187367086109
M04||247||innocence,730,M04,247,innocence,0,4.515,0.0533388409923677,0.0002000033855438,0.0001674612953808,50.06258256555987,3651.1549525583737,6453.125,2.187080038677932,9.714331547019327,0.0330428193625335,0.2312132749110072,0.3310719208272161,0.3964299520061602
M04||249||single,731,M04,249,single,0,2.4350625,0.137369743685417,0.0002000033855438,0.0001727972999567,58.00708271559454,3421.0154015665685,6046.875,1.872241603457618,7.791977417045738,0.0351190200990542,0.2656063858551989,0.3522082804694831,0.3383829886775097
M04||251||select,732,M04,251,select,0,2.8,0.0582054529046766,0.0002000033855438,0.0001624912178263,51.08267558563654,3824.9190427451854,7031.25,1.9488605880508236,8.755075744515448,0.040738240337629,0.2351384043195791,0.2902459160311933,0.4249808108465151
M04||252||dot,733,M04,252,dot,0,2.23,0.1103088443926953,0.0002000033855438,0.000172823729228,56.10013925390823,3338.4812180207564,6203.125,2.122172939764398,8.841027582401912,0.0586631977539062,0.2781763169600486,0.306263213407849,0.3472906151248361
M04||254||mere,734,M04,254,mere,0,2.6850625,0.1023083228082464,0.0002000033855438,0.0001676472947714,55.710288305141056,3157.353429328452,5765.625,2.159497971060078,8.958839910499972,0.0600468061779346,0.3113410916880961,0.3243980720736651,0.2972635456515538
M04||256||coupe,735,M04,256,coupe,0,4.5350625,0.0824760241014614,0.0002000033855438,0.0001718464253757,53.6237442835656,2733.424390090972,5062.5,2.020400246146428,8.831996339774685,0.0712513191870438,0.3877566709937286,0.3015784455691903,0.2283139621362228
M04||257||pot,736,M04,257,pot,0,2.15,0.1032824199660473,0.0002000033855438,0.000166430710612,55.85585875290215,3289.41060295672,6062.5,1.9853330973221717,8.166493715081844,0.0503861546954369,0.2983493100960516,0.3092688820326478,0.3335314881788794
M04||262||pat,737,M04,262,pat,0,2.64,0.1458062110284613,0.0002000033855438,0.0001627775687113,59.043629338448646,2981.405123028727,5828.125,1.8631412904450164,8.063741620227196,0.0621774864679758,0.3671891310724615,0.3045889806851411,0.2583914189782337
M04||263||write,738,M04,263,write,0,2.47,0.0634557089454722,0.0002000033855438,0.0001642820343884,51.73761256460843,3693.51831053192,6421.875,2.189205700909953,9.772856976251344,0.0297211111654465,0.1978979456890281,0.3804465144039289,0.3843321265765741
M04||265||shoot,739,M04,265,shoot,1,3.07,0.0700649995515898,0.0002000033855438,0.0001607380659979,52.78764769952571,3511.211405933697,6562.5,2.2218408073191145,9.674726255804686,0.0509378654363274,0.2728976344153689,0.2912365629060686,0.376256859891957
M04||266||fate,740,M04,266,fate,1,2.65,0.1566547501708322,0.0002000033855438,0.0001662813592258,59.4820000490046,2720.2351054316086,5093.75,1.939996728599616,8.242682595800769,0.0930748355425966,0.3553106280749197,0.3331225570895651,0.2090536860136407
M04||267||know,741,M04,267,know,0,2.49,0.0719587594474011,0.0002000033855438,0.0001640182673726,52.84382895479127,3466.6112878255494,6187.5,2.2251763863708933,9.324095010582951,0.0502879553955874,0.2478552629894254,0.323465294662706,0.3680370107933844
M04||269||thigh,742,M04,269,thigh,0,5.205,0.1137366744991557,0.0002000033855438,0.0001671653912446,56.655083136558126,2413.138850656597,4578.125,1.8984724948244909,8.133997512038654,0.1251919113951579,0.4260961940564673,0.2551469144203926,0.1832082582152569
M04||270||tile,743,M04,270,tile,0,3.35,0.1004330549078051,0.0002000033855438,0.0001691496570752,55.472111026448246,3097.5821101214183,5781.25,1.937460447757428,8.227690294302846,0.065977225361043,0.3159433372250487,0.3107335635768664,0.298523625929556
M04||271||tile,744,M04,271,tile,0,2.975,0.0805049230487619,0.0002000033855438,0.0001679883156154,53.610867273703775,3601.061972464577,6515.625,2.10712058135783,9.061031710257549,0.0448183648523867,0.2474986173171528,0.3123321977539647,0.3871447994527421
M04||273||forward,745,M04,273,forward,0,2.715,0.1361251380695085,0.0002000033855438,0.0001729474341711,57.92048420016159,2572.2500791053253,4781.25,1.7780688305534256,7.620552949449264,0.0994565974407306,0.4057741500830972,0.2798783368523392,0.2062402789147555
M04||275||juliet,746,M04,275,juliet,0,2.89,0.0344446879578783,0.0002000033855438,0.0001651590339237,46.3843984174857,5567.189928659701,7781.25,2.097923984133674,13.920926232772556,0.0185807491809522,0.1153798661955376,0.1603803504894258,0.7029595962572794
M04||276||papa,747,M04,276,papa,0,3.55,0.1758835567031034,0.0002000033855438,0.0001655015986449,60.52846092302762,3048.050657142948,5968.75,1.5158130272375063,6.584136609412544,0.0637800515903317,0.373832499611843,0.2716344963359701,0.2822154966077541
M04||277||brawn,748,M04,277,brawn,0,3.44,0.0681435286618066,0.0002000033855438,0.0001658595407301,52.27368320637284,3909.403022865264,7187.5,1.6251670002167165,7.788937283507332,0.0340435035631216,0.2435598502273638,0.2929191029595265,0.4239228632098618
M04||278||brawn,749,M04,278,brawn,0,3.475,0.1628362563259538,0.0002000033855438,0.000172118005236,59.51849610062503,2825.466520429196,5437.5,1.6311088406643084,6.831214729851084,0.0921467343266715,0.3631076900810239,0.2924936171884124,0.2435316083406561
M04||279||loyal,750,M04,279,loyal,0,2.485,0.2697763869219527,0.0002000033855438,0.0001645425006387,64.294516814095,2878.0834027559,5734.375,1.6067956659828715,6.651644809738863,0.0730376325886225,0.3913687237298316,0.2813949553728077,0.2473429350985096
M04||280||hat,751,M04,280,hat,0,2.535,0.1416643386736079,0.0002000033855438,0.0001727458138665,58.27706013204108,3360.796592526931,6781.25,1.601148788348404,6.809638753292746,0.0511089283148839,0.3039964900095717,0.3330842243062206,0.3033451394288226
M04||284||kitten,752,M04,284,kitten,0,3.555,0.1200407594224536,0.0002000033855438,0.0001671477115611,57.12456598554042,3283.741172948714,6390.625,1.6442302934663724,6.893566809508833,0.0456661940120901,0.3215692608057031,0.303497654934398,0.3214210153343952
M04||287||spit,753,M04,287,spit,0,3.855,0.1106462814720329,0.0002000033855438,0.0001625208771299,56.66055330924823,2890.5164404875763,5531.25,2.02282911308193,8.708922701675574,0.0712421932142131,0.3734859845596765,0.294620364238566,0.2496423266137763
M04||289||pitting,754,M04,289,pitting,0,7.045,0.107191164649661,0.0002000033855438,0.0001718378017796,55.90080562497647,3311.420146612548,6015.625,1.8548096255790931,8.03456556921884,0.0408775718852732,0.2832482512455253,0.3486030543443153,0.3195380568087627
M04||290||pitting,755,M04,290,pitting,0,4.435,0.0916374335660659,0.0002000033855438,0.0001678147434216,54.74485608813903,3410.38554097906,6093.75,1.9865411414937104,8.436179337300628,0.0362014128501309,0.2588103972907517,0.356557101432727,0.3411023017111886
M04||293||fat,756,M04,293,fat,0,2.675,0.1374610178852914,0.0002000033855438,0.0001664488010436,58.337977685578565,2980.788665080795,5750.0,1.9544295054136267,8.178481040035816,0.0635259648606539,0.3532102115292538,0.3184633769107086,0.256250900546211
M04||294||park,757,M04,294,park,0,2.76,0.1054290368605075,0.0002000033855438,0.0001721098493268,55.743090293386686,3324.4753181938595,5937.5,1.990023648307336,8.212093981001537,0.0495322927370808,0.2547219229059539,0.3861439761514207,0.3011615703358299
M04||296||vat,758,M04,296,vat,0,3.2,0.1667224153770212,0.0002000033855438,0.0001675262512799,59.95822246071743,3019.8083581987776,5640.625,1.7286774540622871,7.368971663976193,0.0549075554042419,0.351051554535852,0.3156029774781135,0.2705756855081658
M04||297||bit,759,M04,297,bit,1,2.215,0.097554648816887,0.0002000033855438,0.0001705078475399,55.15007195762372,3358.6648318224384,6406.25,1.9689739184500352,8.463321754289435,0.0521594201692066,0.3070250796281992,0.2891326399486537,0.3440902506782896
M05||5||swore,760,M05,5,swore,0,2.935,0.2789151510282179,0.0002000033855438,0.0001788054472225,63.86182722207566,4035.072506106754,7406.25,0.732731999136857,2.2542952671476235,0.034848634627107,0.2145926681625865,0.2990785732265772,0.4449122558173958
M05||6||train,761,M05,6,train,1,2.55,0.239407981270057,0.0002000033855438,0.0001736573901786,62.78890709405909,4197.67853654285,7375.0,0.981222767838996,3.845753267013937,0.0380253071790209,0.1995127795770543,0.2693798412959732,0.486868957531459
M05||12||spark,762,M05,12,spark,0,2.94,0.2779014557347643,0.0002000033855438,0.0001812160121785,63.71388505241207,3991.8795339338,7390.625,0.7148978970706386,2.407518400917485,0.062108634637066,0.231364908349291,0.2325138332317001,0.4661799091796136
M05||13||race,763,M05,13,race,0,2.775,0.3621637245771303,0.0002000033855438,0.000176454126166,66.24546259263363,3851.261916708095,7015.625,0.8330659104502761,2.530760057993618,0.0497901385696398,0.23542843450671,0.2723167267606872,0.4353954965627155
M05||17||sheet,764,M05,17,sheet,0,2.635,0.2058896137252981,0.0002000033855438,0.0001777611952396,61.27594954165252,3676.623782111253,6546.875,1.0875815700635536,3.623744509774316,0.050845036986992,0.224867320010166,0.3121629461158973,0.4046552376779015
M05||18||chair,765,M05,18,chair,0,2.86,0.1765164730661864,0.0002000033855438,0.0001683390270609,60.412008570910494,3955.338837802314,7109.375,1.0817258858726062,4.163701735223437,0.0342571892184149,0.234376287721934,0.2714957248386234,0.4533956705433913
M05||21||sip,766,M05,21,sip,0,2.61,0.2114145756198024,0.0002000033855438,0.0001769215831065,61.54708217777976,3702.487845930307,6875.0,0.8962006168876154,2.8879810494575686,0.0477783385313008,0.2352265983017337,0.3007264923654165,0.4081344915196609
M05||23||trade,767,M05,23,trade,1,3.935,0.255827620527818,0.0002000033855438,0.0001738844563225,63.353733393114304,4091.598668570608,7171.875,1.0012783853291325,3.3964679140214877,0.0360255212008257,0.2081606196003494,0.2585065938193294,0.4895149990979871
M05||24||dagger,768,M05,24,dagger,0,3.0750625,0.2553557198648163,0.0002000033855438,0.0001780981379107,63.129724231232245,3842.634290934804,6937.5,1.0366377710432686,3.604921672137621,0.0447977704565797,0.2077387252170319,0.3007521197131772,0.4399864762768236
M05||25||floor,769,M05,25,floor,0,3.645,0.3022961630947181,0.0002000033855438,0.0001718206461402,64.9071457404998,4267.436394577579,7218.75,0.9904570428719522,3.557067255979812,0.0326847408472219,0.1849465163617755,0.2600381968547431,0.5150233439222813
M05||30||slip,770,M05,30,slip,0,2.29,0.2775658034397755,0.0002000033855438,0.0001748332507497,64.01483853242007,4174.436902872644,7406.25,0.6327341800425427,2.13995030237294,0.0663519611942547,0.2143670612935622,0.1929808927830008,0.5195881700133848
M05||31||slip,771,M05,31,slip,0,3.03,0.2293583120433201,0.0002000033855438,0.0001751760004413,62.34079754629144,4264.19072889956,7437.5,0.8196437899609353,2.891343716345101,0.0413655992669215,0.1694960419371522,0.2716849233901222,0.5103392313681158
M05||37||chair,772,M05,37,chair,0,2.93,0.2529016130514278,0.0002000033855438,0.0001708269457603,63.40790446436494,3736.698722282076,6640.625,1.0039085786994302,3.2284635168310536,0.0394456408589794,0.2161752430153827,0.3234268216933872,0.4138865947840556
M05||42||stubble,773,M05,42,stubble,0,3.53,0.2904642370576631,0.0002000033855438,0.0001757071721169,64.36606358135073,4399.813129338687,7500.0,0.7956765380212097,2.868714298231723,0.0379290847177787,0.1677885108479975,0.2550088015975334,0.5330383252638765
M05||43||feet,774,M05,43,feet,0,2.675,0.2064957644810592,0.0002000033855438,0.0001799669937965,61.194365718273104,3922.66009969404,7078.125,0.8235852659878523,2.703105883774452,0.0694829753816542,0.202581639618288,0.2446438410920386,0.4735309902037154
M05||46||rake,775,M05,46,rake,0,4.55,0.2384355600912663,0.0002000033855438,0.0001701673362386,62.92989651345198,4005.871243579598,7015.625,1.0166081365262596,3.467090286495632,0.0346869158093656,0.2003032981282668,0.2957001224864505,0.4621865344866769
M05||47||warm,776,M05,47,warm,0,2.2400625,0.3648312052118358,0.0002000033855438,0.0001741828158177,66.4217334171297,4181.613977950524,7093.75,0.9328701423030594,3.269263105978032,0.0350193261498758,0.1550253592506977,0.3101477379628449,0.4934834520009981
M05||48||warm,777,M05,48,warm,0,2.625,0.3574217317423246,0.0002000033855438,0.0001719524602624,66.35545121364099,4116.348506848732,6859.375,1.0754209698529016,3.552395081041638,0.0314845858844588,0.1467460897357168,0.3329472988561722,0.4824856915711845
M05||52||jacket,778,M05,52,jacket,0,1.795,0.2512220711390601,0.0002000033855438,0.0001799805271742,62.89664544333939,3776.066400755416,6859.375,0.9379581631889384,2.929188825220643,0.0453909890201779,0.2369210162426203,0.2905761861123914,0.4195832067190096
M05||58||torn,779,M05,58,torn,0,3.82,0.295913305686978,0.0002000033855438,0.0001761601944839,64.50513424947883,4403.150617056132,7406.25,0.8182669011040911,2.838753882260761,0.0421372514274483,0.162015748887394,0.2487209788531974,0.5403258707623929
M05||59||range,780,M05,59,range,1,3.88,0.2514592627506027,0.0002000033855438,0.0001675879963908,63.52449458320745,3918.9771638172583,7125.0,0.8572177516118212,2.9313905533727973,0.0444309664157123,0.2019343295765129,0.2951069621788761,0.4503958893842909
M05||60||swarm,781,M05,60,swarm,0,3.63,0.3168542828326308,0.0002000033855438,0.0001753620989351,65.13847693539583,4083.728871967476,7156.25,0.8778778155405671,2.8765926642042965,0.0396648253573363,0.1840352754225165,0.2932796006350172,0.4762030381257815
M05||67||glow,782,M05,67,glow,0,2.675,0.2975631616119551,0.0002000033855438,0.0001811853913407,64.30911972184077,3753.660392518672,6593.75,0.967735115368838,3.1355869148876323,0.0421118981275703,0.2045508504126842,0.3218034194273531,0.4233623697176116
M05||68||fee,783,M05,68,fee,1,3.305,0.2133118311333209,0.0002000033855438,0.0001758329872504,61.67829178773592,3861.337842429984,6828.125,0.982493095852601,3.226815686331983,0.0427595701726473,0.224617177955771,0.2658142111946653,0.4588308077384372
M05||69||sip,784,M05,69,sip,0,2.0850625,0.2463051635146182,0.0002000033855438,0.0001717404559168,63.13201809914955,3891.245641520623,7046.875,0.865308944072661,2.823523965106662,0.0560939394815466,0.2252007994939486,0.2588013980294269,0.4519784733354035
M05||70||park,785,M05,70,park,0,2.135,0.3039651097529496,0.0002000033855438,0.0001812481728262,64.49100198831444,3893.9755635900874,6890.625,0.9639456662670268,3.2176437302409227,0.0378601694017816,0.2113997490945863,0.2961873335925316,0.4467779548278914
M05||73||sip,786,M05,73,sip,0,2.865,0.240711033283698,0.0002000033855438,0.0001694433699384,63.04942833850872,3719.346798568318,6703.125,0.8889721679747263,2.7879349996663296,0.0483274633042821,0.2380581490860246,0.2845285469213147,0.422552984778145
M05||75||trouble,787,M05,75,trouble,0,3.455,0.3579263239463913,0.0002000033855438,0.0001782067995469,66.0573873875281,3929.8400353796783,6890.625,0.8334060368457745,2.500168192506525,0.0428937092744277,0.2153677424378343,0.2681299350615003,0.4666228827276804
M05||79||beat,788,M05,79,beat,1,2.28,0.202195303988297,0.0002000033855438,0.0001736517281576,61.32183910242482,3977.508814213188,7062.5,0.908000834013064,3.082145632717534,0.0400261628210413,0.2202718353256509,0.2724994617079737,0.4609318066501949
M05||84||knew,789,M05,84,knew,0,2.9,0.3405467860417487,0.0002000033855438,0.0001753606014343,65.764895192317,3704.924028345096,6593.75,0.9578723275721888,2.9044216751789853,0.0391089867530717,0.225051259572782,0.3274279855597961,0.4012963248621242
M05||85||two,790,M05,85,two,0,3.055,0.1411457932917219,0.0002000033855438,0.0001761507165765,58.07567049493062,3934.199596504959,6937.5,1.13212575465182,4.070043421692233,0.0374536558591028,0.2136101082561506,0.2860036613144988,0.4552725392688423
M05||90||trait,791,M05,90,trait,0,3.49,0.2687334253665798,0.0002000033855438,0.0001779806509694,63.57897793896247,3686.7867556451474,6906.25,0.8370846812994921,2.6543138357302154,0.0565366236846496,0.2412782407107086,0.2796396473908824,0.4144550870438452
M05||93||no,792,M05,93,no,0,2.435,0.4386317664478704,0.0002000033855438,0.0001782987011401,67.81903802701707,3983.8881395562366,7125.0,0.6992897779692101,2.1204540290753164,0.0477101374370218,0.1984524560486891,0.297006909502349,0.4501214429258074
M05||99||rate,793,M05,99,rate,0,3.785,0.2372247869268759,0.0002000033855438,0.0001673614639793,63.03009198145283,3712.24807259415,6640.625,1.0769252502306828,3.6651185919508,0.0402499948194442,0.2209903376871672,0.3291034137663075,0.4015678527891416
M05||100||raid,794,M05,100,raid,0,3.305,0.1716316438618295,0.0002000033855438,0.0001751373026669,59.8243741073136,3943.888389327189,6656.25,1.103597307735642,4.023104851564931,0.0291316860827567,0.176263949680647,0.3245926036594143,0.4613087959336995
M05||102||car,795,M05,102,car,1,2.93,0.3064003523444191,0.0002000033855438,0.000174553662556,64.88720589174817,4165.457312409704,7203.125,0.8011565475132864,2.7632430361652696,0.0324793607824881,0.1966777218319007,0.2742465173981974,0.4890111246427976
M05||106||share,796,M05,106,share,0,2.43,0.3127935377818647,0.0002000033855438,0.0001759639420373,64.9966817876336,3977.378480309359,7109.375,0.944994335984998,3.243804847886637,0.0381817564289243,0.1990544649947463,0.3117699698735617,0.4439554851438734
M05||107||trace,797,M05,107,trace,0,3.195,0.2087822214659431,0.0002000033855438,0.0001764247151887,61.46268178423942,4184.082806210206,7421.875,1.0095086502920545,3.758697157695317,0.0407258608108214,0.2055106039379208,0.2575516631933966,0.4895390052193939
M05||108||sticks,798,M05,108,sticks,1,3.36,0.1913697220901903,0.0002000033855438,0.0001729491381203,60.87909648203309,3747.378262774405,6781.25,0.9842364857371646,3.130536055489705,0.0442952048612702,0.2451964044273245,0.2744349873961008,0.4288633587463445
M05||109||air,799,M05,109,air,0,3.065,0.295681653889364,0.0002000033855438,0.0001709162108702,64.76082245222241,3727.019585048005,6546.875,1.0217298454213233,3.257475376544952,0.0438047321700418,0.2247606383795301,0.3070889958629589,0.4173836164795751
M05||110||know,800,M05,110,know,0,3.165,0.1975975498622682,0.0002000033855438,0.0001725783539778,61.17590465486756,4228.36857424246,7250.0,1.213922366419212,5.447751402348829,0.0325896376397838,0.1656432698674409,0.2987522779243742,0.4953267019197305
M05||112||hair,801,M05,112,hair,0,2.855,0.2794616289539798,0.0002000033855438,0.0001745561844712,64.08773891687255,3789.6221720342505,6484.375,1.1507102692473343,3.679951695929399,0.0374385556042099,0.2240604910694607,0.2938184076761853,0.4371870419570018
M05||115||beat,802,M05,115,beat,1,4.955,0.1556259385159311,0.0002000033855438,0.0001701817210529,59.22338144244776,3733.403958788575,6640.625,1.1090025072548908,3.7526728255034136,0.0480358728092709,0.230960173498653,0.2892335034244921,0.4232374671514597
M05||117||gadget,803,M05,117,gadget,1,2.805,0.1820349885823202,0.0002000033855438,0.000169032337934,60.64370145053754,3892.122940642517,6765.625,1.068442522562053,3.587940074015766,0.0373678381666683,0.2073949284239022,0.3054301210920232,0.4433999208638571
M05||119||grow,804,M05,119,grow,1,4.675,0.1444156212289372,0.0002000033855438,0.000170783622902,58.543359011958245,4083.279886095826,7312.5,1.0255589627349933,4.37244671143802,0.0419036654817299,0.1873103214428209,0.2907400905881717,0.4722875262821802
M05||120||the,805,M05,120,the,0,1.35,0.1755868060658063,0.0002000033855438,0.0001737997932221,60.08885247303497,3896.0805132753135,7015.625,1.0273286239329271,3.5756207163783054,0.0384863794751781,0.1890718063576805,0.3416459401103072,0.4229063124474661
M05||121||the,806,M05,121,the,0,2.635,0.1036147261488637,0.0002000033855438,0.0001707858437324,55.65939227789328,3879.230544637983,7031.25,1.0391837908872563,3.766096439741498,0.0413002912616165,0.2078586916098508,0.3090420495608671,0.4338145706178
M05||122||feed,807,M05,122,feed,0,4.3,0.1932337884609029,0.0002000033855438,0.0001728211157372,60.96972527862414,3700.637161241691,6500.0,0.9615659942765872,3.0796831587335043,0.053966891798088,0.2165049868988465,0.2922130456124003,0.4290825582804728
M05||126||air,808,M05,126,air,0,2.565,0.2872212590228655,0.0002000033855438,0.0001731882619426,64.39396255541936,3874.0453713358265,6640.625,1.0855306353499514,3.392305754555428,0.0368415064257046,0.2201373756995053,0.2855751200074467,0.4514704987114901
M05||127||knee,809,M05,127,knee,0,2.62,0.3539031565117125,0.0002000033855438,0.0001773879755003,65.9992051794391,3662.304168304665,6578.125,1.01567254687022,3.1949572158403043,0.0397522717954762,0.2359947269791429,0.3221474138770312,0.3941640358355674
M05||130||dark,810,M05,130,dark,1,3.105,0.2529177657761541,0.0002000033855438,0.0001716644542327,63.36597919151938,3654.603275236802,6796.875,1.0442042281471575,3.558953311345661,0.0431030712612827,0.249709709240433,0.3098198259520722,0.3888854439024586
M05||4||sleep,811,M05,4,sleep,1,2.575,0.0437288977752337,0.0002000033855438,0.0001649600201186,48.467796596153775,3793.235207620192,6671.875,2.803940686679775,12.45625808227459,0.0347991293316402,0.2427985053316671,0.2827349690018699,0.4318287503969932
M05||5||explore,812,M05,5,explore,1,3.17,0.0591760686402701,0.0002000033855438,0.0001639661478385,51.14783831632664,4238.564282597914,7031.25,2.909392340677567,13.636051885773586,0.0295941660659919,0.1599929308749906,0.2807386951804191,0.523528137889271
M05||7||sigh,813,M05,7,sigh,0,2.1,0.0244790662719631,0.0002000033855438,0.0001637688422418,43.49127138560001,5098.451090796671,7734.375,3.2184491592177253,18.311934349810446,0.0238236692232701,0.1442441954895274,0.2010088618683578,0.6264965517126181
M05||10||light,814,M05,10,light,0,2.33,0.0627222523338673,0.0002000033855438,0.0001635457895075,51.67564555280443,3635.673396281295,6218.75,2.707988556165,12.03291366646416,0.0355788890745855,0.2293256804999945,0.3254964727690365,0.4014788948713855
M05||12||know,815,M05,12,know,0,2.605,0.0565702154035574,0.0002000033855438,0.0001618790398072,50.86794425450958,4258.716677781045,7359.375,3.4563082316168177,16.230259451350225,0.0262442753138611,0.1734310448675463,0.3015368356956802,0.4925451900021798
M05||14||suit,816,M05,14,suit,0,2.9850625,0.028040641025782,0.0002000033855438,0.000163414990011,44.68992091809329,3475.3225738202705,6281.25,3.157245415523268,13.261026395510168,0.0442963221939323,0.2698225781557513,0.3026097749705183,0.3765781760933734
M05||17||prior,817,M05,17,prior,1,3.12,0.0808826742737461,0.0002000033855438,0.0001670390488884,53.7007498737485,3587.0684546546577,6015.625,2.663763665376621,11.708824713063777,0.0351456807549532,0.2299248594022036,0.3406024860628256,0.3872885520265026
M05||18||prior,818,M05,18,prior,1,3.71,0.0739505768577053,0.0002000033855438,0.0001689413121337,52.82411406315595,3875.765482883962,6421.875,2.866583139798018,12.524573725473818,0.0301778485787834,0.2009485555655009,0.3171790528851358,0.4450015958024012
M05||21||knot,819,M05,21,knot,0,2.545,0.0321590109481444,0.0002000033855438,0.0001643823254991,45.82895126925458,4129.887174710975,7421.875,3.624570814437216,16.68248991540733,0.0274414539385563,0.2267480192478263,0.2827201376507128,0.4574065084847423
M05||22||coupe,820,M05,22,coupe,1,2.425,0.0104544288231981,0.0002000033855438,0.0001623751618833,36.17561426201369,4671.941465866357,7703.125,3.394646521071516,17.824792833000856,0.0238661019067609,0.1813713118426698,0.2415568548740468,0.547937317543956
M05||23||rocks,821,M05,23,rocks,0,2.655,0.0825864050870841,0.0002000033855438,0.0001642343978139,54.02888879278572,3671.9851758929367,6375.0,2.592740264962877,11.890584200681367,0.0374690591302969,0.2245912055785324,0.3481663176028706,0.3828829172390353
M05||24||air,822,M05,24,air,0,2.905,0.0515050280522351,0.0002000033855438,0.0001656034816395,49.8556032983003,3679.842557880531,6203.125,3.112775601752745,13.202911815806624,0.028808278563933,0.2227034982682257,0.3231874534710223,0.4170564966606714
M05||25||galore,823,M05,25,galore,0,2.855,0.0697771440059901,0.0002000033855438,0.0001644193746946,52.55520395009084,4068.6752179840014,7203.125,2.933172179548843,13.4936772364276,0.0250304812129652,0.208131878505995,0.3112669057317555,0.4497190177304774
M05||31||suit,824,M05,31,suit,0,2.47,0.048009401044844,0.0002000033855438,0.000166342296071,49.20647191910136,3280.581835611217,6359.375,2.9922788187270446,12.715729229753968,0.0748217035601919,0.2932823287841873,0.2939120771649085,0.3296684635500759
M05||32||deer,825,M05,32,deer,0,2.89,0.0709850074637131,0.0002000033855438,0.0001659270474497,52.62498894057052,3139.8870075347663,5828.125,2.716773911421705,11.781330866595985,0.0684838634530137,0.2853185862624685,0.3484054629980888,0.2905649375345852
M05||33||shear,826,M05,33,shear,0,2.355,0.0653309162140858,0.0002000033855438,0.0001660703176107,51.89653465218897,3505.467677911788,6171.875,2.9011812051018038,12.865035798121736,0.0518547235108711,0.2289631272894436,0.3545711598971817,0.3556090023402256
M05||35||much,827,M05,35,much,1,2.46,0.05466476437768,0.0002000033855438,0.0001653346321939,50.38687293838863,3801.12046447799,6937.5,2.9820201117887475,13.092012167898938,0.0441522010213712,0.2246002370551403,0.2999147939456424,0.4236194396380788
M05||37||group,828,M05,37,group,1,2.175,0.0343545578113773,0.0002000033855438,0.0001654793308442,46.34481213832394,3673.8947405184326,7015.625,3.152719474939202,14.406953862245938,0.0504165428178858,0.2714946439483126,0.2789072178210929,0.3928836485599102
M05||39||fate,829,M05,39,fate,1,3.39,0.0365729685494775,0.0002000033855438,0.0001614965845643,47.09993741002776,3278.8546269446083,5890.625,3.2108173678602503,13.085536812789574,0.0494277928371687,0.2786272503265779,0.3349617445617336,0.3284575897487896
M05||44||four,830,M05,44,four,0,3.195,0.0272181845934659,0.0002000033855438,0.000163488145773,44.427457737866575,3955.4518512756936,7484.375,3.5821980208884106,16.50731951217129,0.0473689244639735,0.2485854844255481,0.2590640586137737,0.4378331643634571
M05||46||sigh,831,M05,46,sigh,0,2.955,0.0240456117611014,0.0002000033855438,0.0001650008935757,43.27099069120708,3996.8307280868703,7593.75,3.136608606069551,15.82321551719872,0.0505031452151804,0.2763223256475141,0.2159743741114196,0.4501957515955065
M05||47||rock,832,M05,47,rock,1,2.885,0.0554371300207964,0.0002000033855438,0.0001631011513594,50.62687423913846,3719.416823280266,6500.0,3.086282450579949,12.982013317842922,0.0480111762815367,0.2276696832612721,0.2852614466618825,0.4307352026323007
M05||50||error,833,M05,50,error,0,4.185,0.0822544055278768,0.0002000033855438,0.0001651309139635,53.946615666608096,3715.646268334378,6765.625,2.697667914964752,11.885628618300956,0.052790217793028,0.2362400561445408,0.2698353316283232,0.4331386420574992
M05||52||area,834,M05,52,area,1,1.885,0.0533955697959379,0.0002000033855438,0.000161643349939,50.37894766056848,4809.709285993089,7671.875,2.8532208151867176,15.379163751528782,0.0323795242744348,0.1384186843719159,0.2050113862070164,0.6171383503237445
M05||53||area,835,M05,53,area,0,3.375,0.0505412307278106,0.0002000033855438,0.0001632115163828,49.81790026821889,4085.6540494920814,7265.625,2.812667268053312,13.220387106686497,0.0437727295480609,0.2120509625562081,0.2416354643950183,0.4955584882460249
M05||54||mere,836,M05,54,mere,0,2.555,0.0425241320528808,0.0002000033855438,0.0001633412478448,48.31079178132569,4077.3144795536023,7265.625,3.4430228259879057,15.304466854141658,0.0381006634526245,0.1952259947143306,0.2954714477189322,0.4636000334291789
M05||58||hear,837,M05,58,hear,0,2.485,0.0493165489722646,0.0002000033855438,0.0001655120743648,49.48325993201788,3736.800213326761,6593.75,2.992549614380912,13.478641137070978,0.0453814990305526,0.2209847957983015,0.2825861592130367,0.4413578931308652
M05||59||pot,838,M05,59,pot,1,2.31,0.034008973315063,0.0002000033855438,0.0001632298071109,46.3758810789618,3632.911295424606,6781.25,3.493856424952676,14.477100322603867,0.0521797154460798,0.266820464361029,0.2807235594126072,0.392684069832625
M05||63||of,839,M05,63,of,1,2.63,0.0536587100765774,0.0002000033855438,0.0001649643549919,50.24500229984108,3477.3818682208093,6218.75,3.2198291077670693,13.281648491029587,0.041104310300591,0.267132783898193,0.3250025875809309,0.3581518189951807
M05||64||floor,840,M05,64,floor,0,2.665,0.0470670163694028,0.0002000033855438,0.0001628430789759,49.21894727011548,3675.731049904991,6390.625,2.9561910416639625,12.908920421124805,0.0334207109715173,0.2389579126070547,0.3223314585592569,0.3987768597431544
M05||65||thigh,841,M05,65,thigh,0,2.835,0.0419683891317378,0.0002000033855438,0.0001630792744511,48.21047058936023,4158.878104597067,7296.875,2.8715441360972966,13.598507098261935,0.0383235145133204,0.2101959285416796,0.2569156400606074,0.4874326502937284
M05||67||steer,842,M05,67,steer,1,3.405,0.0310223886551174,0.0002000033855438,0.0001645342609963,45.50837779124899,3800.008988418758,7171.875,3.0838093219723235,14.48719609900167,0.0450942097647847,0.2380028420104955,0.2960597091922132,0.4133131466543377
M05||69||cycle,843,M05,69,cycle,1,3.99,0.0339476734327963,0.0002000033855438,0.000162907391492,46.37738452026496,3771.972894886684,7187.5,3.06699874175355,14.134274449387863,0.0431661900139177,0.245454469022622,0.3032826255655612,0.4007004129737155
M05||71||forward,844,M05,71,forward,0,3.13,0.0485531320356078,0.0002000033855438,0.0001630103417764,49.48004184725306,3692.3019588694815,6562.5,3.200787991312876,13.554606573747243,0.0427262791189313,0.2497755429424296,0.2742942779736687,0.4261330995561679
M05||73||ate,845,M05,73,ate,0,3.275,0.0298754784363697,0.0002000033855438,0.0001622988648722,45.29998773199753,3894.371285835157,7281.25,3.6416554720604,16.357015740877657,0.0455761165015492,0.2490897895995187,0.253922800845135,0.4446984981970461
M05||74||write,846,M05,74,write,1,3.605,0.0450865433682172,0.0002000033855438,0.0001637285563059,48.7984501660243,3421.995879660375,6187.5,3.4503583215672324,14.224477260888024,0.0502953836281906,0.2788382898058869,0.3009626890547213,0.3611540527536823
M05||75||fruit,847,M05,75,fruit,1,3.275,0.0680779513583219,0.0002000033855438,0.0001647514905018,52.3235425179106,2960.0068215134,5468.75,2.8621993751833457,12.127776482831411,0.0667236274939489,0.3426446904898925,0.2978639789913482,0.2819379637150362
M05||77||pad,848,M05,77,pad,1,2.575,0.0377131691266543,0.0002000033855438,0.0001609529224828,47.39588323976565,3832.454292201348,7250.0,2.9811171762027677,13.968143222273536,0.0563463702937068,0.2359035130865037,0.2633982813679549,0.4366582687942906
M05||79||slay,849,M05,79,slay,1,3.485,0.0427880121135964,0.0002000033855438,0.0001638374679666,48.33817765119097,3704.468925378406,6890.625,2.898194752885184,13.0646407104035,0.0513231295366839,0.2449797441203717,0.2614123729504388,0.4340633689895483
M05||81||briar,850,M05,81,briar,0,3.425,0.077861217909516,0.0002000033855438,0.00017009936067,53.212370228068366,2905.2406488390707,5500.0,2.5370684780602306,10.713772635716891,0.1029285529020066,0.3188917198427138,0.307226336085576,0.2624400635393841
M05||83||toot,851,M05,83,toot,1,2.31,0.0324814720015847,0.0002000033855438,0.0001634253526796,45.966325431776845,3450.2634602061494,6421.875,3.0715473511357736,12.722255820789952,0.0526386853815208,0.2958112149701989,0.2634619945237172,0.3798917405743082
M05||84||gnaw,852,M05,84,gnaw,0,2.54,0.0254701069145195,0.0002000033855438,0.0001619638780253,43.93225202231339,4392.719883959619,7703.125,3.246238523476744,16.9904501597358,0.0443017205553227,0.2484510332738394,0.176855102013268,0.5240660306280812
M05||86||ate,853,M05,86,ate,0,3.36,0.0232510805539904,0.0002000033855438,0.000164796638722,42.98989582858013,4140.2767843991005,7546.875,3.0133875143622237,14.998388883426731,0.0434023879349268,0.2681001496363904,0.1954037298743897,0.485729196722364
M05||90||sigh,854,M05,90,sigh,0,2.495,0.0511633709395925,0.0002000033855438,0.0001650041562119,49.82928533994976,3479.562187076931,6437.5,2.81146401952815,12.637812442529215,0.0525422789881883,0.2900114498081556,0.2830547482226863,0.3657607243681697
M05||95||tie,855,M05,95,tie,0,2.15,0.0468844718209439,0.0002000033855438,0.0001647687183235,49.083085286248256,4126.255409166464,7468.75,2.841681721650128,14.036359209366596,0.0510140115530549,0.2437712396388992,0.2031158471816409,0.4941950823469735
M05||103||witch,856,M05,103,witch,1,3.805,0.072800695523131,0.0002000033855438,0.0001652177831032,52.88157476008514,2881.4043214228736,5375.0,2.876079734213719,11.876097502412778,0.0594111432929658,0.3766481321899841,0.2917283723121623,0.2638502973503748
M05||104||near,857,M05,104,near,1,3.425,0.0623601754068847,0.0002000033855438,0.0001674645585161,51.419688384700535,3743.0929667416567,6640.625,2.97395287402112,13.017670238104529,0.0340876068906321,0.2393155989973644,0.3110243692524487,0.4084532178913907
M05||105||write,858,M05,105,write,0,3.375,0.0475247339773845,0.0002000033855438,0.0001632118391671,49.28336071713044,3783.6778229879465,6906.25,3.2165865159692064,14.233445636505468,0.0441284620125323,0.2454823670291538,0.2785337290688446,0.4249852214943252
M05||106||though,859,M05,106,though,1,2.695,0.0742379631235979,0.0002000033855438,0.000166102298828,53.00500809050825,3582.5663617459377,6031.25,3.037511443800686,13.332631641266236,0.0397047561847265,0.221160836736241,0.3481173808932946,0.3828782698819986
M05||110||tile,860,M05,110,tile,0,3.435,0.0452444221206013,0.0002000033855438,0.0001629694477773,48.869177033295735,3869.506574061063,6921.875,3.175996970989581,13.855011953078916,0.0576547070809337,0.2224604673930569,0.2550544606627257,0.456908033448544
M05||113||were,861,M05,113,were,0,4.82,0.0670873942364091,0.0002000033855438,0.0001664149492862,52.10897173288383,3194.094701500409,5812.5,3.3305061219513816,13.342915374942024,0.0663724320688468,0.2955420914795857,0.3058211506146069,0.3232283713941461
M05||114||we're,862,M05,114,we're,1,3.86,0.0683954673657074,0.0002000033855438,0.0001623737644057,52.49022924509782,3247.795892151608,5890.625,2.676626740359792,11.530076495668874,0.0664623753821037,0.2857316516552469,0.2998340870543089,0.3380008900916439
M05||119||slip,863,M05,119,slip,1,2.05,0.04074209086501,0.0002000033855438,0.0001650548966657,47.848298000008086,3969.485749892767,7375.0,2.9229628018220293,13.764080749119133,0.0430132553236454,0.2292589244764971,0.2888764990272195,0.4305648398270973
M05||121||troop,864,M05,121,troop,1,3.565,0.037325826862914,0.0002000033855438,0.0001631893850946,47.186350625196845,3999.253318737164,7234.375,2.584847717840605,12.460642986524476,0.0539967573256768,0.2014629957157191,0.2853777083937733,0.4528858667881851
M05||126||peer,865,M05,126,peer,0,2.625,0.0489659627428841,0.0002000033855438,0.0001657240753308,49.410173865500894,3550.149277059473,6468.75,3.0492587133741287,12.791013055892392,0.0582792998645932,0.2257738586317081,0.327208100775363,0.3798829293981177
M05||127||fear,866,M05,127,fear,1,2.825,0.0685761211568107,0.0002000033855438,0.0001655286481754,52.34599496683743,3431.394929835325,6187.5,2.82050428106148,11.99283305138526,0.0532171802288325,0.2524516179328045,0.321746552894162,0.3638621764634099
M05||136||loop,867,M05,136,loop,0,2.28,0.0828227404983342,0.0002000033855438,0.0001699150686708,53.758354026004085,2938.2556653018423,5609.375,2.690479633345061,11.693663630204362,0.0873226421602736,0.3393751319102785,0.280125708433321,0.2835729103832536
M05||142||pitting,868,M05,142,pitting,0,2.19,0.0372725685968567,0.0002000033855438,0.0001673404483391,46.95576788965914,3666.548331787106,6890.625,2.7626582070289967,12.599174361913777,0.0610349881055318,0.263058768811946,0.2395721789748705,0.4290455820357818
M05||148||fill,869,M05,148,fill,0,2.875,0.0523284112113505,0.0002000033855438,0.0001644947641052,50.0517094020471,3814.0687589933946,6765.625,3.144757067890035,13.638820913765112,0.0384607287063398,0.2222297977009037,0.2973638514428505,0.4352581955785889
M05||149||six,870,M05,149,six,1,2.745,0.0405591781981764,0.0002000033855438,0.0001633984041655,47.896826723166896,3796.8807678319854,7343.75,2.8593879421708466,13.01293198880886,0.0532957345998069,0.2584682000763341,0.2633499578881256,0.4171463545211324
M05||154||shy,871,M05,154,shy,0,2.655,0.0258903265651907,0.0002000033855438,0.0001653335856614,43.895528876424336,4617.2688905865,7671.875,3.492973812470033,17.949667162941285,0.0366725537943356,0.1945851713060506,0.1931554926097252,0.5692950653926966
M05||156||kilo,872,M05,156,kilo,1,2.895,0.0401989939218303,0.0002000033855438,0.0001634710723545,47.81548544750408,3737.121362132511,6937.5,3.3190765346663405,14.226078423481724,0.0405596906810298,0.2476849071576741,0.3023431269460121,0.4018003882043259
M05||160||darn,873,M05,160,darn,1,3.25,0.0548123637569637,0.0002000033855438,0.0001624714338246,50.562030360874886,4082.2709317317776,7312.5,3.158305099090872,14.21424175846102,0.0395495409719979,0.2125851368059773,0.27314382367877,0.4686632143036871
M05||161||golf,874,M05,161,golf,1,3.3,0.059216946648758,0.0002000033855438,0.0001650129640997,51.098558899300016,3494.309249563413,6453.125,3.254465918894155,13.162683518515855,0.0559876079848639,0.2807649418136571,0.2705679202721618,0.3851860752838881
M05||164||leak,875,M05,164,leak,1,3.575,0.0238971016104299,0.0002000033855438,0.0001605343838047,43.45554329625897,4364.453749259914,7531.25,3.441245252560432,16.46874838481698,0.0389660867481963,0.2017646140298448,0.243781147024734,0.5088800525399616
M05||166||foxtrot,876,M05,166,foxtrot,1,5.27,0.0461283548306029,0.0002000033855438,0.0001632980627685,49.01973866190736,3306.634688041055,6203.125,2.8025094722214314,11.788721096599089,0.0679539789218419,0.2844838911435636,0.302765306357835,0.33641908618914
M05||168||mush,877,M05,168,mush,1,3.5100625,0.063894685036862,0.0002000033855438,0.0001668017069992,51.66528485797735,3810.481995930967,7156.25,2.6996006504834558,12.482677095141716,0.0521661463114098,0.2445432665009932,0.2773327001781032,0.4188926716047436
M05||171||brawn,878,M05,171,brawn,0,4.3,0.0656072223348253,0.0002000033855438,0.0001664965546873,51.91092799988638,3486.798144275934,6546.875,2.868455136256113,12.31728348843352,0.0572622168539842,0.2493810505721362,0.3293280498004751,0.3559756998583595
M05||175||kitten,879,M05,175,kitten,1,2.865,0.0429516723486955,0.0002000033855438,0.000163794040703,48.37363962350396,3362.8237374829328,5921.875,3.079016524688683,12.854586585253472,0.0489555613378139,0.2806299878831028,0.2966148025192426,0.3655623553993463
M05||180||oscar,880,M05,180,oscar,1,3.56,0.0629443313659635,0.0002000033855438,0.0001653861422949,51.60915014703996,3840.05699240971,6843.75,2.816630845984849,12.354145003726344,0.0488365517517242,0.2140559045698765,0.2791656210992093,0.451347023426054
M05||181||tell,881,M05,181,tell,0,2.495,0.0389256905063216,0.0002000033855438,0.0001638686175944,47.51481070610944,4594.27643736529,7593.75,3.1186016053037675,15.060534061306496,0.0350722693755477,0.1570637616802642,0.2239454601646207,0.576250772574223
M05||183||hat,882,M05,183,hat,1,2.47,0.0541786565320846,0.0002000033855438,0.0001656905574289,50.29060945199135,3450.5707613972963,6546.875,2.846857397372937,12.1186287680945,0.0630101327451967,0.2872280610715819,0.2633122247882464,0.3779699471196045
M05||184||him,883,M05,184,him,1,3.595,0.0346773278596974,0.0002000033855438,0.0001641758216495,46.49472852139656,4134.109789710655,7562.5,3.8073902503776793,17.35955985497214,0.039364618471987,0.2338447343410036,0.2503205603694023,0.4702418669047203
M05||185||hum,884,M05,185,hum,1,2.83,0.0444279904904283,0.0002000033855438,0.0001640360674093,48.65434642492493,3913.890603559381,7046.875,3.462083824246988,14.823538162895732,0.0477618829494881,0.2243635550517294,0.2701512043438644,0.4504649033787483
M05||188||rich,885,M05,188,rich,1,3.61,0.0705610780097615,0.0002000033855438,0.000162803568484,52.73802574498029,3208.050764758862,5906.25,2.8776061804239017,12.103580753025978,0.0688116291148329,0.2999106736428133,0.3024994702992884,0.320927007319546
M05||190||juliet,886,M05,190,juliet,1,4.81,0.0796567637917047,0.0002000033855438,0.000166572193319,53.59240308181312,3014.1639550690484,5812.5,2.5307540054806537,10.85721911636304,0.0803935284783441,0.3154362813668213,0.3082950250775172,0.2876062227468126
M05||191||cart,887,M05,191,cart,1,3.445,0.043630315379611,0.0002000033855438,0.0001662957418083,48.37814447033957,3374.581062608496,6468.75,3.218927915100718,13.254888562305322,0.0669592378169249,0.2789249473618662,0.2959746398995514,0.3501901212074474
M05||193||nine,888,M05,193,nine,1,3.735,0.0507856468549144,0.0002000033855438,0.0001640655677311,49.81447085455944,3960.6456407725536,7437.5,2.9016220951102576,13.827400451805982,0.0548249236973943,0.2294823503108788,0.2579884549159669,0.4490090268981644
M05||199||mitten,889,M05,199,mitten,1,5.655,0.0445649358942605,0.0002000033855438,0.000164990590534,48.630682183374304,3322.385672300481,6156.25,3.3575931531173824,13.351419467116273,0.0588807773553045,0.2857739147250056,0.2946930494819111,0.3515034501003332
M05||205||spark,890,M05,205,spark,1,3.205,0.0446853124815686,0.0002000033855438,0.0001592108714139,48.96384159763691,3631.0353857130094,6750.0,2.8562623925284605,12.737313802583024,0.0365392258532735,0.2607785976870148,0.3009829742070691,0.3941419674465526
M05||210||hark,891,M05,210,hark,0,2.715,0.0883104119704839,0.0002000033855438,0.0001618194709844,54.73962267420624,2819.7795934893493,5328.125,2.7158002675791293,11.375828061471006,0.0954072154739694,0.3389093175087856,0.2955591084213976,0.260066995807527
M05||217||thorn,892,M05,217,thorn,0,3.49,0.0591375006769274,0.0002000033855438,0.0001653723172559,51.06800308190949,3471.1362019631733,6531.25,2.7444646028976347,12.36348000028819,0.0595216372635018,0.2857666356999953,0.2765876701438669,0.3706774688434371
M05||224||chop,893,M05,224,chop,1,3.23,0.0326799413974881,0.0002000033855438,0.0001630078562567,46.04145466188108,3460.7118975195394,6437.5,3.357192412238871,13.876729657572254,0.0581842919805527,0.2822334013260964,0.2736774044197326,0.3783358914124081
M05||225||lair,894,M05,225,lair,0,3.01,0.0484904201334805,0.0002000033855438,0.0001612638696739,49.562377401792304,4100.638776274487,7328.125,3.0544029397068586,14.112169212492882,0.0430995602543496,0.1944310598597044,0.2687945214106708,0.4848733226358955
M05||226||eight,895,M05,226,eight,1,2.295,0.0503472838503411,0.0002000033855438,0.0001647343325817,49.703838507465726,3178.3657013714133,5765.625,3.492740482037417,13.429187241898836,0.067739685254419,0.2948277824442483,0.289611156452616,0.3372447234664865
M05||232||barn,896,M05,232,barn,0,2.78,0.0548561156914785,0.0002000033855438,0.0001624369199893,50.57080612529263,3766.955197713596,6750.0,3.211640167994962,13.625323458141365,0.0401022253308029,0.228774190759834,0.2961792320429346,0.4259709841894252
M05||234||harp,897,M05,234,harp,0,2.715,0.0679575099095027,0.0002000033855438,0.0001673132531172,52.17414227451162,3196.391104104222,6015.625,2.8709921220893424,12.308291719709256,0.070482218576296,0.2999547613762239,0.2918482368924172,0.3280502482140484
M05||244||part,898,M05,244,part,1,2.73,0.0673762404022604,0.0002000033855438,0.0001655108108466,52.19360814701968,3043.229280618613,5437.5,3.0181867295650804,12.24756198168221,0.080544062802841,0.2941022196778924,0.3151915585522895,0.2994628759971053
M05||245||zero,899,M05,245,zero,0,3.24,0.0673066378844515,0.0002000033855438,0.0001659023179223,52.164108865367226,3647.028305771764,6750.0,2.5238107811733177,11.449720241420287,0.054262365685682,0.2332075604389546,0.3378291958913519,0.3668971634343963
M05||247||vat,900,M05,247,vat,1,3.095,0.0410595666831893,0.0002000033855438,0.0001670158974838,47.81313100312603,3481.210414649499,6375.0,3.109434937558896,13.375165872480382,0.0628606567448077,0.2522391676612004,0.3031025228178723,0.3733541333841974
M05||248||side,901,M05,248,side,1,2.62,0.0438590144563337,0.0002000033855438,0.0001638812881037,48.5505899940069,3574.579452802413,6703.125,3.0584887201770385,13.316804120320567,0.048844442766569,0.2475495207701248,0.336240433968263,0.3593078839584856
M05||251||brought,902,M05,251,brought,1,3.11,0.0600805695443788,0.0002000033855438,0.0001650905314842,51.22023750615455,3202.3597772937223,5796.875,3.047153912475219,12.50606718906606,0.0697993394952223,0.2712846366582685,0.343060579500353,0.3059008826608086
M05||257||seeds,903,M05,257,seeds,1,3.025,0.0455773293744369,0.0002000033855438,0.0001618558242769,48.99241084140501,3250.1619502327576,6328.125,2.753604544168548,12.00902147665832,0.0560324480309107,0.3301112846288212,0.2907419187554488,0.3153230298954489
M05||258||spain,904,M05,258,spain,0,3.32,0.0310399447769502,0.0002000033855438,0.0001605368162607,45.72692588128629,3683.9180509043154,6921.875,3.088385355182277,13.495650462380276,0.0521839267923136,0.2402050301132093,0.294401505019282,0.4045129945430476
M05||261||sergeant,905,M05,261,sergeant,1,3.995,0.0383779494233448,0.0002000033855438,0.0001647729210996,47.343918504460106,3627.503250023328,7046.875,3.0540048667653243,13.932632411047852,0.0427160331313311,0.2748813552967643,0.300751595996517,0.3741755798187048
M05||266||reek,906,M05,266,reek,0,4.425,0.0304582962071038,0.0002000033855438,0.0001615235629731,45.509394398701474,3589.1513561575757,6625.0,3.2318437120889265,13.657449824252597,0.0514077014643901,0.2438287369429184,0.3203415384420656,0.3769006101086817
M05||267||sell,907,M05,267,sell,1,3.245,0.0456343528969816,0.0002000033855438,0.000163197211892,48.93158323338415,3504.5275696727376,6421.875,3.003709278602152,12.722766203211863,0.0488056102758919,0.2694697440322601,0.2896402671226109,0.3829075287464958
M05||272||litter,908,M05,272,litter,0,2.985,0.0524707960166049,0.0002000033855438,0.0001663179473266,49.97957072857474,3206.218529784984,5765.625,3.111114937558704,12.832093562551984,0.0611880019362799,0.2911150204516393,0.3153830254977276,0.3222629685485949
M05||273||romeo,909,M05,273,romeo,1,2.41,0.0722555748435709,0.0002000033855438,0.0001613741593758,53.02074735059648,3614.71225265792,6171.875,2.402577786490512,11.715236451173466,0.0295355340060987,0.1939991266971866,0.4173112668554983,0.3523115134757363
M05||277||spit,910,M05,277,spit,1,3.53,0.0396755595944476,0.0002000033855438,0.0001618886232584,47.78613462283383,3177.4434832890715,6046.875,2.805944497552404,11.646918771770803,0.0742630588645187,0.3121912727078914,0.2741710037836861,0.3296107389459391
M05||278||xray,911,M05,278,xray,1,3.645,0.0470150819652482,0.0002000033855438,0.0001620651300579,49.25095231021405,3757.4701977757663,6859.375,2.91172201914714,12.85861348851095,0.0461292990865645,0.2383481482525402,0.2872914692664647,0.4209737634752733
M05||283||ship,912,M05,283,ship,0,2.905,0.0273990446785216,0.0002000033855438,0.0001632128235443,44.4996228502173,3260.598879213678,6031.25,3.224249848596868,13.311721551399124,0.0575529067576097,0.2864340081777913,0.3111539715292532,0.3364744052373736
M05||285||ham,913,M05,285,ham,0,2.51,0.0201335614014819,0.0002000033855438,0.0001656212563693,41.69609057448493,4320.564775423225,7671.875,3.398794180209599,17.599133277837772,0.0451915370397388,0.201634033800882,0.229641105051775,0.5159149845261918
M05||288||sitter,914,M05,288,sitter,0,4.175,0.0360937282801672,0.0002000033855438,0.0001660602375427,46.74332179474548,3569.613194853813,6593.75,3.2487047740123134,13.699362233872897,0.0481261897356703,0.2666850782572938,0.2753724817534705,0.4013281740337759
M05||289||right,915,M05,289,right,0,3.275,0.0504892818914183,0.0002000033855438,0.0001624100547594,49.85172561980177,3648.148086426934,6640.625,3.395635279995139,13.959471408534808,0.0405964780368687,0.2457366375879192,0.3224763270948261,0.384094863838595
M05||290||him,916,M05,290,him,1,2.45,0.0473434485598203,0.0002000033855438,0.000162322624417,49.29761667237764,3536.5228266445183,6562.5,3.296137575391234,13.901760120781873,0.042633424978006,0.2706882771363814,0.3044536720273664,0.3729141440826934
M05||294||sierra,917,M05,294,sierra,0,3.1,0.0488461660528836,0.0002000033855438,0.00016273737778,49.54686335347777,4084.035762061874,7203.125,2.668867182349014,12.505442310384485,0.0398566822465599,0.2098002036362352,0.2542388576485889,0.4879588279092566
M05||296||up,918,M05,296,up,1,2.495,0.0565981761640723,0.0002000033855438,0.0001642061156526,50.74826217481203,3043.146567992292,5921.875,3.2131540271897885,13.20210672076206,0.0732626056412416,0.3431591651947147,0.2783228986424277,0.2963657858844905
M05||298||sand,919,M05,298,sand,0,3.29,0.0410952305286217,0.0002000033855438,0.0001664454090584,47.85039200370768,3287.0548520469715,6156.25,3.118116090358138,12.718007971799024,0.0650620088354782,0.3025699086687446,0.2778601046704326,0.3462164274061663
M05||299||sin,920,M05,299,sin,1,3.475,0.0636471144076234,0.0002000033855438,0.000163643451335,51.79760176448507,3437.2809958575685,6375.0,2.7843249231600424,11.79744634357219,0.0567824717854,0.2782350388890593,0.2906607743873957,0.3662665671690338
M05||301||whisky,921,M05,301,whisky,0,2.164375,0.1771525361498024,0.0002000033855438,0.000163554746019,60.69368446378596,6287.955620448018,7765.625,0.6148502625565891,2.794894431816927,0.021001747248268,0.0731080621638657,0.1002345792586939,0.8028525737405372
M05||302||sing,922,M05,302,sing,0,2.606625,0.1452511948311672,0.0002000033855438,0.0001635351630629,58.97017130485328,6491.408776977021,7781.25,0.5919204825559776,1.541040426967604,0.0180282567958364,0.0627425075233881,0.0849732357887214,0.8321680029421741
M05||308||rock,923,M05,308,rock,1,2.23,0.0764135877548979,0.0002000033855438,0.0001677850472244,53.16834673167027,3618.577425775956,6171.875,2.820571192688827,12.241210448983171,0.0498280359556375,0.232610332819443,0.3127703657183968,0.3985581634867763
M05||317||bitter,924,M05,317,bitter,1,2.64,0.0489919842692705,0.0002000033855438,0.0001675105575148,49.32165691012814,3589.359572849749,6390.625,3.3731416763630806,13.897166179149616,0.0474775681687821,0.2495677036747817,0.2680270811139015,0.427295853761475
M05||322||knot,925,M05,322,knot,0,3.745,0.0428605793931107,0.0002000033855438,0.0001642295734732,48.33213345228685,3724.589151750717,7156.25,2.980937007659053,13.73563383118604,0.0557862248367725,0.2654229508687326,0.263222446736841,0.4085843620211224
M05||324||wicker,926,M05,324,wicker,1,4.555,0.0357553993334813,0.0002000033855438,0.0001647329435751,46.73122348013531,3850.434865472828,7078.125,3.650040585877393,15.820663922448906,0.0467694854768862,0.2600901878634833,0.2387109993079541,0.4465843089256341
M05||327||dread,927,M05,327,dread,1,1.805,0.0626178344848076,0.0002000033855438,0.0001650899275425,51.579549347918174,3609.2893809161783,6250.0,2.787490330860583,12.342034552276642,0.0324189518497891,0.2473842839439381,0.3065672777540029,0.406336684112676
M05||328||said,928,M05,328,said,0,2.695,0.0275039445684886,0.0002000033855438,0.0001625076623491,44.57042281963104,3655.307094175085,7093.75,2.626622001118211,12.57055900344211,0.0422683901441011,0.2800929752384345,0.2752636919566575,0.3935731956752747
M05||329||nest,929,M05,329,nest,0,2.507,0.1084273145947268,0.0002000033855438,0.0001699166046669,56.09805761055162,4728.845990388279,7750.0,1.966493558326548,9.398513804367388,0.0539635235966018,0.2080299456695717,0.1726613679656206,0.5586355566303531
M05||331||walk,930,M05,331,walk,0,0.0596875,0.1144204438593887,0.0002000033855438,0.0001712937632152,56.49524155003157,6041.116349629087,7740.314136125655,0.5028545881037945,0.7739086125931521,0.0233658827857932,0.1380788741148279,0.0678784242646373,0.7676813317231952
M05||333||liquor,931,M05,333,liquor,0,0.0586875,0.0978197503382873,0.0002000033855438,0.0001851191748072,54.459502887300665,7345.991458225091,7838.125665601704,0.6041618031198808,0.511550929261757,0.0053661305631717,0.0169034173620978,0.0238020846021641,0.9533078296006556
M05||335||sicker,932,M05,335,sicker,0,0.0416875,0.1070922758608279,0.0002000033855438,0.000181798850796,55.40334028878617,6535.244412392589,7772.113943028486,0.4181013702618996,1.1521679273668537,0.0089367539302684,0.0369752176154086,0.1265225031893022,0.8231896953341984
M05||338||sheet,933,M05,338,sheet,0,0.026375,0.1097275094972659,0.0002000033855438,0.0001744464165996,55.97306938536336,4321.727929668458,7620.85308056872,0.2835164244075369,0.3013602325428712,0.0570134185412301,0.2159140231036163,0.1633244799160618,0.5335396805795802
M05||339||tin,934,M05,339,tin,0,0.0263125,0.1097365021301709,0.0002000033855438,0.000183996300939,55.51084041653736,5220.716251176957,7638.954869358669,0.5233483607519638,0.5151607044076112,0.0505579089060202,0.1148067247747334,0.1654049011388399,0.6614227076716941
M05||341||nod,935,M05,341,nod,0,0.0260625,0.1063027171945503,0.0002000033855438,0.0001849277023264,55.190847838301885,6149.416011192904,7750.599520383694,0.4025877048213566,0.3890509361735126,0.010073989876909,0.0748849996504477,0.158001053165779,0.751086314316255
M05||342||flicker,936,M05,342,flicker,0,0.075375,0.1155116130830126,0.0002000033855438,0.000187018220784,55.814834554076576,7060.049569753063,7781.25,0.5246672744124607,1.1948320783388635,0.0159258379335447,0.0456144482595174,0.0218483261966913,0.9160103554191928
M05||345||quicker,937,M05,345,quicker,0,1.1595625,0.6847470376309589,0.0002000033855438,0.0001737587347846,71.91167032895491,4314.1702081746935,7640.625,4.569747370904377,36.81373992736181,0.1060315755489907,0.1852137446834613,0.2010366959537959,0.497165355081148
M05||351||left,938,M05,351,left,0,0.0264375,0.1103939191264423,0.0002000033855438,0.0001865418711764,55.44337645664847,4652.266922395143,7791.962174940898,0.3036569410500722,0.2390752731828568,0.0147748081093371,0.3178569108656936,0.0778018112687702,0.5812625038524902
M05||352||bread,939,M05,352,bread,0,0.0263125,0.1107282641147282,0.0002000033855438,0.000189689624913,55.324298275375696,4070.636400782656,7676.959619952494,0.2369374207774923,0.3392656712925308,0.0341307852295251,0.2560114424961074,0.215763015389747,0.4604793823171292
M05||355||four,940,M05,355,four,0,0.0596875,0.1145281660320139,0.0002000033855438,0.0001812912476992,56.01070936778855,7204.631620329272,7824.0837696335075,0.5111828326541674,0.6709496719136285,0.0076730091924195,0.0252971172861662,0.0346417202699449,0.9302830576759304
M05||371||bed,941,M05,371,bed,1,2.135,0.0876251981619163,0.0002000033855438,0.0001642120210983,54.54448133517361,3373.6959687314848,6265.625,2.6618636000256126,11.437445314842352,0.0668629362964179,0.2577992876096615,0.3244766636839351,0.3422585843883841
M05||372||witch,942,M05,372,witch,1,1.915,0.0773719882413472,0.0002000033855438,0.0001661103146908,53.36374312302717,3627.3867477618496,6734.375,2.43133463604817,11.518349435375002,0.0459980192771979,0.2642352775294302,0.3057545789367369,0.3768314579587749
M05||373||witch,943,M05,373,witch,1,3.885,0.0387054036829746,0.0002000033855438,0.0001636274523053,47.47830865824803,3524.595808280363,6531.25,3.16035839544758,13.339461568785374,0.0759611136923979,0.2614108621057834,0.260772427571897,0.3940175885565189
M05||376||slicker,944,M05,376,slicker,0,3.155,0.0478991925086553,0.0002000033855438,0.0001627360527211,49.37688828826484,3759.244453352011,7000.0,2.706192571117106,12.200896706669438,0.0490077904026459,0.2393420140917218,0.2897572822646581,0.4132051691859502
M05||377||zulu,945,M05,377,zulu,0,0.3150625,0.0017520721707189,0.0002000001259148,0.0001661397410009,20.46156924804903,4004.341471800254,7531.25,3.954722138842437,18.52441009401477,0.0465018794022798,0.2631221110839836,0.2289193481592858,0.4557379007523739
M05||378||knot,946,M05,378,knot,0,2.335,0.0043545481629244,0.0002000001259148,0.0001611886796063,28.632171212753352,4075.5775369157054,7578.125,4.069431852025487,18.802834348282147,0.0447805111112598,0.2653554851765978,0.2203164925689058,0.4629881178613284
M05||379||knot,947,M05,379,knot,0,2.475,0.049499491133425,0.0002000033855438,0.0001642325771373,49.58282852841093,4140.320112527779,7328.125,3.2684861640568275,14.332462773464131,0.0415743831187547,0.201986043555167,0.2723020514215006,0.4785127479670469
M05||388||ticker,948,M05,388,ticker,0,2.98,0.0412673660772916,0.0002000033855438,0.0001627342789461,48.0825541322162,3309.945721790951,6062.5,3.1131128300926263,12.670019097905165,0.0671455414121839,0.2912961713062292,0.2660792415513102,0.3663968995700645
M05||392||glitter,949,M05,392,glitter,0,3.65,0.0536608480203338,0.0002000033855438,0.0001604209545861,50.48792870813453,3561.4827369879617,6859.375,2.721490453149409,12.611853184662928,0.0399478931228532,0.2734820301019136,0.3171409791106034,0.3621114023057846
