sample_id,speaker,utt_id,target_word,epsilon,steps,duration_sec,original_rms,perturbation_linf,perturbation_rms,snr_db,perturbation_spectral_centroid_hz,perturbation_spectral_rolloff85_hz,mean_absolute_log_spectral_change_db,p95_absolute_log_spectral_change_db,energy_fraction_0-0.5k,energy_fraction_0.5-2k,energy_fraction_2-4k,energy_fraction_4-8k
F03||test||100||no,F03,100,no,0.0002,3,1.6500625,0.0800217784561599,0.0002000033855438,0.0001172970098745,56.6784251587048,4455.35073506705,7312.5,0.9095366379136628,3.179222415043283,0.0246778416543389,0.1866212294525696,0.2428747171243123,0.5408043650550376
F03||test||100||sew,F03,100,sew,0.0002,3,1.57,0.024569942068817,0.0002000033855438,0.0001154455462448,46.5605389899881,4123.8741995222745,7015.625,1.878614753080716,9.224004737828352,0.0278004531230509,0.1737438460048385,0.3125768634936537,0.4807282112055951
F03||test||102||mike,F03,102,mike,0.0002,3,2.415,0.0509592914511624,0.0002000033855438,0.0001194613707636,52.59991774159359,4424.785061942894,7281.25,0.8928947895444213,3.045534608808849,0.0246566248605292,0.1830654735776262,0.2450217886358563,0.5419643240581896
F03||test||103||city,F03,103,city,0.0002,3,1.5150625,0.0977747784470397,0.0002000033855438,0.0001231401646966,57.99654220843657,4400.026599189514,7265.625,0.8563662365040996,2.8244811128449285,0.020602148084838,0.1828709114608294,0.2651039275799902,0.5262461191876572
F03||test||104||beat,F03,104,beat,0.0002,3,0.8511875,0.0217770439796899,0.0002000033855438,0.0001229835432585,44.96303853850377,4331.84276830129,7203.125,1.9957299542371971,7.418904340203588,0.0220788826730683,0.1742758407763172,0.2829634866429866,0.5168929565836936
F03||test||104||rock,F03,104,rock,0.0002,3,1.6400625,0.0360888574728053,0.0002000033855438,0.0001147152206412,49.95504176593411,5074.9096922467015,7453.125,2.162694788718124,12.603995570820931,0.0229538342347555,0.1000542018186521,0.2070598183683821,0.6660757985737085
F03||test||104||sitting,F03,104,sitting,0.0002,3,2.54,0.0849262150201487,0.0002000033855438,0.0001194696175033,57.03568591383018,4260.772621465851,7218.75,0.7874109558410686,2.441942363053167,0.0240026890526908,0.1917918540247358,0.2812921352124435,0.4976560681847058
F03||test||105||witty,F03,105,witty,0.0002,3,2.73,0.0847390805005717,0.0002000033855438,0.0001169132233704,57.20440225472274,4485.74955274879,7281.25,0.8066710888927877,2.599349629341032,0.0247026455618642,0.1898470106650164,0.2238816094234329,0.5554068769228934
F03||test||106||beat,F03,106,beat,0.0002,3,0.641875,0.0247148405626383,0.0002000033855438,0.0001143023411402,46.69805374867199,4657.157873423572,7375.0,1.8483459050277484,6.969512717825099,0.0251286481666242,0.1414579714976876,0.2418472729435155,0.58727457537346
F03||test||106||sign,F03,106,sign,0.0002,3,2.92,0.0599164519754301,0.0002000033855438,0.0001557817997375,51.70058742548324,4330.952529851642,7328.125,0.886092202023265,3.041511353487621,0.0213943809790462,0.2041388458317347,0.2672092648527622,0.5010476745681318
F03||test||106||zulu,F03,106,zulu,0.0002,3,1.69,0.0488837954010764,0.0002000033855438,0.0001205838683665,52.15751411357852,4347.7676466670455,7218.75,2.0178458267294617,10.26412746923778,0.0241168987520578,0.174930864127172,0.2763518832589781,0.5193202060660443
F03||test||108||best,F03,108,best,0.0002,3,1.635,0.0399802346426892,0.0002000033855438,0.0001223176944664,50.28712104138077,4384.5960946420055,7281.25,1.9228608487412155,9.910107677624808,0.0332276597956248,0.1727259579357585,0.2618022425971479,0.5256612347593843
F03||test||108||kitten,F03,108,kitten,0.0002,3,3.59,0.0769994749822858,0.0002000033855438,0.0001318701764105,55.32682353587673,4415.742497287072,7312.5,0.8066848061347962,2.4820702787031546,0.022456846242262,0.1866689204532983,0.2480676044228462,0.5352750297921955
F03||test||109||farm,F03,109,farm,0.0002,3,1.172125,0.0172141906291649,0.0002000033855438,0.0001149310434939,43.50898516402363,4930.537369391628,7453.125,1.915615076607739,7.576745948056608,0.0243881255979107,0.1017651052102849,0.2382290217353796,0.6318981465732676
F03||test||109||hark,F03,109,hark,0.0002,3,2.71,0.0580204079471279,0.0002000033855438,0.0001463035254087,51.96651973596474,4475.249534718518,7328.125,0.8923091079432427,3.0880952991513126,0.0206928100084146,0.1820845817475029,0.2472660672847819,0.5438908976647304
F03||test||10||form,F03,10,form,0.0002,3,1.4930625,0.0203991032743758,0.0002000033855438,0.0001206560828331,44.56123710132408,4911.4148217911,7437.5,2.1308635865255723,8.23934772061526,0.0208891894139254,0.1181745036155261,0.233005290713531,0.6229717569100585
F03||test||110||brawn,F03,110,brawn,0.0002,3,5.945,0.0721574931687934,0.0002000033855438,0.0001292625175634,54.936176535591066,4622.660405161199,7375.0,0.8345200836284964,2.682441404091945,0.0211360630607599,0.1710449908542241,0.2297336269156041,0.5722590143460358
F03||test||110||up,F03,110,up,0.0002,3,0.5860625,0.0302438295185971,0.0002000033855438,0.0001115067171338,48.66671502742783,5474.812811967556,7656.25,1.895356400621164,7.678674584077176,0.0235979726157074,0.0922981850665432,0.1431341247638765,0.7378442386981724
F03||test||111||shred,F03,111,shred,0.0002,3,1.38,0.0294478623872719,0.0002000033855438,0.0001292864819195,47.150013142727154,4456.504726041626,7265.625,2.1069536462573453,10.946686735592252,0.0262095898208011,0.177299462154267,0.2421229704880838,0.5497342079842322
F03||test||111||warm,F03,111,warm,0.0002,3,1.4511875,0.0225457803720726,0.0002000033855438,0.0001129103781406,46.00662820337195,5131.6758536187535,7546.875,2.060054405268857,7.909160974359537,0.0215138350062081,0.0955589749188464,0.2113317157613031,0.6680238691080984
F03||test||112||cash,F03,112,cash,0.0002,3,1.73,0.0234158383413268,0.0002000033855438,0.0001121060465455,46.39761347672548,4623.657835849152,7312.5,1.989729056230876,10.416683198464534,0.0300146731707741,0.1506384467314864,0.2282831171319301,0.586566855025391
F03||test||112||league,F03,112,league,0.0002,3,2.2550625,0.1906666766808883,0.0002000033855438,0.0001266932225488,63.55042827904803,4428.841264203623,7281.25,0.3944975424292239,0.5770382397800512,0.0274643100384411,0.1880488874623223,0.2329784056631645,0.5459012844860175
F03||test||112||left,F03,112,left,0.0002,3,1.102375,0.0234180482517983,0.0002000033855438,0.0001183794317642,45.925488910703045,4905.919262830936,7453.125,1.686980417018152,7.061475218210686,0.0233213161657012,0.1153996834457223,0.2277166931231524,0.6293323334386054
F03||test||113||five,F03,113,five,0.0002,3,1.865,0.1821565527138792,0.0002000033855438,0.0001196172964883,63.65301632354456,4492.462141938472,7343.75,0.402199703419459,0.5617722673780478,0.0255557006788199,0.1869805682625454,0.2284451829113511,0.5532231848678855
F03||test||114||eight,F03,114,eight,0.0002,3,1.635,0.1198085242843484,0.0002000033855438,0.0001128922247003,60.51647374725028,4563.2342085898445,7312.5,0.7251460216584433,2.203522114023021,0.0245984498101639,0.1707895963653802,0.2291226432125443,0.5702737864730185
F03||test||114||goat,F03,114,goat,0.0002,3,1.68,0.0329803548754269,0.0002000033855438,0.0001098520851554,49.548940390877696,4707.10910640529,7453.125,2.144445354358071,11.834211131568862,0.0261856379012202,0.1368451944581966,0.2363734315960345,0.5941450349914695
F03||test||114||knew,F03,114,knew,0.0002,3,1.248375,0.0228305290463173,0.0002000033855438,0.0001173167768949,45.78311705068592,4877.14423077328,7484.375,1.908212256362889,7.333757213694032,0.022284596950093,0.1217678244012272,0.2305136069638542,0.621235054967712
F03||test||115||liar,F03,115,liar,0.0002,3,1.735,0.1557593528960484,0.0002000033855438,0.0001078821205604,63.19009319517721,4910.377329701318,7437.5,0.7862531637929078,2.507476905410285,0.0246420724442104,0.1270453394129335,0.2075019607668435,0.6361634261937721
F03||test||115||rip,F03,115,rip,0.0002,3,1.595,0.0337949094548287,0.0002000033855438,0.0001050850104076,50.146210312314736,4643.882980511101,7312.5,1.998908596905779,10.819051419490808,0.0278992031775435,0.1462721484283377,0.2298219680891026,0.5912257884538984
F03||test||116||lair,F03,116,lair,0.0002,3,1.4050625,0.1411641812757641,0.0002000033855438,0.0001554299389543,59.16379674445161,4646.262085679866,7437.5,0.9631472242857146,3.374759205241916,0.017104213347103,0.1498228214245671,0.271440323365364,0.5567267374590877
F03||test||119||sigh,F03,119,sigh,0.0002,3,1.77,0.0755736597999259,0.0002000033855438,8.485450030628895e-05,58.9939114791169,4464.097010725502,7328.125,0.7145337655885154,2.233223767489477,0.0340660127518952,0.1718993516966308,0.239450814583271,0.5481104961946421
F03||test||120||meat,F03,120,meat,0.0002,3,1.0021875,0.0190037187432821,0.0002000033855438,0.0001173958703206,44.18371548721293,4751.082603987612,7421.875,1.924582024249704,7.629432098129292,0.0226130707075696,0.1449595780030034,0.2324453641886942,0.5957698253284603
F03||test||123||spit,F03,123,spit,0.0002,3,5.12,0.063888433034302,0.0002000033855438,0.0001002898252928,56.08330723471659,4103.948191786659,7125.0,0.7921155671160088,2.529010914926644,0.031398443515096,0.2157665357573608,0.2675699382051179,0.4792836803523987
F03||test||124||bitten,F03,124,bitten,0.0002,3,1.3400625,0.0290696476285098,0.0002000033855438,0.0001066045157319,48.7132833159061,4406.829179399142,7234.375,1.9066220270700047,10.040258965314717,0.030321987847826,0.1535067608996708,0.2773869727701458,0.5341157375645599
F03||test||124||feed,F03,124,feed,0.0002,3,1.265875,0.0292327990777054,0.0002000033855438,0.0001171118072624,47.94539437125431,4914.408059588418,7468.75,1.7479936864152303,7.285194461030642,0.0236534197837209,0.1277802115253138,0.2106641678069076,0.6343224453233504
F03||test||125||bitten,F03,125,bitten,0.0002,3,2.065,0.0290072969723427,0.0002000033855438,0.000119617395113,47.69425841182733,4466.177584894925,7218.75,2.226903050185617,11.48601632787238,0.0248168580924032,0.1733726316565509,0.2424250046017104,0.5547388775282973
F03||test||126||in,F03,126,in,0.0002,3,1.165,0.0410614742755556,0.0002000033855438,0.0001164079267213,50.94903967902755,4656.865796400284,7281.25,2.172764383674886,11.593826961783376,0.0231920197917234,0.1433758845937326,0.2387721487977476,0.5899269350226787
F03||test||126||nine,F03,126,nine,0.0002,3,1.385,0.1908079013042812,0.0002000033855438,0.0001175258356412,64.2092601386743,4581.634190660226,7328.125,0.9412315847712568,3.29468056487048,0.0218804251597552,0.1519792592073659,0.2694903458068967,0.5507469026991777
F03||test||127||side,F03,127,side,0.0002,3,1.935,0.1198300240391114,0.0002000033855438,0.0001197270145498,60.00746986284379,4178.83513143156,7093.75,0.848452861289462,2.6735857863887027,0.0278585856432189,0.1883180489532691,0.2955161489897266,0.4814620571951681
F03||test||127||storm,F03,127,storm,0.0002,3,1.3010625,0.0175293344013202,0.0002000033855438,0.0001199874376412,43.29259294051763,4505.548964913522,7312.5,1.9184824887939047,7.476489852892273,0.0282561522160398,0.1557797343122697,0.2564290685345601,0.5542420335394188
F03||test||128||six,F03,128,six,0.0002,3,1.475,0.0897610927006331,0.0002000033855438,0.0001198234301256,57.49092766069778,4114.813515267978,7171.875,0.780621342191975,2.505030445189384,0.0371658572416403,0.231530520529421,0.2389900182371539,0.4860414557401125
F03||test||129||bad,F03,129,bad,0.0002,3,1.1076875,0.0125647909020203,0.0002000033855438,0.0001199042472965,40.406413970332586,5148.7887746914985,7531.25,2.0844980885270403,8.275713474174813,0.0192555308216213,0.1100279645705887,0.195529254095932,0.6715277652643286
F03||test||129||sink,F03,129,sink,0.0002,3,1.35,0.022375578924543,0.0002000033855438,0.0001206020439715,45.368392246778924,4202.350005678909,7171.875,1.8283312869731627,9.402409594634822,0.0359104912064034,0.2028158550686755,0.2543044236008751,0.5009541804030985
F03||test||12||write,F03,12,write,0.0002,3,1.735,0.0250021757845786,0.0002000033855438,0.0001185568433186,46.48102353928788,4902.920953880726,7437.5,2.261681798814352,12.62456279823619,0.0254501134014113,0.122395805203737,0.217843724645308,0.6302486447940204
F03||test||130||gnaw,F03,130,gnaw,0.0002,3,1.512125,0.0183601438148914,0.0002000033855438,0.0001140775698229,44.13351635614241,4754.105232348768,7437.5,2.0817684391835742,7.850858760712322,0.0226168943047364,0.1240645968830782,0.2519588937695654,0.5969033690170051
F03||test||131||pat,F03,131,pat,0.0002,3,0.9670625,0.0166464802526803,0.0002000033855438,0.0001120435726656,43.43870942921593,5192.178046905697,7546.875,1.9185554254637451,7.533620301039637,0.0216880415259662,0.1042288312767025,0.185381204070631,0.6855229809397392
F03||test||132||meats,F03,132,meats,0.0002,3,1.365,0.0344107149604213,0.0002000033855438,0.0001041117853321,50.38387604489444,4364.482429565427,7281.25,1.873054964683279,9.799303539219496,0.0307072663866588,0.1822780325659443,0.2539278635270953,0.5284356918846419
F03||test||132||pile,F03,132,pile,0.0002,3,1.1604375,0.020618204669047,0.0002000033855438,0.0001186457561875,44.79997275464723,5279.343504825985,7562.5,1.99689897911768,8.026592084445223,0.0199706043131809,0.1003877010343011,0.1725433459274779,0.7035014877240361
F03||test||134||mitten,F03,134,mitten,0.0002,3,2.465,0.0895830416262559,0.0002000033855438,0.0001116312099067,58.0888034437572,4229.318072688363,7218.75,0.9011853065242992,3.0151476328010904,0.025775183651913,0.2070534368763179,0.2680301478576578,0.4928224648590771
F03||test||134||shear,F03,134,shear,0.0002,3,1.1076875,0.019184497379688,0.0002000033855438,0.0001115665791396,44.70832617103496,4403.85031767373,7437.5,1.6277403051788848,7.053863513744414,0.0367579320021286,0.2016678818693948,0.2188971508728151,0.537745193195178
F03||test||136||of,F03,136,of,0.0002,3,0.6505625,0.0273253347895167,0.0002000033855438,0.0001062374542684,48.20575672646655,5301.064084638897,7546.875,1.7264687009301452,7.224250187627591,0.0235622606582778,0.0924514846145844,0.1671475856442874,0.7135145122995125
F03||test||137||suit,F03,137,suit,0.0002,3,0.9494375,0.0213134585630545,0.0002000033855438,0.0001190357737591,45.059528593361584,4373.973998903643,7312.5,1.762782086238549,7.069693395926624,0.0260552329277252,0.2039583199471638,0.2391710140955074,0.5265034171442584
F03||test||138||hitting,F03,138,hitting,0.0002,3,1.265,0.1148071890908022,0.0002000033855438,0.0001414830942626,58.18529069141452,4552.211525326715,7343.75,1.0668434624185394,4.223716365700743,0.0205431564054438,0.1596981258246779,0.2693155626030841,0.5459724879108733
F03||test||138||slicker,F03,138,slicker,0.0002,3,1.64,0.038741776780871,0.0002000033855438,0.0001130628774362,50.69719001019042,4609.127452092485,7359.375,1.8829016794246696,9.93905936047693,0.0328552131160738,0.1490034477571488,0.2375124791948116,0.576934845338886
F03||test||138||we're,F03,138,we're,0.0002,3,1.1076875,0.0251454217213751,0.0002000033855438,0.000112283475666,47.00286152422216,5023.523202646432,7468.75,2.060524909777166,7.811403641898929,0.0211513736529091,0.0999031617158212,0.2196203730413859,0.6552336530051699
F03||test||13||geese,F03,13,geese,0.0002,3,2.32,0.015262543373451,0.0002000033855438,0.0001175051873289,42.27139743902552,4431.004640763986,7421.875,2.0055002161627358,10.052382052969868,0.0251838977869131,0.1967214124951314,0.2397137840198982,0.5338713207728097
F03||test||13||knew,F03,13,knew,0.0002,3,1.1596875,0.0371652668124707,0.0002000033855438,0.0001089048250061,50.661802669490726,4694.779231158876,7359.375,2.0359699685468104,8.317003972065116,0.0255748490186925,0.1195580706015509,0.2550176600358672,0.5952759699203296
F03||test||13||no,F03,13,no,0.0002,3,2.0,0.0776625598979768,0.0002000033855438,0.0001263901967716,55.76996623185985,4341.589921243098,7234.375,1.005368691127481,3.632471380827643,0.02138779612589,0.2009456956978155,0.2579061775236555,0.5148709871480098
F03||test||140||hitting,F03,140,hitting,0.0002,3,1.74,0.1501188114560624,0.0002000033855438,0.0001584187635508,59.5325699593391,4740.064427810525,7375.0,1.1104665419784925,4.360759981295668,0.018874759600582,0.1552655009529624,0.2396583792190382,0.5817838545095955
F03||test||141||whisky,F03,141,whisky,0.0002,3,1.935,0.0325473122487143,0.0002000033855438,0.000130824904578,47.916494075606415,4206.08886200574,7203.125,2.0598198971603274,10.407345756498328,0.0278693617671275,0.198560596780523,0.2680138714687253,0.4992115936095422
F03||test||142||fork,F03,142,fork,0.0002,3,1.415,0.0598327910167643,0.0002000033855438,0.0001171445540351,54.16434316911228,4746.504308906292,7359.375,2.135627463219113,11.483981077087597,0.0242572625398769,0.1312211248372078,0.2314638148186856,0.6087479368849816
F03||test||143||ate,F03,143,ate,0.0002,3,0.8966875,0.0194978049908335,0.0002000033855438,0.0001083189819061,45.10562306053424,4888.125346634079,7546.875,1.7829525771976795,7.327948606410453,0.024544221099338,0.1384532701651633,0.2122613413547325,0.6207935479084882
F03||test||143||victor,F03,143,victor,0.0002,3,1.69,0.028266495250357,0.0002000033855438,0.000114440639776,47.85383373618523,4680.937902241171,7328.125,2.077852361519549,11.196075882994483,0.0235124557944407,0.1373848849585836,0.2380593646702461,0.5963484115727333
F03||test||144||bill,F03,144,bill,0.0002,3,1.58,0.0385779758352558,0.0002000033855438,0.0001147063933634,50.53503623943806,4902.866975375252,7375.0,2.1674563642090474,11.585805682078991,0.0215626214508723,0.1174089197701097,0.2169053059412297,0.639596179066816
F03||test||145||left,F03,145,left,0.0002,3,1.42,0.0236696895680109,0.0002000033855438,0.0001103133106588,46.63129287087108,4973.646275554009,7562.5,2.15805583606636,12.148582587793925,0.0262020269046431,0.1270118525935015,0.1972608569739559,0.645126502483112
F03||test||146||foxtrot,F03,146,foxtrot,0.0002,3,4.71,0.0769803033172276,0.0002000033855438,0.0001212696346676,56.05255097466635,4266.154473566893,7171.875,0.8246501384821211,2.825810228245036,0.0314938582066807,0.1836406603389725,0.2714465350953437,0.5071959945078311
F03||test||146||sigh,F03,146,sigh,0.0002,3,0.826375,0.0191098544485705,0.0002000033855438,0.0001137040432444,44.50962942068139,4701.564262893406,7453.125,1.6340162430735043,7.062607455649037,0.0260098140688885,0.1359147622986715,0.2617421533578559,0.571268629648975
F03||test||147||troop,F03,147,troop,0.0002,3,0.544625,0.0408696053282848,0.0002000033855438,0.0001171975928661,50.84963504123103,4629.6843738766775,7328.125,1.6609979498990488,7.072923271702493,0.0382195831770784,0.1595645200777406,0.1805798881585593,0.6165436686240717
F03||test||147||up,F03,147,up,0.0002,3,1.3350625,0.0303289173990079,0.0002000033855438,0.0001163012778765,48.32544843345053,4813.614768877663,7468.75,2.33219703005336,12.79997723215479,0.0212127753834435,0.1376552975293474,0.2358192305547747,0.6011717561066814
F03||test||148||knitting,F03,148,knitting,0.0002,3,1.66,0.1353459762251119,0.0002000033855438,0.0001129911098099,61.56802149143603,4813.552153431297,7500.0,0.9204788399345516,3.3795526518137526,0.0237301017172139,0.1617637110330131,0.2015081486938825,0.607876948717337
F03||test||148||shoot,F03,148,shoot,0.0002,3,0.8950625,0.0354529998784774,0.0002000033855438,0.0001093266817117,50.21853645204946,4954.891891065639,7546.875,2.094941410874372,11.517104640054889,0.0244642774055265,0.137895207595964,0.1961497211275903,0.6379377412187468
F03||test||149||shoot,F03,149,shoot,0.0002,3,2.1000625,0.0290627358898679,0.0002000033855438,0.0001076778185117,48.624204936193365,4240.057172119646,7078.125,1.930370505008361,9.524248446832267,0.026371690390878,0.1807718110737428,0.2759063617260062,0.5116159292462099
F03||test||14||sip,F03,14,sip,0.0002,3,2.4585,0.0104711503960757,0.0002000033855438,0.000111162634114,39.48071136155412,3574.6641598996225,6562.5,1.5703804543662134,6.05027600675428,0.0444644551492025,0.2490589498151006,0.3189360124579422,0.3805824811701182
F03||test||150||vat,F03,150,vat,0.0002,3,1.645,0.0601201530818498,0.0002000033855438,0.0001333635961213,53.0796556021557,4746.221656352643,7546.875,1.0819825816232511,3.9504304571399262,0.0205524136830136,0.1732843559234789,0.2298732677142166,0.5719912303670398
F03||test||154||nut,F03,154,nut,0.0002,3,2.205,0.0247717678150388,0.0002000033855438,0.0001101958492188,47.03583529219193,4504.376021931835,7281.25,2.1679227694639533,11.685859929478212,0.0243375091795653,0.1389668355732651,0.2800581824013753,0.5517777955981142
F03||test||154||shoot,F03,154,shoot,0.0002,3,1.2550625,0.0114718850756239,0.0002000033855438,0.0001111234757014,40.27657941775879,4587.049623558992,7437.5,1.872154247668251,7.339098310991591,0.0346239917723192,0.1619435057837736,0.2192931386730508,0.5794308429799413
F03||test||154||witch,F03,154,witch,0.0002,3,1.375,0.0676618511702612,0.0002000033855438,0.0001295149693963,54.360478165524384,4143.095943012358,7187.5,0.8372588197402927,2.831090953904674,0.0306612374510761,0.2343458780878953,0.2432140972353819,0.4863475406598523
F03||test||155||fork,F03,155,fork,0.0002,3,2.07,0.0159126732750109,0.0002000033855438,0.0001135859734419,42.92836882894086,4620.389435240401,7281.25,2.260571206980425,11.63968973606677,0.0227302051498367,0.1414078038833289,0.252804416826488,0.5778947108298541
F03||test||155||prior,F03,155,prior,0.0002,3,1.2314375,0.0221473505295627,0.0002000033855438,0.000116017664599,45.61595320703498,5456.648953859922,7593.75,1.9878895017468816,8.166010861652104,0.0195913266626895,0.0888216115936826,0.1494568441751246,0.7393412266241647
F03||test||156||witch,F03,156,witch,0.0002,3,1.1840625,0.0162669520409288,0.0002000033855438,0.0001171462061435,42.85155916022569,4515.970128196314,7328.125,1.9670517104804583,7.645571574143686,0.0290258805212442,0.1742713550320156,0.230132682199965,0.5604127980557594
F03||test||157||pretty,F03,157,pretty,0.0002,3,1.785,0.0698286105689988,0.0002000033855438,0.0001278956637264,54.74355161159132,4483.727349754976,7328.125,0.9442870339700976,3.227756403396938,0.0214567775716258,0.1921869566513085,0.2381492754333917,0.5421464724667072
F03||test||158||brought,F03,158,brought,0.0002,3,1.905,0.025405214257318,0.0002000033855438,0.0001183438201986,46.6355455502428,4929.793105920686,7468.75,2.3472112638563982,12.906311167841364,0.0221897395696215,0.106804056090678,0.2397152248178281,0.6274854821408861
F03||test||159||chip,F03,159,chip,0.0002,3,1.335,0.0151871655703994,0.0002000033855438,0.0001164890833509,42.30382999638236,4081.188039597551,7125.0,2.0466077280829817,10.381949501015308,0.0300895368733347,0.221591370461136,0.25411364903273,0.4855938746156472
F03||test||15||deer,F03,15,deer,0.0002,3,1.94,0.0740188460350649,0.0002000033855438,0.00012986902513,55.11673459218567,4461.56161840328,7296.875,0.9751749334195116,3.608982857733159,0.0251959318898895,0.1896781202505924,0.2305912873271363,0.5495802403978274
F03||test||160||coupe,F03,160,coupe,0.0002,3,0.899875,0.0174344648760091,0.0002000033855438,0.0001159555724626,43.542339952116585,5176.501506662424,7562.5,1.9624458819634247,7.67234391184305,0.0195577633671585,0.0993170732151395,0.1963893808444739,0.6815181302313423
F03||test||160||yankee,F03,160,yankee,0.0002,3,1.215,0.0399171828108915,0.0002000033855438,0.0001078620492826,51.36582431513703,4943.102843460916,7484.375,1.7768013943654757,9.78601058466459,0.0255519232098013,0.1380033202802772,0.1897060550129801,0.6425884572372987
F03||test||161||mut,F03,161,mut,0.0002,3,1.113,0.0185758229096962,0.0002000033855438,0.0001102150180794,44.53414571787944,5150.504640076997,7515.625,1.927065673122302,7.656963660250631,0.0229376374259267,0.0953563926478448,0.2053270936725497,0.6725526445697374
F03||test||161||sip,F03,161,sip,0.0002,3,1.315,0.0218501829168959,0.0002000033855438,0.0001196672378792,45.22959620161149,4417.889850168039,7296.875,2.1466296982386788,11.207034901960313,0.0238210321570589,0.1743475548452778,0.2687578812864717,0.5276915955892374
F03||test||162||fate,F03,162,fate,0.0002,3,0.7104375,0.0279089019622688,0.0002000033855438,0.0001188639219268,47.413853887040254,5095.506881260072,7531.25,1.7054640085491029,7.250277945316806,0.0261771635619323,0.113748054605152,0.1904310807790141,0.6654062433485552
F03||test||163||knot,F03,163,knot,0.0002,3,1.305,0.0296723349364541,0.0002000033855438,0.0001105966116078,48.57219802145256,4961.709544759634,7531.25,2.194210994824376,12.507177921543413,0.0220195292119085,0.1222400631913689,0.2181047097917843,0.6334710535048069
F03||test||165||dart,F03,165,dart,0.0002,3,1.445,0.0432884893147468,0.0002000033855438,0.000125152874293,50.77863203711481,5014.1192797779295,7484.375,2.3399772602645705,13.068515517570354,0.021130872350038,0.1222864855934419,0.2003677804677881,0.6519922914394071
F03||test||166||fed,F03,166,fed,0.0002,3,1.405,0.0290570434290163,0.0002000033855438,0.0001222887830007,47.51729599017538,4630.452970576626,7312.5,2.100231123604683,11.483231477139412,0.0269082822336299,0.1492863028954948,0.2415603357790079,0.5776368671587293
F03||test||167||sin,F03,167,sin,0.0002,3,1.385,0.0350895206452625,0.0002000033855438,0.0001081738457811,50.22110330881732,4228.392779528395,7171.875,1.8755676217841124,9.391033262321196,0.0269620781914111,0.1820631835045884,0.2881115495025313,0.4977172585092395
F03||test||169||toot,F03,169,toot,0.0002,3,0.663125,0.0190204225696977,0.0002000033855438,0.0001090596876664,44.83111823364106,4703.88582531163,7437.5,1.5587077603183974,6.622126207735811,0.0254102455811097,0.1502502585393943,0.2243710986215599,0.5964807489667212
F03||test||16||sierra,F03,16,sierra,0.0002,3,2.5200625,0.0329945095101863,0.0002000033855438,0.0001097970273351,49.55702189012171,4552.802856519183,7312.5,2.033619430048433,10.542184046680823,0.0255795577871394,0.1608262314013498,0.2398464703049822,0.5686446858624389
F03||test||16||swarm,F03,16,swarm,0.0002,3,2.736875,0.0198367206277434,0.0002000033855438,0.0001256094719904,43.96894973837101,4304.132559465006,7109.375,2.356843660819417,8.971499087835346,0.0259040333612294,0.149557481700083,0.2975415016323403,0.522056210996087
F03||test||16||white,F03,16,white,0.0002,3,1.73,0.0999406829230044,0.0002000033855438,0.0001336992355379,57.47226777405202,4711.99947603983,7437.5,1.0706644299972947,4.006127896382599,0.0218758061105423,0.1621024226780065,0.2317109360115569,0.5786167283338802
F03||test||170||leak,F03,170,leak,0.0002,3,1.2400625,0.0172376826057464,0.0002000033855438,0.0001037541334916,44.40946944300077,4384.814584818622,7312.5,1.83655944310275,9.248317353001111,0.0273976283366359,0.1724858487375443,0.2634095163971641,0.5316479742817009
F03||test||171||hill,F03,171,hill,0.0002,3,1.5250625,0.0257497059430589,0.0002000033855438,0.000112217431701,47.21423897951506,4804.967931341936,7421.875,2.180085393284336,11.920554224445572,0.0263706124138519,0.1345598670812744,0.2116996091519976,0.622949600701882
F03||test||171||write,F03,171,write,0.0002,3,1.127625,0.0253743759524548,0.0002000033855438,0.0001211949052409,46.41822013448643,5138.0231712221575,7546.875,2.0342253116760443,8.257171734566136,0.0234720582613151,0.1051568018514544,0.1981942623520763,0.6700880928374521
F03||test||172||mere,F03,172,mere,0.0002,3,1.5035,0.0198388046265339,0.0002000033855438,0.0001102244699094,45.104749631887735,4916.947523474053,7531.25,1.9661028304509316,7.693368660559575,0.0227894121355264,0.126837255331914,0.2203825984600273,0.6264087180369536
F03||test||173||red,F03,173,red,0.0002,3,1.45,0.0378728414132803,0.0002000033855438,0.0001178805180183,50.13771707327923,4703.712638537508,7328.125,1.9143933936470896,9.803321126115415,0.0235158431349855,0.1308517277534211,0.2432805721551474,0.5977987455533207
F03||test||173||whoop,F03,173,whoop,0.0002,3,0.717625,0.0232202607211402,0.0002000033855438,0.0001084946640779,46.6091742455042,4941.169404007308,7484.375,2.049060131591394,7.787155072046481,0.0219179655850845,0.1151987354135455,0.2130708021676427,0.6461423097238749
F03||test||177||error,F03,177,error,0.0002,3,1.571875,0.0223031963877872,0.0002000033855438,0.0001147731625578,45.77053519592501,5103.544133304345,7515.625,2.069250446777668,7.925673021232406,0.0240707991259258,0.1048806740954257,0.1905514543658247,0.6773305338657544
F03||test||17||sierra,F03,17,sierra,0.0002,3,2.09,0.0280602239837599,0.0002000033855438,0.0001105301974413,48.092203750906975,4625.308506325709,7484.375,2.080869734967858,11.62670114752273,0.0270734879864868,0.1593775432497623,0.241783390279281,0.5679903329602104
F03||test||180||catch,F03,180,catch,0.0002,3,1.355,0.0275988918674152,0.0002000033855438,0.000111090661615,47.90428183267581,4305.412036782365,7140.625,1.7622395425543944,8.815494313521906,0.030273928277102,0.1834433554117491,0.2473385524081907,0.5333002733932987
F03||test||180||pad,F03,180,pad,0.0002,3,0.95675,0.0150164788491594,0.0002000033855438,0.0001152384605019,42.29941321838776,5192.632290330782,7546.875,1.9450067176602008,7.909714149497373,0.0204116564740957,0.0969281128599493,0.2020483873316939,0.6772052570101024
F03||test||181||sleep,F03,181,sleep,0.0002,3,1.3668125,0.0096116775044925,0.0002000033855438,0.0001116163811709,38.70142506043423,4398.993772952085,7234.375,1.85633835666379,7.0524762130057965,0.0280706699018881,0.1577313801212151,0.2741189109949845,0.5352835494087734
F03||test||183||cycle,F03,183,cycle,0.0002,3,0.820125,0.023852780611989,0.0002000033855438,0.0001137739751643,46.4299216301898,4915.970252588094,7515.625,1.499157475777925,6.658928067894422,0.0274472481764556,0.1178271735440039,0.2302735563580688,0.6206053620637161
F03||test||187||hear,F03,187,hear,0.0002,3,0.95675,0.0314049769274491,0.0002000033855438,0.0001140737421882,48.79625579730523,4735.28904609152,7421.875,1.6066023535802945,6.939478721310304,0.0234387949585881,0.1359525538948737,0.2348814646385053,0.6013533416681862
F03||test||189||galore,F03,189,galore,0.0002,3,1.2985,0.030937140889064,0.0002000033855438,0.0001159582049378,48.52357382746015,5205.119405635337,7515.625,1.986635713006464,8.00980608123015,0.0214399072113916,0.0932943613388357,0.1860068911755152,0.695212517932017
F03||test||192||knew,F03,192,knew,0.0002,3,1.1959375,0.019391255869879,0.0002000033855438,0.0001136963158692,44.637190892066336,4957.574017905558,7437.5,2.04020570272286,7.811664897482395,0.0223529507980726,0.1053334118415041,0.2260035534878047,0.6424921166274074
F03||test||193||sigh,F03,193,sigh,0.0002,3,1.4351875,0.0182095879109336,0.0002000033855438,0.0001071678668444,44.604710628509935,4576.398205783432,7406.25,1.690646291462743,6.908834746602852,0.030346798494374,0.1490399085553181,0.251690980083447,0.5629777324484662
F03||test||195||foe,F03,195,foe,0.0002,3,1.58,0.0320523714090591,0.0002000033855438,0.0001178750497716,48.68876554786247,4754.196233500874,7375.0,2.259453584823648,12.132638320131711,0.0215604254643594,0.1351704736671489,0.2346670790764956,0.6039991820411338
F03||test||19||floor,F03,19,floor,0.0002,3,1.9650625,0.0783729116403095,0.0002000033855438,0.0001304031085796,55.577560745111896,4528.408734235994,7328.125,1.0294200566623375,3.7518538178868814,0.0242007276568579,0.1706106831599649,0.2466979656814463,0.5525416937268852
F03||test||19||muck,F03,19,muck,0.0002,3,2.235,0.0165832519322375,0.0002000033855438,0.0001182564815593,42.93689490240616,4488.3582091564,7421.875,2.302251724212407,12.37935496516643,0.0220844941356914,0.1690120715261025,0.2631513986754327,0.5403093572305349
F03||test||1||fear,F03,1,fear,0.0002,3,3.45,0.0796849265761819,0.0002000033855438,0.0001219404012815,56.30457113880369,4845.084016583391,7421.875,1.019235127930212,3.92532596008736,0.0232259665573348,0.1540412422894634,0.2005791775296662,0.6181633523592823
F03||test||200||no,F03,200,no,0.0002,3,1.3200625,0.0477467717049782,0.0002000033855438,0.0001178208471432,52.15443743993981,4853.06301833705,7343.75,2.0177231390650343,10.6165633703351,0.0201281261135897,0.1239429823982752,0.2214326521540194,0.6301045267553187
F03||test||200||suit,F03,200,suit,0.0002,3,1.1618125,0.0233380407227366,0.0002000033855438,0.0001324923754263,44.9174701355593,4117.830007382638,7156.25,1.7896115995435902,7.18702946399442,0.0403847205061235,0.2217520166830056,0.2419949581900035,0.4897006579590946
F03||test||202||uniform,F03,202,uniform,0.0002,3,1.57,0.0424198891227584,0.0002000033855438,0.000109454103726,51.76674959909613,4825.933351294418,7375.0,1.911372241868924,9.778273106777988,0.0223570677627852,0.1216393719716219,0.2242805399825306,0.6276362388579618
F03||test||203||bat,F03,203,bat,0.0002,3,1.127625,0.0162387944015164,0.0002000033855438,0.0001144371778601,43.03973288310768,5106.05805874427,7531.25,1.9524031035057987,7.863013453074939,0.0226454270023794,0.1079146294601733,0.2090737393620245,0.6570700770723679
F03||test||203||sheet,F03,203,sheet,0.0002,3,1.99,0.0156776409724981,0.0002000033855438,0.0001178439950915,42.47946514573204,4080.094157905996,7109.375,2.0451152665442947,10.36138890845558,0.0266622627933485,0.2327884529927112,0.2470615448661717,0.4877791033732387
F03||test||205||zip,F03,205,zip,0.0002,3,1.2850625,0.0275722854859877,0.0002000033855438,0.0001142638746384,47.65127639717538,4318.237571251434,7156.25,2.120369953595569,10.711681512667235,0.0252679944668839,0.1766421415422591,0.2688129661660631,0.5240899568252853
F03||test||207||ride,F03,207,ride,0.0002,3,1.2350625,0.0367252214280183,0.0002000033855438,0.0001185513404442,49.82115908235159,4686.205020351946,7343.75,2.211059481276649,12.522121200747122,0.0249162389339859,0.1325167606489478,0.241945972140003,0.5954970258487118
F03||test||208||him,F03,208,him,0.0002,3,1.295,0.0339928299817966,0.0002000033855438,0.0001156261058526,49.36662845465251,4725.4486194693645,7375.0,2.222321061020661,12.090875857988031,0.0218710359425142,0.1328011655306004,0.2292323421695306,0.6109847809385169
F03||test||20||pit,F03,20,pit,0.0002,3,1.915,0.0509823103507495,0.0002000033855438,0.0001109862779935,53.24300450246872,4750.358464780773,7468.75,2.270507515290976,12.502081702002933,0.0232189726998812,0.1428904797515306,0.230539484965997,0.5994516338313213
F03||test||210||sell,F03,210,sell,0.0002,3,1.26,0.0312274468076038,0.0002000033855438,0.0001226400169886,48.1180855050532,4350.152460203639,7140.625,1.889041813598734,9.539223644347713,0.0283934035645404,0.1506564875322793,0.3026701757132547,0.512617018076534
F03||test||21||sight,F03,21,sight,0.0002,3,3.4600625,0.0200916849402716,0.0002000033855438,0.0001082997895896,45.36777492937836,4641.75403117055,7437.5,2.1103780551502305,11.091992490745692,0.0293747153037558,0.1645093171391329,0.2177149994132772,0.5841601318718611
F03||test||21||trade,F03,21,trade,0.0002,3,1.901875,0.0237525838257685,0.0002000033855438,0.0001164098851116,46.19441997657569,4463.768138668566,7140.625,2.157205145179404,8.537064723012799,0.0240659037341009,0.1288949769340781,0.2823365909438275,0.5601562675129734
F03||test||22||for,F03,22,for,0.0002,3,1.9483125,0.0202259553136726,0.0002000033855438,0.0001161778792477,44.81571197895306,4390.972188639739,7109.375,2.050800700267132,7.837797738731785,0.0275961102145882,0.130574072953217,0.2995039477982223,0.5374798847760439
F03||test||23||single,F03,23,single,0.0002,3,1.685,0.0797551690634325,0.0002000033855438,0.0001133841616023,56.94412893757821,3927.787273934542,6984.375,0.7491941244912437,2.4372792698003702,0.0295228984948576,0.2171965204657791,0.3112912918067292,0.4369801709392013
F03||test||24||chip,F03,24,chip,0.0002,3,2.2350625,0.0122686713499859,0.0002000033855438,0.0001122732812072,40.77042235361554,4566.264410637432,7406.25,2.2534173506484936,11.974251765152438,0.0252709363304695,0.1609731092403939,0.2460701183974121,0.5626902831532845
F03||test||25||briar,F03,25,briar,0.0002,3,2.42,0.0956144307923065,0.0002000033855438,0.0001359687751954,56.94168517011696,4645.561751235154,7375.0,1.0876933933991222,4.266852057839074,0.0201966165670301,0.1415111856726206,0.2691374889363633,0.5637893257805705
F03||test||26||grow,F03,26,grow,0.0002,3,1.6699375,0.0287879102994261,0.0002000033855438,0.0001217542227303,47.47452216531063,4819.512085115637,7296.875,2.467563780888859,9.372985069897013,0.022175533558695,0.1050186201307057,0.2364154593597332,0.6321455373414929
F03||test||26||meat,F03,26,meat,0.0002,3,2.3200625,0.0274389028628254,0.0002000033855438,0.0001084010186164,48.06666758117114,4393.777335601859,7296.875,2.1356811700416367,11.271752896386246,0.024954843355381,0.1867655113969321,0.2453683437703673,0.5376843662341754
F03||test||27||back,F03,27,back,0.0002,3,2.35,0.030461636684047,0.0002000033855438,0.00010739121835,49.05568929049839,4757.535238876553,7484.375,2.072604955118525,11.686830708652858,0.0258912953277525,0.1394750103915393,0.2390600510673498,0.5910185705833866
F03||test||27||know,F03,27,know,0.0002,3,1.0205625,0.0295362898108338,0.0002000033855438,0.0001225751677085,47.63906889101169,4881.924353483513,7437.5,2.2739078379937885,9.217855468534523,0.0207027895706201,0.1172721256967445,0.2424476952139142,0.6152964659805419
F03||test||28||knot,F03,28,knot,0.0002,3,2.035,0.0251117341620656,0.0002000033855438,0.0001054300340797,47.538247165698266,5015.346302439472,7515.625,2.172812215933942,12.377912966372604,0.0258681248429024,0.1218705552077892,0.1983657894839286,0.6498373013408651
F03||test||2||know,F03,2,know,0.0002,3,2.46,0.0942598680881188,0.0002000033855438,0.0001039420009862,59.15071508971814,4559.080281821706,7359.375,0.9215693450734944,3.255304950492822,0.0268343074302508,0.1665937904321429,0.247619420876932,0.553461579890801
F03||test||30||pot,F03,30,pot,0.0002,3,1.85,0.0872586587231456,0.0002000033855438,0.0001480761328203,55.4064693850484,4926.211898002305,7484.375,1.1562130337087504,4.570768671503147,0.0233277641736592,0.1498718243137749,0.2039655540730394,0.6184383934048434
F03||test||33||quart,F03,33,quart,0.0002,3,2.42,0.0329590724751813,0.0002000033855438,0.0001149600287412,49.14856235402164,4796.918720078106,7375.0,2.301903379757252,12.092787440220675,0.0226608818896193,0.130345248395998,0.2248272666469933,0.6173256659236181
F03||test||33||weed,F03,33,weed,0.0002,3,2.6905,0.0296679428003031,0.0002000033855438,0.000120077691327,47.85650207333555,4661.389680053538,7296.875,2.3563528804232465,8.943585950668865,0.0219519867362433,0.131635872761836,0.2499284062982739,0.5917616416893265
F03||test||35||bread,F03,35,bread,0.0002,3,1.6,0.0373309401446034,0.0002000033855438,0.0001132905091061,50.3575079784742,5020.36109811985,7500.0,2.2876626844997743,12.967760638668691,0.0219285778139532,0.1238902808287545,0.19622449425362,0.6546399673166097
F03||test||35||charlie,F03,35,charlie,0.0002,3,2.155,0.1279382764517027,0.0002000033855438,0.0001356678888898,59.49046857349345,4638.929278552366,7328.125,1.0427980420853702,3.75807197590699,0.0237608739692535,0.1655674512113994,0.235710647384682,0.5696918187663916
F03||test||36||bird,F03,36,bird,0.0002,3,4.51,0.0326268148821452,0.0002000033855438,0.0001080864872738,49.596065520292925,4615.91688002375,7343.75,2.2075060354640383,11.70600370266761,0.0272270947554852,0.1435808471805496,0.2456252374387308,0.5788664727817509
F03||test||36||hair,F03,36,hair,0.0002,3,3.5254375,0.0213823883890564,0.0002000033855438,0.0001196134365858,45.04552491237472,4610.5061703175015,7312.5,2.382104352667457,9.094773345118623,0.0258946296914356,0.1504401141663589,0.2429030156954894,0.5759857000767541
F03||test||36||thigh,F03,36,thigh,0.0002,3,2.32,0.0550692010402327,0.0002000033855438,0.0001212955503889,53.141278123526526,4357.254335591622,7312.5,0.9830184058534374,3.414204012596443,0.0253913206345695,0.180115085600356,0.2795510623688232,0.5086723757108549
F03||test||38||air,F03,38,air,0.0002,3,1.8090625,0.033111334682954,0.0002000033855438,0.0001153623450245,49.158252229686205,4571.93558641372,7281.25,2.199436347626911,8.39282987024588,0.0274380973517638,0.1336360121553587,0.2668689746007242,0.5681584854086767
F03||test||39||chair,F03,39,chair,0.0002,3,2.36575,0.0141401221357432,0.0002000033855438,0.0001181280044447,41.56200586579242,4439.016955547413,7203.125,2.167072523645097,8.310872797876439,0.031055832995267,0.1673021579156828,0.2299767357983864,0.5662034453252964
F03||test||39||hate,F03,39,hate,0.0002,3,1.54,0.0570445958435813,0.0002000033855438,0.0001013899863487,55.00438885910584,4305.016244526981,7296.875,0.8383530948090536,2.764930922692985,0.0305598663028055,0.1957249285556547,0.2581458616498613,0.509561123247639
F03||test||39||spit,F03,39,spit,0.0002,3,1.9,0.0266718323011632,0.0002000033855438,0.0001112344777291,47.59626863661378,4096.869763067045,7093.75,1.903283378408667,9.209782369598267,0.0355756564745137,0.2053605366075499,0.2673110684711958,0.4856809577831702
F03||test||3||sitter,F03,3,sitter,0.0002,3,2.9100625,0.0231227324703741,0.0002000033855438,0.0001172965900591,45.89507535102257,4224.345789230986,7156.25,2.0396805741447968,10.27647081757639,0.0308173908392744,0.1881021354406318,0.2772904568719618,0.4985609425512824
F03||test||3||though,F03,3,though,0.0002,3,1.575,0.1234294124560135,0.0002000033855438,0.0001283612670208,59.65969332864033,4586.528414255048,7296.875,1.0071195428791586,3.703343832268185,0.0212888891284181,0.1545782156939486,0.2688177134033235,0.5500568177216892
F03||test||41||slip,F03,41,slip,0.0002,3,2.215,0.0607000706011926,0.0002000033855438,0.0001330429246983,53.1839482549342,4144.624285338724,7218.75,0.9617611320020316,3.515953287821838,0.0262758461381647,0.2275133467727517,0.2625014612143673,0.4781163958138643
F03||test||42||mill,F03,42,mill,0.0002,3,1.915,0.0349472234925717,0.0002000033855438,0.0001067983857464,50.29695977946093,4804.481905144183,7390.625,2.0854087429993804,11.320603057223314,0.0247546024835827,0.1201921875746958,0.2381239098280633,0.6129003276146365
F03||test||42||slip,F03,42,slip,0.0002,3,4.6,0.0282967597236949,0.0002000033855438,9.839028088752972e-05,49.17569013361899,4224.99130987888,7234.375,0.8560475300809289,2.7775053864173893,0.0326931990395781,0.2075489606743246,0.2538789757301196,0.499450977659406
F03||test||44||near,F03,44,near,0.0002,3,5.03,0.0555410830922525,0.0002000033855438,0.000120795366071,53.25128140557605,4237.996934143843,7218.75,0.9450814274366978,3.2335048881442865,0.0252179197479256,0.2058575262638516,0.2614988057160056,0.5011828213292767
F03||test||45||knot,F03,45,knot,0.0002,3,2.425,0.0579867227186116,0.0002000033855438,0.0001093309375171,54.49170983729344,4272.991080895494,7203.125,0.8725225104919087,2.847019050435293,0.0301215299783256,0.1856380150111032,0.2729463868739127,0.5052723314137053
F03||test||46||bag,F03,46,bag,0.0002,3,2.4585625,0.0133551662745806,0.0002000033855438,0.0001147624051033,41.31699316327244,4648.02388043054,7328.125,2.275488259444394,8.614013091372314,0.0246070316629963,0.1253348188378199,0.2644283346146628,0.581275087091645
F03||test||46||sparkle,F03,46,sparkle,0.0002,3,2.025,0.0739634488566177,0.0002000033855438,0.000147148272043,54.025239744070966,4074.580711218257,7093.75,0.9561930063282892,3.354841445972127,0.0263176986016134,0.2010073457199287,0.3041224845638275,0.4621994688559517
F03||test||47||bug,F03,47,bug,0.0002,3,2.829625,0.0158459010592044,0.0002000033855438,0.0001121737179635,43.000516504437925,4814.467595718192,7390.625,2.2802038891147216,8.948417149457951,0.0261031661261559,0.1193453477662768,0.2368281366613908,0.6130933641311779
F03||test||48||group,F03,48,group,0.0002,3,2.01,0.0989407017079882,0.0002000033855438,0.0001281168966163,57.75537151938192,4532.347070626689,7312.5,1.001908123647493,3.466927837388404,0.0249161222216008,0.1739198557797924,0.2388435164142718,0.5567267834915642
F03||test||49||geese,F03,49,geese,0.0002,3,1.575,0.022789683999221,0.0002000033855438,0.0001101418522125,46.31571855492214,4283.096927515812,7234.375,1.7962417483634427,9.250714692182116,0.0289401859877865,0.1977821526418753,0.2554827748935927,0.512150281809836
F03||test||49||slay,F03,49,slay,0.0002,3,1.795,0.0662045664162955,0.0002000033855438,0.0001176631702179,55.00494800344411,4085.668630830453,7156.25,0.850717931557104,2.8409040587144685,0.0287909400277546,0.1930903773101089,0.3164147404281869,0.4561970401434693
F03||test||4||droop,F03,4,droop,0.0002,3,4.145,0.0389640198784949,0.0002000033855438,0.0001249857484951,49.8760652170855,4421.686152072712,7281.25,1.0098757228966055,3.6372057623923046,0.0222317281464248,0.1816892713769533,0.2586974855755745,0.5325601667322348
F03||test||50||feet,F03,50,feet,0.0002,3,1.7860625,0.0146402639680155,0.0002000033855438,0.0001138518890964,42.18417332332807,4855.05892264277,7484.375,1.9482077430340616,7.594927868299801,0.0217198042642161,0.1250293091922039,0.2314366371626899,0.6180231298602106
F03||test||50||root,F03,50,root,0.0002,3,1.8450625,0.0779368196065736,0.0002000033855438,0.0001182055446607,56.38209661942255,4262.29209030389,7234.375,0.935359788509486,3.2493857559613413,0.0291816791903959,0.2067508163354817,0.248371251834377,0.509911668494903
F03||test||51||court,F03,51,court,0.0002,3,1.605,0.0461278155155934,0.0002000033855438,0.0001149051026097,52.07247146439492,4860.338052336431,7375.0,2.213206514987478,12.152372614860475,0.0232934299334944,0.1204552900854735,0.2193517359042398,0.6320154646995068
F03||test||51||snoop,F03,51,snoop,0.0002,3,1.65,0.0455155715946812,0.0002000033855438,0.0001182303881909,51.70861771085239,4144.671653594637,7187.5,0.873603102744123,2.677339874319637,0.0284125778845783,0.2058340966780008,0.2787819293790078,0.4805347654909204
F03||test||53||rise,F03,53,rise,0.0002,3,2.345,0.0207020516034722,0.0002000033855438,0.0001182074514077,44.86737065812416,4679.601339915744,7453.125,2.2126662769591183,12.211881343244936,0.0220407992424278,0.1475044118330851,0.243595639755332,0.5812376622563946
F03||test||54||bat,F03,54,bat,0.0002,3,1.0605,0.0220998216927831,0.0002000033855438,0.0001180011122236,45.45005337825782,5116.583362192696,7500.0,2.02650066508954,8.005650502195001,0.021551922690967,0.0923385549715219,0.2087009911495014,0.6733505124180462
F03||test||57||write,F03,57,write,0.0002,3,1.39,0.0817098648747528,0.0002000033855438,0.0001287895313121,56.04787859140497,4495.300944809897,7343.75,1.0449658984941363,3.8645443626841742,0.0208490878750574,0.1759065198789815,0.2596307256341129,0.5369588331316294
F03||test||59||rake,F03,59,rake,0.0002,3,1.7860625,0.0203195666603126,0.0002000033855438,0.0001149610318206,44.947275774799294,5059.146018603394,7562.5,2.056972078920603,7.970351640736638,0.0198069324302751,0.1160978373793554,0.2007633574869562,0.6597787469464179
F03||test||59||tread,F03,59,tread,0.0002,3,1.88,0.0284339281493355,0.0002000033855438,0.0001181316767493,47.62940986621,4362.526435171979,7234.375,2.100603645153844,11.077069295824169,0.0279284403795841,0.1848041488712404,0.251393611606722,0.5309870956339017
F03||test||59||yes,F03,59,yes,0.0002,3,3.7000625,0.0540065855932338,0.0002000033855438,0.0001264520010549,52.610420297677805,4138.401952640757,7203.125,0.9386978531967172,3.26299463262821,0.0274982177589619,0.2329705376417394,0.2578855259674174,0.475303286294061
F03||test||5||beta,F03,5,beta,0.0002,3,1.142875,0.0356469531553297,0.0002000033855438,0.0001165637796354,49.70917588436704,5073.2385694066425,7484.375,1.812195816674261,7.605445167581149,0.0205388772505143,0.1123704109469814,0.1965959375502242,0.6673578287124605
F03||test||5||shop,F03,5,shop,0.0002,3,2.175,0.0197044367351676,0.0002000033855438,0.0001093811898488,45.112427629059255,4449.948076667847,7281.25,2.0812869236240483,10.94296267878654,0.0321482878634901,0.1655803741849519,0.2562418531432094,0.5414181649958398
F03||test||60||cart,F03,60,cart,0.0002,3,1.46,0.0850664772040787,0.0002000033855438,0.0001068716284043,58.01792042530938,4338.323654062383,7234.375,0.8494883031119906,2.882380743036993,0.0293582866587764,0.182642891433792,0.2663987612903127,0.5167917528069709
F03||test||60||chair,F03,60,chair,0.0002,3,1.745,0.0213804198916719,0.0002000033855438,0.0001202777451224,44.99661904846364,4372.091838411806,7250.0,2.1405863106182803,10.89929244817018,0.0246109641550449,0.1694172475768124,0.2703460237425624,0.5310257819952575
F03||test||60||floor,F03,60,floor,0.0002,3,1.2000625,0.029953587667822,0.0002000033855438,0.0001152755230109,48.29423491629208,5193.070875764239,7515.625,1.907892491007582,7.827624340925002,0.0204002171645624,0.0975278910823219,0.1847941479814723,0.6935795278311245
F03||test||61||dagger,F03,61,dagger,0.0002,3,0.865125,0.0243447351400502,0.0002000033855438,0.0001141894244428,46.57558340040459,5388.352687878438,7609.375,1.86871692411668,7.741167617047456,0.021087829921504,0.086538838910874,0.1710911746114484,0.7184699809352394
F03||test||61||fork,F03,61,fork,0.0002,3,1.565,0.02215209934915,0.0002000033855438,0.0001160711110651,45.61381497688672,4675.279571394623,7406.25,2.1725951185225667,11.598663313103446,0.0230416464526844,0.1284123335765196,0.259528333905612,0.5844857785617745
F03||test||62||cork,F03,62,cork,0.0002,3,1.33,0.0282399860594632,0.0002000033855438,0.0001194879825894,47.47080498680965,4773.605427145133,7406.25,2.21504188200466,11.970754392551498,0.0199120081445021,0.133248360736672,0.2341371916294681,0.6084331877701875
F03||test||62||rain,F03,62,rain,0.0002,3,2.03725,0.0165509756846884,0.0002000033855438,0.0001148543716743,43.173521407133045,4826.6756963627095,7484.375,2.0920062576969527,7.90631970090021,0.0229173871727607,0.1206016676116282,0.244143328810846,0.6087901552238746
F03||test||62||seven,F03,62,seven,0.0002,3,1.71,0.0914451762798646,0.0002000033855438,0.0001343481580374,56.65858169941682,4148.451146274388,7171.875,0.9117322613023876,3.001166581803148,0.0217655367949577,0.215203431155755,0.2919516662614248,0.4654886045356579
F03||test||64||leak,F03,64,leak,0.0002,3,2.8250625,0.0400738365842793,0.0002000033855438,0.0001116136102395,51.10287533724846,4320.508584738824,7296.875,0.9427361491187372,3.395670646663801,0.029015714826567,0.2059882639586856,0.2381597617496887,0.5207854903367446
F03||test||64||rid,F03,64,rid,0.0002,3,1.535,0.0273740573955734,0.0002000033855438,0.0001146649377796,47.55817067572359,4871.144591841759,7421.875,2.220986561743062,11.975446166660928,0.0212545970959207,0.1299636010344122,0.2202446685243297,0.6240393058186723
F03||test||66||bubble,F03,66,bubble,0.0002,3,1.1441875,0.0192710562196671,0.0002000033855438,0.0001157828107816,44.42522859893717,5072.903721413872,7500.0,2.024762594494911,7.989853564159227,0.0205915875977537,0.1137188717753475,0.20227516404516,0.6597067383905135
F03||test||66||eat,F03,66,eat,0.0002,3,1.5,0.0189598233529639,0.0002000033855438,0.000110037084814,44.72590421051382,4574.20833319817,7390.625,2.146833243444412,11.324623343282264,0.0236419497205399,0.1607781919010983,0.2447791440336062,0.5650188269903258
F03||test||66||lick,F03,66,lick,0.0002,3,2.45,0.0540547703666209,0.0002000033855438,0.0001211208328895,52.99230356269639,4140.897078951199,7203.125,0.9401094463949592,3.3533564673425142,0.0257699846570409,0.2253063713786482,0.261923266337794,0.481149721457848
F03||test||67||gnaw,F03,67,gnaw,0.0002,3,0.8930625,0.0214546591658385,0.0002000033855438,0.0001151112196847,45.40807928023177,4997.508093286943,7515.625,2.0778645273618848,8.036307271651841,0.0214719938817819,0.1200046292139363,0.2122077027618842,0.6422625813654792
F03||test||67||spain,F03,67,spain,0.0002,3,3.055,0.0444220302195089,0.0002000033855438,0.0001013636020414,52.83432736099088,4194.8131356347,7203.125,0.8385922418498516,2.729325480453855,0.0318626061602195,0.2176409994264254,0.2423594466646513,0.5019929148918808
F03||test||68||range,F03,68,range,0.0002,3,1.45125,0.0161015573087408,0.0002000033855438,0.0001207465961918,42.49985970278087,4700.782923351482,7437.5,1.922333068723059,7.59288357634991,0.022286471471207,0.148351176911149,0.2338311839038328,0.5911649436747907
F03||test||69||down,F03,69,down,0.0002,3,1.28375,0.0160356452692379,0.0002000033855438,0.000117314172783,42.71471915743309,4958.00084252162,7515.625,2.0202702779214303,7.884695321885747,0.0209092610843921,0.1205084751195981,0.2152129154239845,0.6400414150489286
F03||test||6||stubble,F03,6,stubble,0.0002,3,1.2165625,0.0181671616309147,0.0002000033855438,0.0001057493535956,44.70018717372717,4654.749078759665,7468.75,1.666305232405368,6.822728007214664,0.0305420693697893,0.140969751709752,0.2549982561959271,0.5687581900174973
F03||test||70||fat,F03,70,fat,0.0002,3,1.895,0.0548480625705874,0.0002000033855438,0.0001376775094155,52.00596580682267,4588.327361837912,7375.0,1.1026686748122956,4.3578654546972055,0.0226247912789431,0.1742033559963962,0.2437617142555026,0.5545488035645557
F03||test||70||kilo,F03,70,kilo,0.0002,3,1.785,0.0344550206269522,0.0002000033855438,0.0001194865138233,49.1986724809514,4562.299981511644,7265.625,2.042416378210848,10.946668275364251,0.0239448566537472,0.1780767426752629,0.2190473431876422,0.5742441446657566
F03||test||71||blow,F03,71,blow,0.0002,3,2.11,0.0819351338106063,0.0002000033855438,0.0001238446874752,56.41185571544259,4319.585744391215,7218.75,0.9879822755629226,3.5951895590368927,0.0232950086546173,0.1847079573600526,0.2767570706446078,0.5094279184045554
F03||test||73||knee,F03,73,knee,0.0002,3,1.311625,0.0287806659393186,0.0002000033855438,0.0001098879896817,48.36301220484481,4453.208733816702,7390.625,1.7440787495390353,6.924291261239068,0.0236389324889198,0.1713498926338454,0.2687307579309491,0.5319139815855262
F03||test||73||walk,F03,73,walk,0.0002,3,1.455,0.0311542555428244,0.0002000033855438,0.0001164251239994,48.54941337457446,4850.669091470543,7468.75,2.2095739762207183,12.28313366122442,0.023591379930696,0.1216775156637106,0.2454652841308669,0.604863577205347
F03||test||74||at,F03,74,at,0.0002,3,1.34,0.0390923410431979,0.0002000033855438,0.0001217684380894,50.13113886986329,4813.277599915782,7453.125,2.3168339474637274,12.544896334517912,0.0224765298087259,0.1247359746147433,0.2382027685233533,0.6104961219215865
F03||test||74||dark,F03,74,dark,0.0002,3,1.004625,0.0156749603046761,0.0002000033855438,0.0001087569225377,43.17499079415445,5120.918077722777,7578.125,1.879053467368566,7.705809258046211,0.023322636570711,0.1087585616589481,0.1838296381512113,0.6805384082977329
F03||test||75||glitter,F03,75,glitter,0.0002,3,1.635,0.0623637092751704,0.0002000033855438,0.0001215487549151,54.20362847582553,5105.642945992064,7468.75,2.257035555505952,12.768438407215148,0.0183555739088656,0.1014107051589877,0.1969704462669002,0.6798909512558032
F03||test||76||born,F03,76,born,0.0002,3,1.1163125,0.026327831547742,0.0002000033855438,0.0001154420407209,47.16102190389103,4958.688649363953,7437.5,2.032831642695786,7.7411636022648125,0.0222168993165317,0.1058168133349269,0.2320572731093085,0.636047863882255
F03||test||77||leak,F03,77,leak,0.0002,3,1.285,0.041727166309545,0.0002000033855438,0.0001170097330268,51.0439380868455,4231.733641764867,7218.75,0.964793447932928,3.392325942410431,0.0290777572357794,0.218960256475118,0.2443742590683443,0.5017297490677504
F03||test||78||written,F03,78,written,0.0002,3,1.66,0.0663187844139682,0.0002000033855438,0.0001218994339392,54.71269736677488,4372.585464940621,7250.0,0.962112992932848,3.347167383857989,0.0242747914912452,0.1893889085641826,0.2592021272493012,0.52158368480035
F03||test||79||snake,F03,79,snake,0.0002,3,1.585,0.0316361751195738,0.0002000033855438,0.0001106524705176,49.12445712186126,4421.400730386914,7281.25,1.8443180879916456,9.728684109490723,0.0311997532363559,0.1819261022430541,0.2328807712578995,0.5490567039784782
F03||test||79||thought,F03,79,thought,0.0002,3,3.85,0.0486026916437694,0.0002000033855438,0.0001281388019029,51.57959324742934,4214.248219917248,7203.125,0.9872847161524312,3.459220577494429,0.0267889713273752,0.1938536294453292,0.2813411738102003,0.4905334645800098
F03||test||7||stubble,F03,7,stubble,0.0002,3,0.9216875,0.0309091805994544,0.0002000033855438,0.0001068850315381,49.22341204745833,4403.720792884546,7328.125,1.4406698594987988,6.24692718319443,0.0339200031130286,0.1405568712418204,0.2958739635387904,0.5247943376146783
F03||test||80||sew,F03,80,sew,0.0002,3,2.465,0.0347671897389943,0.0002000033855438,0.0001229603332941,49.02809112063324,4481.271729404743,7296.875,2.1938200294390744,11.814140577171962,0.0263039127107245,0.1507716587914406,0.2767995539054528,0.5411390643221446
F03||test||81||him,F03,81,him,0.0002,3,1.925,0.0445434454828737,0.0002000033855438,0.0001304402771695,50.66744188359793,4151.310835806757,7218.75,1.0197568304748128,3.5825812119796723,0.0226688324430753,0.2291038708873831,0.2674509127401995,0.4743532371546795
F03||test||81||torn,F03,81,torn,0.0002,3,1.172125,0.0125273476275784,0.0002000033855438,0.0001165119118556,40.62977600689291,4762.135018511779,7437.5,2.104719256061686,8.013221779363782,0.0225234793740791,0.1143682328209922,0.2663311774088074,0.5934866252367759
F03||test||82||seeds,F03,82,seeds,0.0002,3,1.845,0.0511131433034874,0.0002000033855438,9.810606957372316e-05,54.33673425324565,4071.776050618545,7125.0,0.7446406464911841,2.129254807826241,0.0333965854742063,0.2174240877830887,0.2727472818240197,0.4712756847069232
F03||test||82||share,F03,82,share,0.0002,3,0.865125,0.0209923713285358,0.0002000033855438,0.0001104386175975,45.57881076226992,4601.853107071621,7421.875,1.5273844708044926,6.64552066848411,0.0369607245993269,0.1768284787762585,0.1941285011008586,0.5877998244427244
F03||test||84||hem,F03,84,hem,0.0002,3,3.995,0.0584937251829543,0.0002000033855438,0.0001092647030906,54.57258780809231,4254.186158956622,7234.375,0.9049789622029336,3.187046010968607,0.0275930806420989,0.1980537607252218,0.2666124422008181,0.5013649060100719
F03||test||85||glitter,F03,85,glitter,0.0002,3,1.3000625,0.0478176961324713,0.0002000033855438,0.000115697595785,52.32528627082587,4913.937130596358,7453.125,2.182724063709622,11.881772908511596,0.0200798186713898,0.1151381943749464,0.2280538522192926,0.632440942042543
F03||test||85||trouble,F03,85,trouble,0.0002,3,1.42325,0.0201798677605523,0.0002000033855438,0.0001127747655817,45.05412765866631,4779.734970546423,7437.5,1.9951103106661132,7.51918710261026,0.023895669177872,0.1304252350259171,0.2268436483384621,0.6140119673590906
F03||test||86||him,F03,86,him,0.0002,3,1.79,0.0647211058739907,0.0002000033855438,9.675684997033574e-05,56.50728416771145,4392.603391542491,7296.875,0.8535333483830266,2.9180422282111134,0.0345274316967833,0.1978485349070731,0.2236325502265533,0.5387002629029579
F03||test||86||sip,F03,86,sip,0.0002,3,1.72,0.0176233179033653,0.0002000033855438,0.0001123797106154,43.90799532032665,4272.962129233486,7218.75,2.0118154593768645,10.659213875883225,0.0280413605956968,0.1859409205830406,0.273650696456809,0.5074729823200037
F03||test||87||neat,F03,87,neat,0.0002,3,1.47,0.040352458824584,0.0002000033855438,0.0001073702758503,51.499718683094216,4812.555499468358,7468.75,2.0345649109639354,11.047552805398665,0.0249832422613411,0.1333556913585515,0.2233994379710617,0.6144845991457236
F03||test||87||storm,F03,87,storm,0.0002,3,1.6465625,0.0160669659397719,0.0002000033855438,0.0001111569544549,43.19994467642542,4611.120469122742,7484.375,1.8511033440811275,7.262373199891487,0.0283365647285124,0.1499950557285702,0.2502110485863303,0.567181124871682
F03||test||88||lee,F03,88,lee,0.0002,3,1.4500625,0.0626303596719874,0.0002000033855438,0.0001065720701533,55.38283007541872,4754.679870953481,7453.125,1.945700087979828,10.409244258179504,0.0242940797952932,0.1324795034849572,0.2357333645205696,0.6030247527052407
F03||test||88||part,F03,88,part,0.0002,3,7.355,0.0427362823027704,0.0002000033855438,0.0001287081244787,50.42381555283722,4244.732625519767,7218.75,0.9716744879641142,3.517351058527797,0.0268114052646914,0.2123895549676474,0.2593565137205799,0.4956028140778097
F03||test||89||loyal,F03,89,loyal,0.0002,3,2.63,0.0899582006100992,0.0002000033855438,0.0001348107867331,56.48632233394356,4525.534910121075,7312.5,1.0234570844742477,3.818896869966775,0.0233303556020848,0.1769392150134645,0.24256785469304,0.5511207655068299
F03||test||8||dread,F03,8,dread,0.0002,3,1.72,0.0266183621839368,0.0002000033855438,0.0001210634080867,46.84336868660667,4736.526559760658,7437.5,2.2616532900585686,12.555471244729674,0.0206683982170133,0.1545986541919251,0.2243646976000376,0.5954332909085885
F03||test||90||jagged,F03,90,jagged,0.0002,3,1.28375,0.0209508500043289,0.0002000033855438,0.0001134739848906,45.32610682459942,4945.695661507882,7531.25,1.8357482368894185,7.318405079169574,0.0219357916406577,0.0995503176930996,0.2520994613179936,0.6232528990131105
F03||test||91||much,F03,91,much,0.0002,3,1.74,0.0747392486164515,0.0002000033855438,0.0001352918234894,54.84554354149175,4235.204731573331,7234.375,0.9792698286598156,3.489672595857334,0.026184190484045,0.2149495760520286,0.2548246891110462,0.4978142776902626
F03||test||91||red,F03,91,red,0.0002,3,1.125,0.038997803942907,0.0002000033855438,0.0001159311661457,50.5367989429837,4982.682809962163,7484.375,2.1326222046166223,12.100690163436164,0.0241816787486184,0.1234099764941724,0.1960244798847018,0.6521255155878762
F03||test||91||tip,F03,91,tip,0.0002,3,0.7535,0.0173913538732703,0.0002000033855438,0.0001188308426907,43.30808430227539,4990.464258419939,7468.75,2.0054980938749862,7.76245754170124,0.022425529223582,0.1056460596492276,0.2235414730403359,0.6451762892738749
F03||test||92||zip,F03,92,zip,0.0002,3,1.7,0.0204989686012964,0.0002000033855438,0.0001058918602718,45.73738864633228,4541.990419906824,7375.0,2.077048469435252,11.059321552481398,0.0256986302472678,0.1593709167158482,0.2467426843263198,0.5629212706162314
F03||test||93||car,F03,93,car,0.0002,3,1.0604375,0.0240115919125122,0.0002000033855438,0.0001103878553896,46.7499931550233,5183.573949110632,7500.0,1.8970953657826737,7.581095303247247,0.0234180807331144,0.1001461222647017,0.1717779921370983,0.7013029626909456
F03||test||93||golf,F03,93,golf,0.0002,3,1.75,0.1119537738128609,0.0002000033855438,0.0001341531841092,58.428755051901824,4968.185112094838,7515.625,1.0412278754764883,3.9279033350847183,0.0233153244226586,0.138161652829443,0.2083746700621646,0.6255818035019673
F03||test||94||feet,F03,94,feet,0.0002,3,0.6418125,0.0352583764712947,0.0002000033855438,0.0001185586209214,49.46658343402255,4916.118555070303,7484.375,1.992561941012039,7.7960776928276125,0.0192093625141068,0.1351429347263657,0.2077466039765897,0.634551770361633
F03||test||94||hum,F03,94,hum,0.0002,3,1.52,0.1136053614619527,0.0002000033855438,0.0001402577380842,58.16943994046619,5178.308102674673,7531.25,1.155588163424813,4.604726234971871,0.0207214079096812,0.108818811696179,0.1950261713208554,0.6721579768842125
F03||test||96||seed,F03,96,seed,0.0002,3,1.475,0.0697489084594703,0.0002000033855438,0.0001158738728737,55.59103785529141,4059.181412856488,7203.125,0.8040279625901714,2.5650223928419926,0.0248504570074708,0.2404204125614893,0.2727994624190431,0.4560407282188446
F03||test||98||two,F03,98,two,0.0002,3,2.19,0.0256211961206102,0.0002000033855438,0.0001129064383048,47.117613865460754,4696.614391868717,7375.0,2.1947686767448955,11.482006092261573,0.0244071110310582,0.1352722173243573,0.2427875414931521,0.5933149095979442
F03||test||9||goat,F03,9,goat,0.0002,3,1.216625,0.0508984671506644,0.0002000033855438,0.0001198518016718,52.56120272895271,4930.211616534411,7453.125,1.959943812412128,7.597120534577655,0.0281332331853447,0.1198135362211175,0.2108057889167635,0.6372756901559445
M01||test||100||ate,M01,100,ate,0.0002,3,1.713875,0.0535464274421918,0.0002000033855438,0.0001126021533437,53.54367609360562,4834.510421646581,7468.75,2.5691904164986625,9.554909317379895,0.0266940761219344,0.1498286080088728,0.1834645956352255,0.635743498794861
M01||test||100||swarm,M01,100,swarm,0.0002,3,2.885,0.2221390620775658,0.0002000033855438,0.0001048354857845,66.52233243769606,4526.099519647717,7265.625,0.8825645570664739,2.865352581585061,0.0262206733035553,0.1711703432336945,0.2353627118990481,0.5625427451996987
M01||test||101||knot,M01,101,knot,0.0002,3,1.826875,0.0541121221685627,0.0002000033855438,0.0001153885051507,53.42264038572126,5009.583665957128,7421.875,3.012650185131248,10.406124089910662,0.0242070739183129,0.1232341828871432,0.1691827779072819,0.6800070163735169
M01||test||106||single,M01,106,single,0.0002,3,1.7515,0.0609925714318574,0.0002000033855438,0.0001118252770424,54.73473921400255,4594.0825825563015,7343.75,2.3501256499854914,9.21715475782336,0.0300696267329967,0.1532112285004394,0.2211941079766631,0.591126503011197
M01||test||108||sprinkle,M01,108,sprinkle,0.0002,3,2.4483125,0.0423528714373353,0.0002000033855438,0.0001143674002383,51.37161221904165,4690.941332564445,7296.875,2.495822735741469,9.394759597276876,0.0344078956841592,0.1526016062763001,0.1851874473228911,0.6237270838676411
M01||test||10||sheet,M01,10,sheet,0.0002,3,2.3109375,0.086328033246958,0.0002000033855438,0.0001224669869992,56.96265627133695,4560.159209166008,7312.5,1.4965071252996278,6.602002150220155,0.0299844739194315,0.1684829933847594,0.2140295797881213,0.5825869479337157
M01||test||110||of,M01,110,of,0.0002,3,1.6008125,0.063351805630785,0.0002000033855438,0.0001159247114948,54.75165947551682,5136.500348200892,7390.625,2.743127574688509,10.011682183643474,0.024982619161446,0.1165895259386446,0.1453119954427511,0.7103609263207364
M01||test||112||fruit,M01,112,fruit,0.0002,3,1.939875,0.0794885175338579,0.0002000033855438,0.0001116804377112,57.04654580034264,4804.088493758325,7359.375,2.6933827114775246,9.846994338169743,0.0256223518642877,0.1066146230658575,0.2263102494813695,0.6377261219914575
M01||test||118||mut,M01,118,mut,0.0002,3,1.6008125,0.0458482652204139,0.0002000033855438,0.0001184654088496,51.75462700250073,5068.43300645263,7437.5,2.820262667644636,10.037433068942647,0.0249536538007684,0.1225793959745115,0.1680145735104693,0.6806791666378894
M01||test||123||slay,M01,123,slay,0.0002,3,1.5071875,0.0499011144030867,0.0002000033855438,0.0001128762461617,52.91015373010846,4701.880759425762,7265.625,2.274738617394858,8.995069362538091,0.0287167549873311,0.1426311940770069,0.1999829845126823,0.62538625401461
M01||test||124||slip,M01,124,slip,0.0002,3,1.655,0.0643449686792866,0.0002000033855438,0.0001134526903713,55.07399589577888,4759.457655507668,7421.875,2.060109716664803,8.81142576144561,0.0329416419220854,0.1396057359929424,0.1957577038370289,0.6273325902006395
M01||test||126||four,M01,126,four,0.0002,3,1.655,0.0537704604857262,0.0002000033855438,0.0001170295303742,53.24496586984908,4712.767859344227,7140.625,3.374740498240214,10.831388726685008,0.022355212246058,0.1251392437958449,0.2214200151987594,0.6266504632826283
M01||test||128||much,M01,128,much,0.0002,3,1.7436875,0.0572718259345329,0.0002000033855438,0.0001136078664009,54.05065251530956,4754.365952820729,7328.125,2.483781223418827,9.419320381752328,0.0306085310817076,0.1316868459289557,0.2041857128141788,0.6293346831253691
M01||test||12||sip,M01,12,sip,0.0002,3,1.646875,0.0964043320093057,0.0002000033855438,0.0001194477822268,58.13836918123424,4706.266366048936,7406.25,1.483513990465514,6.547350211283654,0.0364029028467003,0.1760192632799095,0.1736929679341422,0.6100630835669819
M01||test||130||write,M01,130,write,0.0002,3,2.20175,0.0482314286470973,0.0002000033855438,0.0001165447586201,52.33674758961853,4743.869252618075,7312.5,2.9777834906771603,10.307334839854676,0.0256860280895242,0.1271255024547694,0.2221321356174512,0.6208714751342962
M01||test||131||rocks,M01,131,rocks,0.0002,3,1.5515625,0.0565217370749303,0.0002000033855438,0.0001121846702115,54.04563969813309,4911.096830865465,7406.25,2.5060499710488178,9.446180852034626,0.0314680638860839,0.1185318191540592,0.1882467608101472,0.657529132811387
M01||test||133||cope,M01,133,cope,0.0002,3,2.5268125,0.0410953296466238,0.0002000033855438,0.0001140746001154,51.13207026904213,4833.402722589851,7359.375,3.2897384177754856,10.793912474970496,0.0271345232182111,0.1308330160998423,0.2004940111844816,0.6372059612841855
M01||test||135||white,M01,135,white,0.0002,3,1.5810625,0.0642055467522365,0.0002000033855438,0.0001117008537535,55.19032112185592,4983.155226680056,7421.875,2.771316042430893,10.025261709278205,0.0220553719627735,0.1244969091626558,0.1823367641904168,0.667905586016624
M01||test||136||cheer,M01,136,cheer,0.0002,3,1.285625,0.0466315896332038,0.0002000033855438,0.0001174039016666,51.97995380917053,4880.118925454463,7359.375,2.8505404510786017,10.03921952991706,0.0250071816965415,0.1297428949636913,0.1820948660806073,0.6587297432709904
M01||test||137||ate,M01,137,ate,0.0002,3,1.994875,0.0443116537862988,0.0002000033855438,0.000114182373961,51.77837781559244,4765.086592574542,7421.875,2.644285241542843,9.663011870736517,0.0305826634624574,0.155886901812762,0.1851994693473177,0.6237756716673309
M01||test||138||pad,M01,138,pad,0.0002,3,1.300375,0.0867610147012743,0.0002000033855438,0.0001161087076402,57.469196629479725,5459.680190190182,7500.0,2.492422040247132,9.802607395708728,0.0204005013950582,0.0891921084071055,0.1269960655747957,0.7613979139390799
M01||test||139||know,M01,139,know,0.0002,3,2.4676875,0.0346421514387721,0.0002000033855438,0.0001129917591655,49.73116171353513,4895.485498431804,7390.625,3.154380176561244,10.516453633073825,0.0265360622506568,0.1261486423047361,0.1881875362937782,0.6544233636772854
M01||test||140||we're,M01,140,we're,0.0002,3,1.7731875,0.0652792477869632,0.0002000033855438,0.0001138651603372,55.16768558742992,4778.73732208381,7312.5,2.941826863799527,10.397464940799049,0.0242477358339586,0.1261414335882061,0.2179337403592548,0.6280501340888465
M01||test||141||sway,M01,141,sway,0.0002,3,1.4776875,0.0574103986311468,0.0002000033855438,0.0001109284864437,54.27894950179506,5026.857441149616,7406.25,2.4061912916850434,9.336338830314752,0.0258689900562056,0.1120531842241025,0.1815407820538175,0.6775378152475822
M01||test||143||toot,M01,143,toot,0.0002,3,1.7731875,0.0335386985409008,0.0002000033855438,0.0001148075693785,49.31151366904759,4436.909378786461,7140.625,3.285620876181464,10.51906733253995,0.0271101259259255,0.1516835341163252,0.2522312900440456,0.5639561439873607
M01||test||144||hear,M01,144,hear,0.0002,3,1.581125,0.0414597868317121,0.0002000033855438,0.0001191690264404,50.829273468965965,4805.367163553948,7328.125,2.912792384247314,10.267000497956342,0.0215312334795181,0.1483793448722963,0.18321892343995,0.6428364878625086
M01||test||147||write,M01,147,write,0.0002,3,1.219625,0.0807145216676389,0.0002000033855438,0.0001176704990385,56.72568164180773,4994.613687985591,7390.625,2.450457399599431,9.382332637724645,0.0233029423754309,0.1094114566962018,0.186224078208704,0.6777637046157547
M01||test||148||loop,M01,148,loop,0.0002,3,1.2511875,0.0683753401167357,0.0002000033855438,0.0001187256874408,55.20709613488841,5038.427916754944,7328.125,3.010646817799765,10.396547618675314,0.0184047171173422,0.1186071257134065,0.1627878646001385,0.6964044477719292
M01||test||14||the,M01,14,the,0.0002,3,1.832875,0.0666594035259308,0.0002000033855438,0.0001135511012954,55.37340145158747,5114.0390438152845,7468.75,1.9394733442668943,7.64294786261202,0.0234447218213935,0.1165399731191496,0.1651549659598867,0.6910391085928784
M01||test||150||side,M01,150,side,0.0002,3,1.429875,0.0502691393745831,0.0002000033855438,0.0001215391212683,52.331707159138254,5178.705285986429,7468.75,2.452889955046123,9.533827487596268,0.0267477864248601,0.1083080336975493,0.1529691282449856,0.7084655840819922
M01||test||151||whoop,M01,151,whoop,0.0002,3,1.566625,0.0495149439385289,0.0002000033855438,0.0001162752146865,52.58498283243053,4926.097891857116,7406.25,3.148123126085142,10.660796527028031,0.0231923760033923,0.1173603368873223,0.2005995621355592,0.655204572521583
M01||test||154||select,M01,154,select,0.0002,3,1.366875,0.0600093520422149,0.0002000033855438,0.0001110528802311,54.65378221394453,4964.65234094276,7375.0,2.047668007756037,8.474937671019898,0.0272627581463945,0.111398311196277,0.1896002354163879,0.6680584772795547
M01||test||155||light,M01,155,light,0.0002,3,1.545625,0.0556696944304562,0.0002000033855438,0.0001176993947638,53.49689215741223,5166.917618889993,7421.875,2.7048378450873782,10.02992546463818,0.0199461362842892,0.1071666858186413,0.1616430825053873,0.7077445690229376
M01||test||157||darn,M01,157,darn,0.0002,3,1.577125,0.0636710393222969,0.0002000033855438,0.0001170670134519,54.71014800056676,5196.3507574741125,7421.875,2.6248693556901723,9.889095501896708,0.0231049491075189,0.1033935560625356,0.1465810407422946,0.723801328355132
M01||test||158||barn,M01,158,barn,0.0002,3,1.7243125,0.0696242212655806,0.0002000033855438,0.0001103321329719,56.00116673079329,5089.70123099532,7453.125,2.675738326659292,9.81389473358503,0.0224682463184263,0.1030505129178728,0.1790725496261535,0.6919784657511994
M01||test||15||swore,M01,15,swore,0.0002,3,2.23125,0.0973134816391582,0.0002000033855438,0.0001318100815717,57.364487640696495,4698.897348429962,7343.75,1.3505928578887638,6.042244447649364,0.0338362116560807,0.1554575352074694,0.1966000847047265,0.6094479897304841
M01||test||15||tip,M01,15,tip,0.0002,3,3.785,0.1849746461006753,0.0002000033855438,0.0001537466589768,61.60613036126769,4284.618935647347,7203.125,1.0633409500495816,3.746461718308068,0.02347587556752,0.2092886894448787,0.2460345594269902,0.5163561553968176
M01||test||161||sigh,M01,161,sigh,0.0002,3,1.177625,0.0655946481614261,0.0002000033855438,0.0001198921147899,54.7615557218617,4970.643760833084,7437.5,2.3671351069533424,9.367132137577943,0.0272475103265675,0.1391208231341784,0.156087820736633,0.6740502236407798
M01||test||162||leak,M01,162,leak,0.0002,3,1.1565625,0.0674120262464935,0.0002000033855438,0.0001147170992479,55.38218448738234,5220.023070358861,7484.375,2.212707875693685,9.096602748620867,0.0227164489013287,0.1083017492406109,0.1421007324522215,0.7234379645777334
M01||test||163||hark,M01,163,hark,0.0002,3,1.4299375,0.0723838019897091,0.0002000033855438,0.0001131677513181,56.11837408956403,5393.206981563117,7468.75,2.6320749646881243,9.84488253782777,0.0214640344006562,0.0861208668137222,0.1250591136181163,0.763983485057209
M01||test||168||sign,M01,168,sign,0.0002,3,1.545625,0.0650048357356131,0.0002000033855438,0.0001184239442998,54.790122866423125,5148.176699022199,7453.125,2.407252384756047,9.41017696240407,0.0241488054439585,0.1274926923684815,0.1384140146115234,0.7068091317406846
M01||test||169||fitting,M01,169,fitting,0.0002,3,2.102875,0.0734777541796844,0.0002000033855438,0.000112120190513,56.32944093501632,4832.730332813985,7390.625,2.512346976917563,9.37765186271658,0.024784272264001,0.1222277160551949,0.2158714794535251,0.6328592151203415
M01||test||16||bit,M01,16,bit,0.0002,3,3.535,0.2061596543278064,0.0002000033855438,0.000133402723922,63.78077959828836,4499.61069496055,7265.625,0.9625008695983036,3.406224198692672,0.0251438672514219,0.1925210068171359,0.219546763383135,0.5582712930637799
M01||test||170||at,M01,170,at,0.0002,3,1.3353125,0.0670796332595626,0.0002000033855438,0.0001128370058611,55.48278251901432,5091.652873253178,7421.875,2.6029195000066965,9.910011830151175,0.0251315993847055,0.1068298463896917,0.1724502855576192,0.6918257032161697
M01||test||171||cart,M01,171,cart,0.0002,3,1.66125,0.075530674258467,0.0002000033855438,0.0001137369003612,56.44443946526487,5272.748691579604,7453.125,2.788312485324265,10.27158777602516,0.0235652072147503,0.0993732209336917,0.1371590337097845,0.736757152180475
M01||test||172||bit,M01,172,bit,0.0002,3,1.5035,0.0662241604132367,0.0002000033855438,0.000116235836897,55.113528283255,4915.602547734876,7375.0,2.946514139590282,10.323153128089835,0.0230974274835913,0.1291624454869733,0.1759541603366188,0.668486435530071
M01||test||178||tell,M01,178,tell,0.0002,3,1.30375,0.0809519267951551,0.0002000033855438,0.0001223091768431,56.415362936917646,5120.102553308186,7421.875,2.464321616477146,9.591862919666838,0.0217845930271572,0.1078833478749898,0.1597838079363228,0.7071358720802271
M01||test||17||bubble,M01,17,bubble,0.0002,3,2.95,0.228750728259269,0.0002000033855438,0.0001159261304072,65.90362291878796,4796.145247071388,7343.75,0.9197224885624552,3.0031389946652185,0.0248720379427013,0.1395500624446862,0.2172532632350625,0.614021676739166
M01||test||182||bloat,M01,182,bloat,0.0002,3,1.942375,0.0699617595095173,0.0002000033855438,0.0001136552946256,55.78542102309758,4962.839005680934,7421.875,2.893934222571138,10.427607436508453,0.0212624037627417,0.1143472725414187,0.196629047412514,0.664713839136957
M01||test||183||sergeant,M01,183,sergeant,0.0002,3,2.040375,0.0434219282208323,0.0002000033855438,0.000111240224141,51.82894499658132,5155.401211645273,7468.75,2.7536278517472947,10.096995289464132,0.0239874589860647,0.1034166854948103,0.1535554598220765,0.7156587824023546
M01||test||184||lair,M01,184,lair,0.0002,3,1.762875,0.0704798809726273,0.0002000033855438,0.0001172605786789,55.57826257744425,4966.837226166982,7421.875,2.725137102020179,9.972285445027133,0.0237654291607788,0.1158802659118627,0.1924263821363325,0.6639264710259593
M01||test||186||oscar,M01,186,oscar,0.0002,3,2.073,0.0628061672432278,0.0002000033855438,0.0001118916489837,54.98409234169565,4932.087502796194,7375.0,2.9718847730193114,10.496850059879344,0.024831193027979,0.1261481443691952,0.1735755701054294,0.6714513580308853
M01||test||189||quebec,M01,189,quebec,0.0002,3,2.23625,0.0278003320308157,0.0002000033855438,0.0001139758838496,47.744740283866776,4832.374232779535,7437.5,2.915057545611002,10.11058480750517,0.0311414234370295,0.1385987981715627,0.1894073150408152,0.6364493017576677
M01||test||18||chair,M01,18,chair,0.0002,3,1.4875,0.1250067602774331,0.0002000033855438,0.000117177952435,60.561751901934365,4945.008271643159,7343.75,1.6658961695093302,6.94564902074715,0.022451850296705,0.1283592148199784,0.1755283682218844,0.6694409526853827
M01||test||190||shy,M01,190,shy,0.0002,3,1.7955,0.0509075827744511,0.0002000033855438,0.0001160849666103,52.84012990574134,5212.731333088674,7468.75,2.620151143985411,9.914138293635853,0.0237451702001519,0.1119160794449854,0.1369466458222084,0.724088570158892
M01||test||192||blow,M01,192,blow,0.0002,3,1.7301875,0.0860945915108579,0.0002000033855438,0.0001169253451998,57.34134418082686,4831.91286956324,7359.375,2.78508737465021,10.138249967945525,0.0227953453590837,0.1288847520135975,0.1975234441896581,0.6462589853241694
M01||test||193||loyal,M01,193,loyal,0.0002,3,2.024,0.0994970289642149,0.0002000033855438,0.0001115137206256,59.00963612982228,4978.675542887803,7421.875,2.5624611273460074,9.603165704876062,0.0249708991525792,0.1196435069246689,0.1833538412585475,0.6683229444745186
M01||test||196||pretty,M01,196,pretty,0.0002,3,1.9098125,0.0588370039649216,0.0002000033855438,0.000114609347591,54.20861019210445,4999.001595996007,7453.125,2.550509056350246,9.656451676905084,0.0291429910092266,0.1194737031062409,0.1773255591875155,0.670501466453489
M01||test||198||hem,M01,198,hem,0.0002,3,1.7465,0.0280312668746834,0.0002000033855438,0.0001162443469712,47.64541768159107,4963.807817993916,7468.75,3.050784184614373,10.483059750856183,0.0252435265675686,0.1542889346098971,0.1537116054824399,0.6626348639351979
M01||test||199||juliet,M01,199,juliet,0.0002,3,2.1709375,0.085155392817571,0.0002000033855438,0.0001130890069133,57.535835326363085,5099.335146545333,7390.625,2.6496824066722007,9.945524335827775,0.0222546657752593,0.0974006542857538,0.1643429642328858,0.7122975603250644
M01||test||200||rich,M01,200,rich,0.0002,3,1.8934375,0.0552852881015196,0.0002000033855438,0.0001173568627219,53.462021720793786,4670.46757657785,7328.125,2.7453599020905712,9.795370855868391,0.0262733998897601,0.1393296464283623,0.2293260467662885,0.6002518009824558
M01||test||201||pit,M01,201,pit,0.0002,3,1.6649375,0.0658816133820232,0.0002000033855438,0.0001134720253675,55.277508388766094,4937.021597797325,7406.25,2.562139512038431,9.678638238581934,0.0244670485391906,0.1291867013546331,0.1782251227932098,0.6644902230343075
M01||test||203||cake,M01,203,cake,0.0002,3,1.8118125,0.0355600234553103,0.0002000033855438,0.0001109344987704,50.11790826592972,4649.856549274252,7343.75,2.7346638903592773,9.878204486298488,0.0304533059789599,0.1596342971801697,0.2000277622986741,0.6045931917028268
M01||test||204||thorn,M01,204,thorn,0.0002,3,2.823875,0.0317757596079901,0.0002000033855438,0.0001172336753993,48.66087120971556,5024.301468200866,7406.25,3.3405886097020714,11.178213199474015,0.0225448027998641,0.1155672812062215,0.1819543382458276,0.6762162549545769
M01||test||207||fill,M01,207,fill,0.0002,3,1.2405625,0.0673809440166388,0.0002000033855438,0.0001129985617646,55.50928350714091,4912.10195913058,7328.125,2.9000694085321017,10.216190220634337,0.0240129689739108,0.1176309308365678,0.1813163381274427,0.6736876656631458
M01||test||20||feed,M01,20,feed,0.0002,3,1.80625,0.0918636507039986,0.0002000033855438,0.0001126442604056,58.228692651852434,4932.103166584793,7421.875,1.512565880622222,6.48241319463255,0.0261737328858042,0.1398116569220863,0.1671908672006603,0.6623033076693666
M01||test||20||horn,M01,20,horn,0.0002,3,3.51,0.145029960420054,0.0002000033855438,0.0001384808886851,60.40135773075582,4719.8435412444505,7343.75,1.0742164908115832,3.793689741727317,0.0202768272615983,0.1528896934635269,0.2262163740867218,0.5956040665051636
M01||test||210||reek,M01,210,reek,0.0002,3,1.6159375,0.0460077909930573,0.0002000033855438,0.0001083380322017,52.56100877283912,4860.274510034359,7406.25,2.754140764557866,9.719474559911715,0.0278164840117144,0.1286237391650023,0.1923202876742523,0.6474597774439561
M01||test||211||seeds,M01,211,seeds,0.0002,3,1.6485625,0.0410293900478689,0.0002000033855438,0.0001115257115215,51.3144011604542,4630.744530542061,7390.625,2.4216802639716684,8.850101124521633,0.0342141360587736,0.1705426395244045,0.1925665758393856,0.5981048809948474
M01||test||216||written,M01,216,written,0.0002,3,1.5948125,0.0401363878540739,0.0002000033855438,0.0001193203351479,50.53647640521216,4842.91725775387,7375.0,2.7063434475835884,10.054444061272104,0.0217999875979664,0.1139524017296731,0.2230298751450665,0.6363752574757664
M01||test||217||kitten,M01,217,kitten,0.0002,3,1.9466875,0.0353330803158647,0.0002000033855438,0.0001148816523285,49.7586165451985,4824.435415335317,7390.625,3.062262140672601,10.638694122181528,0.0270363083895036,0.1396942087860723,0.1854907716578748,0.6431440928370695
M01||test||218||lick,M01,218,lick,0.0002,3,1.2430625,0.0411697162009823,0.0002000033855438,0.0001166159970988,50.95639486550012,5173.813638930048,7515.625,2.865381342821383,10.352380825411473,0.0227039763335023,0.1192551954885741,0.1426629198607273,0.7117576886212789
M01||test||21||bat,M01,21,bat,0.0002,3,3.69,0.1376349862868232,0.0002000033855438,0.0001201546419226,61.179765808152126,4832.368376441514,7390.625,0.9920362921467646,3.4837157329134403,0.0261959137522632,0.1447612012154268,0.2079206694729587,0.6169265457816313
M01||test||221||much,M01,221,much,0.0002,3,1.5010625,0.0526667332366132,0.0002000033855438,0.0001164389423572,53.10876258384962,5104.350576259272,7421.875,2.567649696866868,9.797780152264902,0.0256006232953474,0.1057240355559866,0.1646692295995206,0.7004203633354729
M01||test||223||five,M01,223,five,0.0002,3,1.25475,0.0621925592329621,0.0002000033855438,0.0001220253614713,54.1457665127541,5270.44884956918,7390.625,2.586036521903007,9.729037251681447,0.021296398621967,0.1002853314858409,0.1305464843914024,0.7450065832300161
M01||test||224||top,M01,224,top,0.0002,3,1.465875,0.0593305972497113,0.0002000033855438,0.0001121772968361,54.46747499346067,5167.938292339634,7421.875,2.9284037301303574,10.666583433874491,0.0238065285737603,0.0994684032022851,0.1629784679799197,0.7103685424073825
M01||test||226||chop,M01,226,chop,0.0002,3,1.2665,0.0593947493417919,0.0002000033855438,0.0001134855301224,54.376151263082456,5262.737635501138,7484.375,2.662566285660318,10.152795781356112,0.0228400435927712,0.1000265925210451,0.1435956550593689,0.73079730740524
M01||test||229||mitten,M01,229,mitten,0.0002,3,1.7004375,0.0524052401922285,0.0002000033855438,0.0001130815062796,53.31966262129092,4871.918911095465,7359.375,2.8634329086297114,10.27910980555882,0.0244545763769141,0.1238889666320717,0.1940000588256899,0.6540797342843576
M01||test||22||floor,M01,22,floor,0.0002,3,2.125,0.1507684791815584,0.0002000033855438,0.0001044784572274,63.18567606146063,4784.710253826103,7312.5,1.5763245749088215,6.6630715679964325,0.0265033756077616,0.1260224319908038,0.194828002767044,0.6484271361909487
M01||test||231||golf,M01,231,golf,0.0002,3,1.571375,0.0743586271505948,0.0002000033855438,0.0001278307544899,55.29392021495465,5227.76199066976,7375.0,2.354818729670833,9.306077859602713,0.0196490188188296,0.1051478720896678,0.147718785143092,0.7244110598054322
M01||test||233||dart,M01,233,dart,0.0002,3,1.442375,0.0916654443556871,0.0002000033855438,0.0001183921732847,57.77765310458106,4999.873302165789,7296.875,2.4068713363945475,9.53803820057935,0.0231609093430065,0.1199340023665896,0.1713725336075678,0.6820334766315814
M01||test||234||leak,M01,234,leak,0.0002,3,1.29,0.0509754239851075,0.0002000033855438,0.0001168789752743,52.79248902756535,5127.095454745418,7468.75,2.611970703349232,10.045069673821766,0.0220963069003572,0.118476795346098,0.1567058258090608,0.6995770176198055
M01||test||236||part,M01,236,part,0.0002,3,1.53625,0.0658935072856226,0.0002000033855438,0.0001131674247799,55.30242381813083,4867.147312825149,7328.125,2.91086528392358,10.420098478886707,0.0255214414746061,0.1030732157206961,0.2132719324002187,0.6543441614362123
M01||test||237||nine,M01,237,nine,0.0002,3,1.6769375,0.0438322103567849,0.0002000033855438,0.0001166022770948,51.50172679886015,4875.800843687798,7390.625,2.6618946027915658,9.83423232312089,0.0231658287614327,0.1310282900084914,0.1885221207756046,0.6534854468759329
M01||test||238||spark,M01,238,spark,0.0002,3,1.7473125,0.0429282562956828,0.0002000033855438,0.0001115985498668,51.70169393766949,4661.000592338205,7312.5,2.4997766135988986,9.2485950494932,0.0313040833562689,0.1456347697814104,0.2156439381701415,0.6020752357175018
M01||test||243||bitten,M01,243,bitten,0.0002,3,1.86375,0.0430334515397745,0.0002000033855438,0.000114344324355,51.51183135686768,4877.441977276082,7359.375,3.150630899755719,10.851545414975908,0.0240523558175316,0.1198659185535167,0.1973246410860832,0.6539856392441583
M01||test||244||leak,M01,244,leak,0.0002,3,1.7790625,0.04263141439189,0.0002000033855438,0.0001115345698879,51.64640489455642,4752.477443070583,7343.75,2.6046872808220027,9.464290878237811,0.0280731656235615,0.1358114670433543,0.2021112458738606,0.6293720088779468
M01||test||245||thought,M01,245,thought,0.0002,3,3.6428125,0.0175178197622959,0.0002000033855438,0.0001179650527105,43.4345337511318,4738.450163877761,7328.125,3.4918852680545323,11.29205790175986,0.025635293461965,0.1476727871455488,0.1984800360946466,0.6240797441526063
M01||test||246||thought,M01,246,thought,0.0002,3,1.344875,0.0642241868870019,0.0002000033855438,0.0001106286447941,55.27662044545434,5135.9085259249805,7421.875,2.6833966922828503,9.84479255498888,0.0243414936989741,0.1067584627244365,0.1627823315413931,0.7031379150452427
M01||test||250||side,M01,250,side,0.0002,3,1.376625,0.0589838607058132,0.0002000033855438,0.0001160107976838,54.124695645877736,5158.784320498932,7484.375,2.149922580667256,8.892024524165615,0.0241550177473142,0.1103784538543431,0.1597029758572099,0.7013941674116553
M01||test||251||brawn,M01,251,brawn,0.0002,3,1.92725,0.0557888536236159,0.0002000033855438,0.0001137702177663,53.810376960862165,5070.531835998405,7406.25,2.929285481158624,10.338321704786944,0.0211948653243275,0.1125382329721972,0.1704656869926963,0.691979991892353
M01||test||252||lima,M01,252,lima,0.0002,3,1.704875,0.0465746440461548,0.0002000033855438,0.0001158168455249,52.08755624865954,5259.330809195654,7468.75,2.833798405806714,10.418567975662029,0.021856928260621,0.0991409070423916,0.1480110571142938,0.7279302472869325
M01||test||253||pitting,M01,253,pitting,0.0002,3,1.3978125,0.0613248608523428,0.0002000033855438,0.0001102135260158,54.9080334927508,4869.604174818057,7390.625,2.5091443025456126,9.595762768140954,0.024928259401287,0.1282999303647406,0.1963823630878963,0.6462049391594514
M01||test||257||start,M01,257,start,0.0002,3,1.599,0.0334194615553261,0.0002000033855438,0.000115530316279,49.226069722120926,4766.649988790834,7390.625,3.060388400053828,10.465569932494615,0.0294270881254321,0.1458602901700043,0.1945146546941478,0.6257460229001072
M01||test||258||park,M01,258,park,0.0002,3,1.228375,0.0490341215266787,0.0002000033855438,0.0001105026363218,52.94251519469982,5001.497210141078,7406.25,2.5780956145085576,9.612585210118446,0.0271897822391689,0.0975770092278022,0.1896072892501622,0.6812594507817892
M01||test||259||harp,M01,259,harp,0.0002,3,1.8319375,0.033558134080612,0.0002000033855438,0.0001160059953146,49.22634740628472,4989.449040766879,7390.625,3.246613474488118,10.993173585617935,0.0251322637048775,0.109955309162509,0.1849944472283587,0.676104679695572
M01||test||25||knew,M01,25,knew,0.0002,3,3.125,0.2183730477767884,0.0002000033855438,0.0001214155429625,65.09849498290156,4523.372969650738,7281.25,0.9485010813137408,3.3019328385528297,0.026708718023255,0.1699499659749883,0.2368482760941891,0.5613771084256611
M01||test||25||wish,M01,25,wish,0.0002,3,1.476375,0.0903661782179312,0.0002000033855438,0.0001204500790832,57.50397651869476,4416.35876707442,7375.0,1.3502958107234906,6.33148489803728,0.0375925834754967,0.2083498810278986,0.2034462097838784,0.5461718294540895
M01||test||260||sitting,M01,260,sitting,0.0002,3,2.177125,0.0574918308442457,0.0002000033855438,0.0001122496939242,54.18841947265992,4699.7035174232815,7296.875,2.6289057130158886,10.001124849953683,0.0321256276061641,0.1425549476138132,0.1959695011253464,0.6240204440461973
M01||test||263||city,M01,263,city,0.0002,3,1.822125,0.0661611464323067,0.0002000033855438,0.0001173586577926,55.02175776173669,4830.0024793194525,7406.25,2.4512541485698915,9.197268299899562,0.0235587613124691,0.1336750252637548,0.2032620188080745,0.635466434451834
M01||test||264||witch,M01,264,witch,0.0002,3,2.106125,0.0572571436961424,0.0002000033855438,0.0001117625102852,54.19067062706298,4778.839257567744,7406.25,2.787338673792958,9.943483288147617,0.0266213755390253,0.1321459956921147,0.2112986588146769,0.6246917444076349
M01||test||265||him,M01,265,him,0.0002,3,2.12975,0.0290154328406885,0.0002000033855438,0.0001148722009778,48.04828222503623,4755.513134315756,7375.0,2.7159382413851847,9.547404363298591,0.0285150684348347,0.1427444768962764,0.1956818599822457,0.628937060727474
M01||test||266||knitting,M01,266,knitting,0.0002,3,2.5084375,0.0387719726864427,0.0002000033855438,0.0001162014930235,50.46612379928288,4509.047759456728,7328.125,2.90491006600165,10.071020468162816,0.0272926636527743,0.1625778760442216,0.2408527075635253,0.5639801073344681
M01||test||267||vat,M01,267,vat,0.0002,3,1.9168125,0.0254515714905201,0.0002000033855438,0.0001141510467412,46.9646940898659,4953.117436543238,7390.625,3.2600640963855696,10.818318087659044,0.0269307473767677,0.1299727335356274,0.1690524381872078,0.6699978259827136
M01||test||269||spain,M01,269,spain,0.0002,3,1.964125,0.0496501214988727,0.0002000033855438,0.0001134263320428,52.82412854821413,4611.790167257163,7312.5,2.3747938399947,9.2425497381067,0.0363755022768998,0.1519720404271256,0.2022771323895688,0.6041901714411269
M01||test||26||sigh,M01,26,sigh,0.0002,3,1.9383125,0.0473497687143516,0.0002000033855438,0.0001145518524425,52.32631490659035,4909.315227884074,7468.75,1.8481445039485065,7.5753331034536,0.0292166610075467,0.1308921480056347,0.192537483818878,0.6427881212345333
M01||test||270||sell,M01,270,sell,0.0002,3,2.34275,0.0412410386010921,0.0002000033855438,0.0001141773868362,51.15498989483936,4947.409782091142,7406.25,2.875595357189634,10.152043549837996,0.0288686421844138,0.1215802855925046,0.1803390318209528,0.6652450968768199
M01||test||272||hitting,M01,272,hitting,0.0002,3,2.2718125,0.0559770806644915,0.0002000033855438,0.0001156173436164,53.69974516586456,4723.644131735961,7281.25,3.049435885574331,10.478301692744497,0.0231759456843505,0.1288526592789541,0.2157737557736145,0.6280005488494195
M01||test||273||witty,M01,273,witty,0.0002,3,2.1534375,0.0758588097475891,0.0002000033855438,0.0001127676687557,56.5564284363617,4838.096323723437,7390.625,2.891424657407944,10.169894419986155,0.0242076291322169,0.1242459126264559,0.2130696029324079,0.6344216279645101
M01||test||274||witty,M01,274,witty,0.0002,3,1.9405,0.0772606685933334,0.0002000033855438,0.0001159257104149,56.47557392157458,4761.115964822682,7421.875,2.869393479355677,10.319836183187007,0.0226922121662719,0.1294601785446099,0.2268871538205166,0.6158714309552343
M01||test||276||mush,M01,276,mush,0.0002,3,1.8695,0.0612019886850037,0.0002000033855438,0.0001126723218176,54.698965808326165,4991.051230367037,7421.875,2.5735126973362807,9.698703969138904,0.0259696159481955,0.1148266697913761,0.1751797450720909,0.6790552286246666
M01||test||277||heart,M01,277,heart,0.0002,3,2.0824375,0.0586535486553289,0.0002000033855438,0.0001112925367896,54.43656502267145,5065.129727201746,7406.25,3.0235735323721102,10.544639715024092,0.0249036222940387,0.1031560324289537,0.1729737733563921,0.6952097830121953
M01||test||279||league,M01,279,league,0.0002,3,2.34275,0.0695687282210503,0.0002000033855438,0.000115494930255,55.59702286406416,4970.218092031717,7406.25,2.930810593259608,10.4391531610625,0.0225755411050173,0.1183067252688438,0.1863415800526469,0.6687131280796169
M01||test||27||troop,M01,27,troop,0.0002,3,1.564625,0.0682613387142205,0.0002000033855438,0.0001060751947374,56.171219270015285,5055.054577753721,7484.375,1.862892331898756,7.529605169331567,0.0262060079003513,0.1053610946120691,0.1850227191500891,0.6800808411414351
M01||test||280||six,M01,280,six,0.0002,3,2.035125,0.0484926466804438,0.0002000033855438,0.0001159490676984,52.42817254258411,4760.48888662692,7375.0,2.4362783239936974,9.325744348943235,0.0264412548002553,0.1391776069041973,0.2030954517800219,0.6265078534086206
M01||test||281||pit,M01,281,pit,0.0002,3,2.2244375,0.04544604569887,0.0002000033855438,0.0001148336527965,51.94853842264532,4784.93883416873,7406.25,2.9831982029763418,10.335865378176564,0.026459235025577,0.1526768024579069,0.1902017622431305,0.6265505097547966
M01||test||282||seed,M01,282,seed,0.0002,3,1.8458125,0.0418240551360921,0.0002000033855438,0.0001126346202931,51.39508478212355,4805.343128287907,7484.375,2.4589376684336504,9.487015814089036,0.0291188801290332,0.1442956739115377,0.1981636632951101,0.6243051949606794
M01||test||283||hat,M01,283,hat,0.0002,3,3.147375,0.0508829551719823,0.0002000033855438,0.0001140009724748,52.993275403911866,4809.237938945118,7343.75,3.284659133968651,10.937756711950676,0.0255680190595057,0.1246344572888178,0.2083249153842543,0.6378380026290578
M01||test||286||brought,M01,286,brought,0.0002,3,2.2244375,0.0603269121716686,0.0002000033855438,0.0001139516649908,54.47580842704458,5156.092272364669,7453.125,3.0928712875960804,10.59234747059402,0.0220309516567742,0.1053838883823118,0.1607897393327139,0.7078763893396943
M01||test||287||ticker,M01,287,ticker,0.0002,3,2.2244375,0.0449629431602296,0.0002000033855438,0.0001136882772832,51.94278091262339,4709.652642758055,7218.75,3.0795171403018484,10.652679562231896,0.0284491469560141,0.1341006421326757,0.1914445708046964,0.6415536271875092
M01||test||28||jacket,M01,28,jacket,0.0002,3,4.85,0.2150486494585818,0.0002000033855438,0.0001264356803413,64.61334139301178,4544.996590435824,7281.25,0.947931073967404,3.2351942411185,0.024918755234646,0.2004071110348438,0.1973976224310743,0.5731016268012281
M01||test||29||double,M01,29,double,0.0002,3,2.89,0.2824746127729688,0.0002000033855438,0.0001146786263131,67.82993879784352,4524.012286399614,7234.375,0.8360857703378355,2.6203208419737947,0.0281161682788236,0.1693904941358693,0.230616456854893,0.5661640551244488
M01||test||2||air,M01,2,air,0.0002,3,1.1953125,0.1109172447032678,0.0002000033855438,0.0001097393127021,60.09273673689165,5218.879744254952,7453.125,1.4912290955464764,6.714207976004424,0.0230169018598615,0.0927290668900438,0.1559521106838258,0.7254583725059406
M01||test||30||slip,M01,30,slip,0.0002,3,1.961625,0.1107138230381729,0.0002000033855438,0.0001112862671181,59.955205449514025,4963.993383099717,7484.375,1.445187108871903,6.5845192426345145,0.033700995289284,0.1372483972305513,0.1692672130894913,0.6552718533413862
M01||test||31||dug,M01,31,dug,0.0002,3,2.84,0.2918318794350634,0.0002000033855438,0.0001562380170681,65.42692027397626,4527.746363898063,7234.375,0.9843675377782636,3.4301949341829903,0.0214900927664655,0.1877821640803142,0.2234722811423279,0.5621883570644957
M01||test||32||pot,M01,32,pot,0.0002,3,1.4011875,0.1312377437231182,0.0002000033855438,0.0001168299806619,61.01008900910922,5208.963565234791,7468.75,1.8699390738427135,8.025922986773615,0.0221960188468669,0.0934845397430248,0.1700681742629114,0.7109161456934898
M01||test||32||share,M01,32,share,0.0002,3,4.045,0.2624042608780165,0.0002000033855438,0.0001361992110279,65.69592581905476,4214.442410055482,7156.25,0.8161171737475875,2.5029880913856264,0.0289664120553087,0.2325460095892539,0.2270808332193343,0.5059118055642785
M01||test||33||warm,M01,33,warm,0.0002,3,3.53,0.3066938648821146,0.0002000033855438,0.0001159556610808,68.44826264409461,4796.779086251789,7343.75,0.8345008274423386,2.6166168864278205,0.0268202350624954,0.1497923820140166,0.2005396705063738,0.6181232186204842
M01||test||34||chair,M01,34,chair,0.0002,3,3.425,0.2773139572264005,0.0002000033855438,0.0001299673716444,66.58274783976933,4647.130201449323,7296.875,0.875257054132988,2.9186676724352765,0.0249870754630379,0.1799185359569645,0.2027731173505177,0.5880515504196229
M01||test||34||pay,M01,34,pay,0.0002,3,1.4711875,0.1036828638602004,0.0002000033855438,0.0001169602188068,58.95337624811973,4994.585550834039,7437.5,1.791930786019399,7.590224811981351,0.021933891423375,0.1220006246161554,0.191434048360949,0.6609800531653528
M01||test||35||sticks,M01,35,sticks,0.0002,3,3.4050625,0.2014680475958285,0.0002000033855438,0.0001254166017599,64.11702297268502,4256.042438522247,7171.875,0.8464975643677519,2.73915148272921,0.0291133735061084,0.2398003802186145,0.2058041102111729,0.5201750723584958
M01||test||36||alpha,M01,36,alpha,0.0002,3,3.3,0.2867243971827895,0.0002000033855438,8.996039148303616e-05,70.06826623281009,4297.500595602359,7125.0,0.7004380954057051,1.9456294442575224,0.0338650376319686,0.1946782498268044,0.23944837946162,0.526736277128351
M01||test||36||pile,M01,36,pile,0.0002,3,1.30775,0.1468851005890369,0.0002000033855438,0.0001250160701556,61.40023804295281,5352.795618759833,7406.25,1.9398966723429487,8.018103049826834,0.0169239828733279,0.0792984909056254,0.1530558186996693,0.7474212523560666
M01||test||37||hair,M01,37,hair,0.0002,3,3.83,0.2566491516179154,0.0002000033855438,0.000145479015827,64.93078957244978,4543.858712431378,7203.125,0.9714393482001894,3.3324192635722736,0.0258840704723503,0.1707278455471453,0.2267808307541375,0.5711744521203782
M01||test||38||rain,M01,38,rain,0.0002,3,4.715,0.2422319922587028,0.0002000033855438,0.0001281098874622,65.5329770279762,4374.813266676628,7171.875,0.8555457925096422,2.75193140650557,0.0240408460503398,0.1722241134162851,0.2696371438694531,0.5290481072930773
M01||test||40||play,M01,40,play,0.0002,3,1.6113125,0.138896806364042,0.0002000033855438,0.0001066647531219,62.29342655328352,5060.705871978058,7453.125,1.5756180722856268,6.697080706258043,0.0235042892570875,0.1216473098576878,0.162691087342819,0.6883854624424337
M01||test||41||urgent,M01,41,urgent,0.0002,3,2.0316875,0.1262888137732957,0.0002000033855438,0.0001131266824765,60.95599665297467,5249.617954813649,7437.5,1.7829467890739046,7.599965723639954,0.022089523018634,0.0806080952503394,0.1575464890115865,0.7363439284232594
M01||test||44||back,M01,44,back,0.0002,3,1.3904375,0.0627927077285242,0.0002000033855438,0.0001189692856207,54.44948714421056,5314.006746506012,7531.25,1.8482855271949767,7.728916596178841,0.0229230186708627,0.0977450609071472,0.1466911964268563,0.7295549662706051
M01||test||45||feet,M01,45,feet,0.0002,3,4.1450625,0.2446472188627505,0.0002000033855438,9.997888145924664e-05,67.77264018858736,4294.367887333778,7171.875,0.7779972872868574,2.394501837799428,0.0325037501134229,0.1940630814436207,0.2410206452447811,0.5276141008622721
M01||test||46||stubble,M01,46,stubble,0.0002,3,3.985,0.2443715644471475,0.0002000033855438,0.0001324423452095,65.32047613563458,4316.79796062409,7203.125,0.8682162270602041,2.7317210086000467,0.0243987407233617,0.2126917939944838,0.2335433547099245,0.5240617318591323
M01||test||47||park,M01,47,park,0.0002,3,2.885,0.2432941090361306,0.0002000033855438,0.0001377647826131,64.93986764179012,4697.2456249352745,7281.25,0.9554158115246342,3.2854692463859387,0.0213661080029014,0.1718620068645073,0.2077724400016305,0.594506027056414
M01||test||48||glow,M01,48,glow,0.0002,3,3.7500625,0.2618547609322904,0.0002000033855438,0.0001240069046418,66.4922921466891,4607.515423188586,7296.875,0.9157362060767578,3.043643274077453,0.026029621730489,0.1683944661552017,0.2219716905694311,0.5786249583581168
M01||test||48||shoot,M01,48,shoot,0.0002,3,1.5989375,0.0781218683045822,0.0002000033855438,0.000112478221771,56.8340835854069,4786.878480741583,7406.25,1.521858233120153,6.640999993223323,0.0284245441509997,0.1441586372433589,0.1959024764463959,0.6275530212777392
M01||test||49||shear,M01,49,shear,0.0002,3,2.06825,0.0930838685253751,0.0002000033855438,0.0001155029906802,58.12562389331038,4602.364781301586,7328.125,1.356252909007318,5.871593289397101,0.0374535844632646,0.1896762616483777,0.1636803336136132,0.6048546974909903
M01||test||4||knee,M01,4,knee,0.0002,3,1.009375,0.0637861789661349,0.0002000033855438,0.0001244937119422,54.19158341710869,5124.700429099713,7468.75,1.4947303310955808,6.4855811544492505,0.019996947013336,0.1220160511601504,0.1542634266004184,0.6996897671172945
M01||test||50||suit,M01,50,suit,0.0002,3,2.1378125,0.0658910506994654,0.0002000033855438,0.0001122000208317,55.37666990627598,4727.693847762974,7453.125,1.584563203786276,6.909317870278943,0.0374032985061094,0.1647952426345706,0.1738599463811391,0.6194513516867971
M01||test||50||swarm,M01,50,swarm,0.0002,3,3.9400625,0.2945787500062785,0.0002000033855438,0.0001285953219525,67.19952489794544,4679.639376145467,7296.875,0.8626451295141452,2.656153555666009,0.0254761447865856,0.1750800134393078,0.2006814327784603,0.5939604945273071
M01||test||51||droop,M01,51,droop,0.0002,3,1.9291875,0.106350039476642,0.0002000033855438,0.000115596135449,59.27588680461522,5100.496467089984,7375.0,1.9947137404586348,7.782612474637102,0.0230593649734496,0.1021341851489756,0.1720028847302632,0.699384617475795
M01||test||51||left,M01,51,left,0.0002,3,3.07,0.2915805740658211,0.0002000033855438,0.0001291233240807,67.0750777780452,4453.106527557742,7218.75,0.8459969615826101,2.691799143808989,0.0269031671632466,0.178014764845089,0.2483418339170268,0.5421009564164443
M01||test||52||form,M01,52,form,0.0002,3,3.3100625,0.2828961330445541,0.0002000033855438,0.0001201179660989,67.44038082334664,4697.634373013232,7343.75,0.9289826541703436,3.0786151755872964,0.0246125275055695,0.1736284606244279,0.2022329916466032,0.5954374123148265
M01||test||54||jaw,M01,54,jaw,0.0002,3,1.9639375,0.0722055228736939,0.0002000033855438,0.0001100630835709,56.33857482501586,5206.7013216839705,7484.375,1.858240493240528,7.658946156138601,0.0228752430375613,0.1128756685534668,0.1419817892072128,0.7193549822578374
M01||test||55||feed,M01,55,feed,0.0002,3,3.41,0.2315451600455578,0.0002000033855438,0.0001489896514603,63.82959206490731,4541.745415732812,7281.25,0.9729947043605558,3.355955610228793,0.0237378657363072,0.1835701047037217,0.2244244436340458,0.5633536862072678
M01||test||55||gnaw,M01,55,gnaw,0.0002,3,1.8944375,0.0653177982827867,0.0002000033855438,0.0001169050654463,54.9439641570112,5308.21026106324,7484.375,2.119094565032736,8.478658563368684,0.0210614186555533,0.099861002152782,0.1381595134134979,0.7375854678065225
M01||test||57||root,M01,57,root,0.0002,3,1.77275,0.0649157489778347,0.0002000033855438,0.0001167497296434,54.90188377337414,4786.645969962537,7390.625,2.155264367919526,8.001458730834194,0.0237961104110538,0.1184849060966917,0.2331308158567691,0.6208957096984415
M01||test||57||sip,M01,57,sip,0.0002,3,3.91,0.263899781035335,0.0002000033855438,0.0001317850795317,66.03145573737186,4344.2706773331865,7156.25,0.8892771502946812,3.00663103199185,0.0231401662503967,0.2073664315613616,0.2410908664604789,0.5238652177878446
M01||test||58||witch,M01,58,witch,0.0002,3,2.3115625,0.1004282505866744,0.0002000033855438,0.0001198645235995,58.46330467849539,4895.412444756006,7453.125,1.9761484356452648,7.827782644690935,0.0244405707966977,0.1378005632953279,0.190476829938328,0.642304974354197
M01||test||59||air,M01,59,air,0.0002,3,3.085,0.2555160278929245,0.0002000033855438,0.0001499936803008,64.6269037256885,4491.604215116921,7203.125,0.982653436403556,3.5554021325187346,0.0239326366359772,0.1821161303805086,0.2321891847872856,0.5562296590783031
M01||test||59||three,M01,59,three,0.0002,3,1.8075,0.1010260189180905,0.0002000033855438,0.0001154064431562,58.84406366176834,5139.440314433561,7421.875,1.9648970786509996,7.837702019480171,0.0222222861026105,0.0994602942451121,0.1650931088842749,0.7098936904370491
M01||test||5||race,M01,5,race,0.0002,3,1.461,0.0866673672240259,0.0002000033855438,0.0001289968537901,56.54552971456656,4834.826176336943,7406.25,1.3782867938554644,6.040818657776604,0.0256073074834497,0.1436220225633491,0.1959341169234814,0.6308153137023492
M01||test||60||error,M01,60,error,0.0002,3,1.8944375,0.0913827051913092,0.0002000033855438,0.0001145639902634,58.036317571501215,5058.957079121062,7406.25,1.8261673779024867,7.221511931085582,0.023247053676352,0.1095385786564118,0.1832404512521798,0.6806566161638332
M01||test||60||rate,M01,60,rate,0.0002,3,4.06,0.26658800242467,0.0002000033855438,0.0001442066600329,65.33710564337036,4599.258539207113,7281.25,0.9799393775114008,3.415499542918584,0.0226743535445542,0.1841261952416684,0.2182340899886792,0.5697946292987752
M01||test||61||farm,M01,61,farm,0.0002,3,4.88,0.256524275174357,0.0002000033855438,0.0001092914629106,67.41084459897127,4501.697176341179,7171.875,0.794388062643605,2.4348985041629723,0.0288997877679087,0.1708628612423534,0.2330687124959313,0.562227292193893
M01||test||62||sigh,M01,62,sigh,0.0002,3,1.3556875,0.09825295633437,0.0002000033855438,0.0001201949321414,58.249189402585074,5199.096443925475,7453.125,1.510562553838192,6.751888559602899,0.0257875723152272,0.1075791226401904,0.1482025631460191,0.7156623236001096
M01||test||62||slip,M01,62,slip,0.0002,3,3.45,0.3010418363789148,0.0002000033855438,0.0001014348315364,69.44879484578914,4563.896884114176,7250.0,0.7074681914948139,2.08222226973907,0.0316458706016868,0.1730136546268994,0.2090369594712321,0.5815575970056175
M01||test||63||rock,M01,63,rock,0.0002,3,1.8075625,0.0957780961948046,0.0002000033855438,0.0001097031906686,58.82093882382523,5301.524720664684,7531.25,1.880345826484165,7.583466321794198,0.024709066618007,0.0909721525055391,0.1524327777048586,0.7285378281484787
M01||test||64||tile,M01,64,tile,0.0002,3,1.5120625,0.1241541079613064,0.0002000033855438,0.0001145422658969,60.6999064746296,5273.705903258296,7468.75,1.7613044846430093,7.540597693134541,0.0219407313584787,0.1009922430039407,0.1449974506256292,0.7290865739843553
M01||test||64||trade,M01,64,trade,0.0002,3,4.095,0.3095842524044245,0.0002000033855438,0.0001228159501082,68.030481781146,4558.938054638136,7234.375,0.8289278965953396,2.6416993641684345,0.0248238431877454,0.1907257008879537,0.2033104460301674,0.5768931733858753
M01||test||65||suit,M01,65,suit,0.0002,3,1.26875,0.1112269474992118,0.0002000033855438,0.0001234610106919,59.09360381462654,4897.543956690328,7453.125,1.4743198545449494,6.691851220490392,0.0330678871753821,0.1438553868705767,0.1658866570213528,0.6536379287696026
M01||test||65||two,M01,65,two,0.0002,3,4.515,0.2127797998827671,0.0002000033855438,0.0001186096636511,65.07620643505942,4622.6765420451375,7312.5,0.979279154125602,3.318410005624624,0.0281356976542953,0.1739937150758105,0.2101966628347829,0.5830491377424544
M01||test||67||born,M01,67,born,0.0002,3,4.135,0.2949576773200439,0.0002000033855438,0.0001305525396132,67.07948760438757,4522.889392469447,7250.0,0.9299587728149988,3.14518101441332,0.0260883479886401,0.1838265047307983,0.2174712987311526,0.5668179158412444
M01||test||67||charlie,M01,67,charlie,0.0002,3,1.964,0.1414330638178128,0.0002000033855438,0.0001145647585582,61.82999810547516,5309.714305571915,7468.75,1.783914424001244,7.546597599238907,0.0205357302102135,0.0912415670742364,0.1459908181936066,0.739426724559285
M01||test||68||boot,M01,68,boot,0.0002,3,1.616375,0.1294289085768838,0.0002000033855438,0.0001170108335383,60.87610431712947,5016.8399813146425,7406.25,2.076406746247063,8.238985248985628,0.0223991351649725,0.1043715844414625,0.1935125543977552,0.6749771046254672
M01||test||68||right,M01,68,right,0.0002,3,3.64,0.3081197908183956,0.0002000033855438,0.0001303924482393,67.46934309323436,4434.404520372619,7140.625,0.8639563552762961,2.7752435448745616,0.0220335218513745,0.176477114247249,0.2494994717621349,0.5465261065786774
M01||test||69||know,M01,69,know,0.0002,3,3.33,0.2980550748049824,0.0002000033855438,0.0001542692006433,65.7203458299742,4674.237636349762,7296.875,0.9941175741460836,3.6250176278131945,0.0209890470140119,0.1609622838368177,0.2277425106967822,0.5854202274107262
M01||test||6||torn,M01,6,torn,0.0002,3,1.4078125,0.0978260328680225,0.0002000033855438,0.0001159121091398,58.526512672697166,5277.288997800618,7468.75,1.7651184743486674,7.347879004788127,0.0202074908330307,0.0964229875486877,0.151433100989224,0.728785333313108
M01||test||6||trait,M01,6,trait,0.0002,3,2.86,0.2493921395163845,0.0002000033855438,0.0001530655263719,64.24010743410724,4662.574451441273,7312.5,0.9989466860908724,3.416237511404917,0.0242459722642409,0.1846658665577021,0.1956800852300577,0.5917497357842672
M01||test||70||area,M01,70,area,0.0002,3,2.2073125,0.1563318882517932,0.0002000033855438,0.0001182648317907,62.42383910223082,5173.91289781298,7437.5,1.6435425873274103,7.128205661069233,0.0220439885487821,0.110006437190976,0.15912630016265,0.7053192841911102
M01||test||70||pat,M01,70,pat,0.0002,3,3.0600625,0.2672032411278079,0.0002000033855438,0.000126640191432,66.48540326813324,4379.857824126757,7203.125,0.8579238687462805,2.75410815792712,0.0248466561070969,0.1865786341851641,0.2575335121333896,0.5263296337644108
M01||test||71||steer,M01,71,steer,0.0002,3,1.8596875,0.121613087756525,0.0002000033855438,0.0001406174465227,58.738822161014056,4691.044088909227,7250.0,1.6777380656126637,7.100170130143575,0.0422906538227903,0.1263449886621642,0.2018277978546185,0.6238325504010603
M01||test||72||deer,M01,72,deer,0.0002,3,1.4873125,0.1143029334860574,0.0002000033855438,0.0001180918789998,59.71674686932536,4938.992888483655,7375.0,1.8351110347415,7.431756763670905,0.024826113468062,0.1117236480002668,0.1941280931204262,0.6661520772216213
M01||test||74||car,M01,74,car,0.0002,3,3.54,0.2805311128400208,0.0002000033855438,0.0001116924304253,67.9991458648597,4431.893357877812,7156.25,0.777044600913553,2.4111221872238544,0.0321193702520105,0.1747982456737797,0.2321470434692278,0.5561305216564667
M01||test||75||rave,M01,75,rave,0.0002,3,3.125,0.3240235865592326,0.0002000033855438,0.0001336605575133,67.6914671310477,4639.9193871616535,7312.5,0.8649326705808847,2.567068100063821,0.0240385326214798,0.1813526893996092,0.2036467091922791,0.5865289130061154
M01||test||76||beta,M01,76,beta,0.0002,3,2.9900625,0.3306263193429712,0.0002000033855438,0.000127606759675,68.26927483319116,4398.948108378513,7187.5,0.8449719552886159,2.808579220509828,0.0251862825328578,0.1924335211760025,0.2398401291161432,0.5375177153006112
M01||test||78||storm,M01,78,storm,0.0002,3,4.07,0.3056064912141383,0.0002000033855438,0.0001383217699136,66.88544074466526,4661.147119667527,7312.5,0.6464204737281847,1.7107410195979256,0.0417370185547096,0.1567831610944363,0.1989994444036459,0.5976828126429314
M01||test||79||pat,M01,79,pat,0.0002,3,1.594625,0.1484785093233163,0.0002000033855438,0.0001164277977632,62.11213831761158,5180.311884275038,7421.875,1.6612704831761034,7.098901250907339,0.023207188415391,0.1057250132536972,0.1625065543860127,0.705320511347538
M01||test||79||warm,M01,79,warm,0.0002,3,3.03,0.3119110197455527,0.0002000033855438,0.0001026195899581,69.65600887123233,4597.78485927255,7281.25,0.8004415037517509,2.366328503378132,0.0286703249748695,0.1621765555779698,0.2194852021515234,0.5839815904395994
M01||test||7||trouble,M01,7,trouble,0.0002,3,2.62,0.1853021861103694,0.0002000033855438,0.0001124802054153,64.33608884311872,4880.144812573768,7359.375,0.9363425178338264,3.1667215711639045,0.023834342386202,0.1359482835903994,0.1972346199357608,0.6388110917990665
M01||test||80||trace,M01,80,trace,0.0002,3,3.3,0.3085376915089696,0.0002000033855438,0.0001147349165501,68.59225243373233,4585.304660961873,7296.875,0.7855709444837964,2.403005329813655,0.0269917266675459,0.1799820967909207,0.2108971442792974,0.5771055672738098
M01||test||81||tie,M01,81,tie,0.0002,3,1.3953125,0.209394193429458,0.0002000033855438,0.0001297635875161,64.15623581200649,5316.333639555423,7390.625,1.491346452617083,6.6811919543875975,0.0165064265294108,0.0848986331871187,0.1552872540840882,0.7404504026564137
M01||test||82||storm,M01,82,storm,0.0002,3,3.41,0.294643138606334,0.0002000033855438,8.752273297916904e-05,70.5435092324729,4440.736735638155,7171.875,0.6375235042349303,1.7721495685322046,0.0359104580998709,0.1689468330911196,0.2305780492190425,0.5587471334088427
M01||test||83||knew,M01,83,knew,0.0002,3,3.85,0.2614381958463736,0.0002000033855438,0.0001323120605584,65.91539209767325,4503.834828930071,7281.25,0.9722289461190498,3.407566534308332,0.0254169947193291,0.1898132895005241,0.2213106569877397,0.5588818735478117
M01||test||85||ship,M01,85,ship,0.0002,3,3.19,0.2878833187202254,0.0002000033855438,0.0001258970512129,67.1840188500432,4449.037027935018,7250.0,0.7050880240105917,2.025846251768165,0.0350787041952556,0.1886141380074031,0.2175773614422641,0.5536810215433746
M01||test||86||down,M01,86,down,0.0002,3,3.67,0.2722824747350876,0.0002000033855438,0.0001067217125562,68.13533806931142,4340.982381953684,7125.0,0.75585995099927,2.351696589642956,0.0303838923791588,0.1839354687719654,0.2482192196699994,0.5325918809132147
M01||test||87||meat,M01,87,meat,0.0002,3,3.05,0.2145828552864846,0.0002000033855438,0.0001105021864195,65.76448297325518,4186.533637596603,7156.25,0.8608788736054666,2.7475732858013355,0.0279169676081107,0.2261333404805747,0.2390176033925135,0.5021595830817843
M01||test||87||thigh,M01,87,thigh,0.0002,3,1.594625,0.1055581836913248,0.0002000033855438,0.0001086906599705,59.745993660655614,5198.86198170075,7500.0,1.7951159531088117,7.479001595005542,0.0252175292677371,0.0971953331389206,0.1666165396425872,0.7080794374666017
M01||test||88||spark,M01,88,spark,0.0002,3,3.4600625,0.1377683156373254,0.0002000033855438,0.0001342035723723,60.22770544472691,4331.109649238095,7156.25,0.807199273374964,2.5879709690572694,0.0293282179072655,0.1902879164455058,0.2487014701717731,0.5268978284093135
M01||test||89||floor,M01,89,floor,0.0002,3,2.22325,0.1459996376350755,0.0002000033855438,0.0001073501210786,62.67098478556372,4901.646680249959,7421.875,1.776024443258164,7.209527679384664,0.0266022864687083,0.116062524078639,0.2075495872973145,0.645952294943308
M01||test||89||spark,M01,89,spark,0.0002,3,4.545,0.268591483700939,0.0002000033855438,0.0001565922188508,64.6864412065236,4342.428880980307,7187.5,0.8180013248364139,2.6693139960572423,0.030276463572141,0.210786333019008,0.2298580125152758,0.5232908418111806
M01||test||8||grow,M01,8,grow,0.0002,3,1.434375,0.1056226001737815,0.0002000033855438,0.0001107131378498,59.59115389560615,5218.543741525536,7531.25,1.6542301571890217,7.215980718611133,0.0243025390456713,0.0997415458699707,0.1520455199291665,0.7200958814144174
M01||test||90||lip,M01,90,lip,0.0002,3,1.67125,0.0951988591850144,0.0002000033855438,0.0001035016270565,59.27369134096631,5028.359274738568,7468.75,1.724076801948603,7.319426316992505,0.0280985207554492,0.1107423535837114,0.1820230091390028,0.6749680310943127
M01||test||90||stick,M01,90,stick,0.0002,3,4.03,0.2038845509863942,0.0002000033855438,0.0001272450157912,64.09487078254686,4164.134739828928,7062.5,0.7865043682106188,2.4767681365886265,0.0304925956082732,0.2062932162729912,0.2576009438790219,0.5000353725869265
M01||test||92||hate,M01,92,hate,0.0002,3,2.0181875,0.0957944297708355,0.0002000033855438,0.0001208210868685,57.98395036768639,4864.190508761132,7359.375,1.8445524211037927,7.4690944430708015,0.022577571110052,0.1361491423206254,0.1994412603986042,0.6377551679757498
M01||test||93||group,M01,93,group,0.0002,3,1.7326875,0.0845404688854319,0.0002000033855438,0.0001150600150576,57.32280451390869,4980.001912627575,7406.25,2.1506469863701096,8.176906840720335,0.0240415898787862,0.1062079027324665,0.1877198817823601,0.6784414675987456
M01||test||94||rake,M01,94,rake,0.0002,3,3.085,0.1990361993654311,0.0002000033855438,0.0001482689203484,62.55763889978687,4610.1732767237645,7328.125,1.0968052426825452,4.191952906438935,0.0214686978064036,0.1726952758328823,0.2302405322246769,0.5710571271791731
M01||test||96||weed,M01,96,weed,0.0002,3,2.45,0.1926374438858329,0.0002000033855438,0.0001168572566471,64.34170040784156,4336.802099990205,7218.75,0.9746648915834416,3.435900931008101,0.022984464893706,0.2136037813086283,0.2285797554406008,0.5287315797074509
M01||test||97||briar,M01,97,briar,0.0002,3,1.8645625,0.0831813001873651,0.0002000033855438,0.0001156394101539,57.138396733078864,5142.342317739251,7406.25,2.6917936025696854,9.917516805122956,0.0214652869661352,0.1020180670318005,0.1596559000439237,0.7138107392424797
M01||test||97||weed,M01,97,weed,0.0002,3,3.54,0.2143689434962327,0.0002000033855438,0.0001126468709983,65.5888546954155,4356.668285490674,7250.0,0.9284972262155904,3.1149830632165294,0.0261845155803463,0.1918567012049377,0.2527578993414011,0.5238024198683006
M01||test||98||cycle,M01,98,cycle,0.0002,3,2.165875,0.0748518457790052,0.0002000033855438,0.0001150541720935,56.26600284895425,4878.323873495477,7390.625,2.437722450781408,9.276915933880597,0.0301544531888636,0.1388238920342983,0.166066159576658,0.661400189017959
M01||test||99||sigh,M01,99,sigh,0.0002,3,1.6196875,0.0810474024162396,0.0002000033855438,0.0001270684529832,56.09402715260647,4992.587901890009,7390.625,2.132648907812894,8.78619928309378,0.0264833155864575,0.1270841631632074,0.1727292872393947,0.6701923501818307
M01||test||99||up,M01,99,up,0.0002,3,3.195,0.1886107061549356,0.0002000033855438,0.0001174888110829,64.111396640823,4610.231312005022,7328.125,0.993758377115218,3.5185865881584446,0.0253336495350317,0.1654157367247615,0.2288588464393724,0.5754536535228139
M01||test||9||store,M01,9,store,0.0002,3,1.9390625,0.0843334385971494,0.0002000033855438,0.0001179824201233,57.083650162272605,4822.638934965001,7343.75,1.5719495959331506,6.579143551704914,0.0283924172172411,0.12641224030727,0.2084474729487259,0.6324234816174362
M02||test||100||mike,M02,100,mike,0.0002,3,3.07,0.1374660299191905,0.0002000033855438,0.0001190633261452,61.24834758843848,4673.946410547125,7218.75,1.412123766073367,6.721329033309814,0.0214120421674004,0.1317055240666566,0.2470258170069807,0.5950130458528479
M02||test||100||rake,M02,100,rake,0.0002,3,2.834,0.0350070541809663,0.0002000033855438,0.0001164405224853,49.56102842427554,4590.049519532635,7234.375,3.726433977316852,12.239973631479163,0.0276572251022573,0.1293366728856295,0.2471755068195228,0.5909643174148892
M02||test||101||race,M02,101,race,0.0002,3,2.02025,0.0484763446237063,0.0002000033855438,0.0001121650028092,52.71344985406834,4428.145554607805,7250.0,2.309812409692152,9.69661242951632,0.0406332786168546,0.1658281570933347,0.2296371843978543,0.5583919825469513
M02||test||101||seeds,M02,101,seeds,0.0002,3,3.47,0.2131235495626101,0.0002000033855438,0.000136889308943,63.84523819302481,4292.60717907411,7078.125,1.1809444488836685,5.001202591612245,0.028594410114386,0.1775709249820923,0.2595376070998007,0.5277064671400086
M02||test||102||air,M02,102,air,0.0002,3,3.0865625,0.0404482580563322,0.0002000033855438,0.0001141777430917,50.98636737629675,4698.819863545379,7328.125,3.527758832420898,11.894296782265794,0.0268625816284479,0.1237989428690431,0.2391229055309343,0.6054368896919577
M02||test||102||sell,M02,102,sell,0.0002,3,2.29,0.1497317530734453,0.0002000033855438,0.0001296627951996,61.2499705945054,4364.516246272859,7187.5,1.1711379724148676,4.998501076799193,0.0410324705559268,0.1675541333436324,0.2541842073156562,0.5314868224822218
M02||test||103||brought,M02,103,brought,0.0002,3,3.925,0.2327404001604249,0.0002000033855438,0.000129543294004,65.08913681326953,4835.387700494507,7234.375,1.3873004120787742,6.532928984043871,0.0203070810428624,0.1183072108377409,0.2352374520568389,0.6215627690259802
M02||test||104||air,M02,104,air,0.0002,3,2.1325,0.0553017427659815,0.0002000033855438,0.0001158891174574,53.57392324449126,4577.543501395542,7203.125,3.8005280736551503,12.459915113866185,0.0244277727949984,0.1297613068259741,0.2484936582423043,0.5928478746166155
M02||test||105||at,M02,105,at,0.0002,3,2.435,0.2162948169093766,0.0002000033855438,0.0001036444319416,66.39000273886619,4906.9051848712925,7296.875,1.2200257171305586,5.619363557696319,0.0292293691718165,0.109382795226828,0.2058802268033334,0.6508635293841281
M02||test||105||jacket,M02,105,jacket,0.0002,3,2.8620625,0.0525465026571559,0.0002000033855438,0.0001122195359048,53.40950695284272,4748.364391930767,7343.75,3.294149424675855,11.675624562282817,0.0251128501043836,0.1371318310696853,0.2081136993587137,0.6247480509565351
M02||test||106||pretty,M02,106,pretty,0.0002,3,2.22,0.3351513234546887,0.0002000033855438,0.0001462932855005,67.20033090290825,4881.767312208664,7281.25,1.2108375079925076,5.312769485578627,0.0196602506587785,0.11993654694674,0.2163692620619683,0.6394027449092925
M02||test||107||sigh,M02,107,sigh,0.0002,3,1.8950625,0.1630980732029631,0.0002000033855438,0.0001494527997183,60.75889550572392,4431.905063094438,7156.25,1.100943488542692,4.7701159707302105,0.0260531647738423,0.1693504402876194,0.2611814972230986,0.5381488764306787
M02||test||108||hair,M02,108,hair,0.0002,3,2.357,0.0362016201764502,0.0002000033855438,0.000114015778073,50.03526104315044,4551.504782593132,7218.75,3.852281693981397,12.559917460042165,0.0251038863684979,0.1295969348593685,0.2635992935750305,0.5771094262112513
M02||test||108||pitting,M02,108,pitting,0.0002,3,2.66,0.1979480657029679,0.0002000033855438,0.0001211899953123,64.26168987241661,4758.402867348732,7265.625,1.483616095573757,7.214680229071277,0.021933542790528,0.1348715294973048,0.2233870590173422,0.6154075365733147
M02||test||109||bug,M02,109,bug,0.0002,3,2.357,0.0402667947970392,0.0002000033855438,0.000111011709407,51.19156542692534,4428.520946688736,7250.0,2.949762637619339,10.906640345873337,0.0319967757419477,0.1417626011698103,0.2733637813625369,0.547583678945205
M02||test||109||lick,M02,109,lick,0.0002,3,1.465,0.2869977876251117,0.0002000033855438,0.0001156526970401,67.89445567728507,4472.391805213363,7109.375,1.0328048885680223,3.892829125911253,0.0254071854068502,0.1378062204682459,0.2689904044984439,0.5626313936734332
M02||test||110||lick,M02,110,lick,0.0002,3,2.255,0.1504376321583847,0.0002000033855438,0.0001298511186816,61.27821587335568,4591.7138806166895,7171.875,1.3635855300230888,6.103117722962117,0.0218703840733995,0.1163473661253006,0.2847625960793172,0.5725506202041635
M02||test||112||jagged,M02,112,jagged,0.0002,3,3.2548125,0.0593872473755001,0.0002000033855438,0.000115814869268,54.1985774945799,4635.19510008816,7359.375,3.178046956765197,11.502540973472811,0.023838045496179,0.1391046077796605,0.2467420888687514,0.5856032457604707
M02||test||113||corn,M02,113,corn,0.0002,3,2.665625,0.0311792707048325,0.0002000033855438,0.0001152045305628,48.64792788114376,4475.328025476733,7187.5,3.7733123211228135,12.133079987565178,0.0256716650917049,0.1335786866245576,0.2820723458435213,0.5538211144622518
M02||test||113||lair,M02,113,lair,0.0002,3,2.55,0.1626621701958543,0.0002000033855438,0.0001463641503236,60.917036926744814,4452.519877502542,7093.75,1.5560168846684244,7.513410345598581,0.0171953794982343,0.1405298665618521,0.3004933404222455,0.5363345446456232
M02||test||114||vat,M02,114,vat,0.0002,3,2.825,0.1656879895622117,0.0002000033855438,0.0001203745046952,62.77513030307175,4575.509692339286,7187.5,1.464406276116185,6.846143139586744,0.0212055192758973,0.1250289251796336,0.2840419994504756,0.5648392754797689
M02||test||115||kilo,M02,115,kilo,0.0002,3,3.99,0.1751082516658271,0.0002000033855438,0.0001058679464628,64.37084245679647,4553.494406113981,7187.5,1.3205898448230702,6.098421856904591,0.0262013232931242,0.1440141359322424,0.2480668173912462,0.5768790006417379
M02||test||116||witty,M02,116,witty,0.0002,3,2.8900625,0.2381643416175447,0.0002000033855438,0.0001135515131869,66.43367625365295,4888.979108551316,7296.875,1.15409946281098,5.062306247154508,0.0222151384988304,0.1251541795794472,0.2102368676360058,0.6384287887344069
M02||test||118||lima,M02,118,lima,0.0002,3,3.14,0.2336930445007513,0.0002000033855438,0.0001080786125024,66.69812051729346,4727.4445568638,7250.0,1.3645903380157218,6.419983635291096,0.0238054388753173,0.1389048230076486,0.2204822937225243,0.6119638498823928
M02||test||119||two,M02,119,two,0.0002,3,1.711625,0.0421397573410552,0.0002000033855438,0.0001130527943624,51.4282145802578,4372.451813352268,7218.75,3.1915999236429164,11.011172235739304,0.0257336783047475,0.1650083729606267,0.2735181920510227,0.5305069584589911
M02||test||122||dark,M02,122,dark,0.0002,3,1.855,0.2048743481678039,0.0002000033855438,0.0001124414446547,65.2112233601408,4870.290946517091,7265.625,1.3197809327092351,6.223625024393391,0.0212676390679968,0.1182487744496706,0.2190662068044464,0.6372874609242014
M02||test||122||trace,M02,122,trace,0.0002,3,2.6095,0.0628504464856442,0.0002000033855438,0.00011376128715,54.846277400063656,4392.12628257525,7234.375,2.7406671442597634,10.448879163325964,0.0321978898130369,0.1659315497980447,0.2564568888976982,0.5403832162115909
M02||test||123||cycle,M02,123,cycle,0.0002,3,2.7498125,0.0569934044958428,0.0002000033855438,0.0001157837752408,53.84353788482062,4157.024074827049,7078.125,3.3107658361093377,11.4285042067671,0.0290346336499092,0.1751571389094427,0.3017684770312308,0.4866950551705062
M02||test||124||error,M02,124,error,0.0002,3,2.72175,0.0624388074134064,0.0002000033855438,0.0001151020029867,54.68743436377092,4722.082792899818,7359.375,3.5546561563255064,11.81277805026582,0.0234044715034864,0.1332976639303866,0.2354682275796742,0.603521706909264
M02||test||124||loyal,M02,124,loyal,0.0002,3,2.55,0.3231021079300401,0.0002000033855438,0.0001233512178797,68.36392699253757,5062.600119343061,7328.125,1.3593334762771558,6.288625452441116,0.020835860327774,0.1038240395137067,0.1949554426870662,0.6767620248621977
M02||test||125||sign,M02,125,sign,0.0002,3,2.695,0.1855593693523059,0.0002000033855438,9.375286418309523e-05,65.92996686781383,4454.195419706505,7109.375,1.1199906184147912,4.829404144235953,0.0295010392525744,0.1514094414752726,0.2535224985259907,0.5608289496816234
M02||test||126||written,M02,126,written,0.0002,3,2.575,0.1913267952560991,0.0002000033855438,0.0001254017864318,63.669441474733794,4660.740554306845,7171.875,1.3532232418883796,6.468705474608591,0.0186375181154998,0.1469375269634521,0.2356776264131305,0.5943355518605326
M02||test||127||take,M02,127,take,0.0002,3,1.865,0.1686672659393023,0.0002000033855438,9.68313960347274e-05,64.8202922393941,4591.246936531752,7187.5,1.173695136376524,5.229081002087231,0.0291548567647233,0.1528066690929193,0.2209854827393533,0.5922853472059545
M02||test||128||menu,M02,128,menu,0.0002,3,4.096625,0.0306132053119254,0.0002000033855438,0.0001125499361038,48.6912710275932,4363.995837150175,7156.25,3.489936042990591,11.51649302591273,0.0264886594773578,0.1562069021717149,0.2776138124174043,0.5345868120949013
M02||test||129||reek,M02,129,reek,0.0002,3,1.61,0.2083108211800199,0.0002000033855438,0.0001119138476694,65.39656007263814,4786.858445033631,7265.625,1.340284052457494,6.011736813470618,0.0227994336221155,0.1269208655974775,0.22984777429932,0.6168965260850328
M02||test||12||sip,M02,12,sip,0.0002,3,2.125375,0.0467629464908227,0.0002000033855438,0.0001123515978705,52.38645228988374,4331.549747400356,7312.5,2.497549627056172,10.020114877569684,0.049099203901193,0.1785675587841709,0.2321772250705755,0.5340973390274417
M02||test||130||seed,M02,130,seed,0.0002,3,2.69,0.1927290696494763,0.0002000033855438,0.0001157084530003,64.43164275542941,4446.226496480288,7171.875,1.2059786907407293,5.138589436715055,0.0272668692251475,0.1524483377093909,0.2642002280780403,0.551647918453115
M02||test||131||sigh,M02,131,sigh,0.0002,3,2.6375625,0.0355783069867302,0.0002000033855438,0.0001159280141651,49.7399376317857,4231.91044056721,7171.875,2.985826805529926,11.057215980352114,0.0307380954491483,0.1961176892763866,0.2537023224440081,0.5134864173186323
M02||test||132||brawn,M02,132,brawn,0.0002,3,3.2,0.2232493495888036,0.0002000033855438,9.753562932999726e-05,67.19253823556302,4565.259130641036,7218.75,1.2077368361017458,5.550935119008161,0.0306631487587584,0.1506632563070098,0.2363950519463269,0.5772000787255761
M02||test||134||area,M02,134,area,0.0002,3,2.665625,0.0804389146356054,0.0002000033855438,0.0001132634814793,57.027525904597,4647.1712698053525,7234.375,3.088818225240506,11.079026230406775,0.0238513874662156,0.1211810140377794,0.2569006767314326,0.5934629917431736
M02||test||135||bit,M02,135,bit,0.0002,3,2.58,0.1790752490976404,0.0002000033855438,0.0001052589987151,64.61552659010125,4659.29562787256,7171.875,1.364166517592,6.701950218826052,0.0252407423296123,0.1312856602703723,0.2353915036087667,0.6036251604103292
M02||test||136||hear,M02,136,hear,0.0002,3,2.665625,0.0320367246321523,0.0002000033855438,0.0001171170977905,48.74055612934544,4372.216977533295,7140.625,3.556408266373674,11.952184844921987,0.0254529853897666,0.1595410902819146,0.2720693099914467,0.5377702653823377
M02||test||136||knitting,M02,136,knitting,0.0002,3,1.58,0.2534343025109719,0.0002000033855438,0.0001366835222594,65.3629846957523,4329.596814209484,6953.125,1.1497748955538372,5.131384535492524,0.0178835544228962,0.1471829071312988,0.3055254942352435,0.5247343478435286
M02||test||138||ate,M02,138,ate,0.0002,3,2.1325,0.0400782569905417,0.0002000033855438,0.0001204871377678,50.43936276235094,4353.602775756616,7250.0,3.203494891947294,11.478918279370497,0.0403622227680368,0.1762927573938053,0.2335607450307203,0.5443652671008743
M02||test||138||fill,M02,138,fill,0.0002,3,2.595,0.2205000027336301,0.0002000033855438,0.0001169888138457,65.50528523042689,4881.915175883419,7265.625,1.52108425756459,7.544861209523519,0.0225903783891507,0.1288321893314417,0.2009254345172036,0.6437675400916645
M02||test||139||write,M02,139,write,0.0002,3,2.8900625,0.0500737613500309,0.0002000033855438,0.0001128594507259,52.94144565784621,4682.586048615005,7218.75,3.698572572172516,11.930439296891494,0.0256893463724359,0.1185181668533289,0.2339252507983047,0.6175213023675472
M02||test||140||hate,M02,140,hate,0.0002,3,2.7778125,0.0365935342027253,0.0002000033855438,0.0001171748496626,49.891399013565085,4310.3584762368855,7203.125,3.3734231480822343,11.519547226586582,0.0353509752306476,0.1908731274124731,0.2366448641882073,0.5313938965124487
M02||test||140||pit,M02,140,pit,0.0002,3,1.2200625,0.3426851863119931,0.0002000033855438,0.0001079469266084,70.03370098254378,4775.202418644973,7203.125,1.1506656049681263,5.082926181304387,0.0249975167069139,0.1116225916342628,0.2345290338992919,0.6246013249435997
M02||test||141||pit,M02,141,pit,0.0002,3,2.62,0.2425778379697273,0.0002000033855438,0.0001581238770508,63.71707333372871,4642.039406708253,7234.375,1.155253285864705,4.808113597492593,0.0231357419038071,0.1500586916835959,0.2311057131824136,0.5913918064485763
M02||test||142||pit,M02,142,pit,0.0002,3,2.305,0.2630252009606409,0.0002000033855438,0.0001224844200529,66.63833021763648,4821.865699372839,7296.875,1.3977685431455795,6.543860280886863,0.0223561017656902,0.1275811221020935,0.2269987333465734,0.6184999574651219
M02||test||142||whoop,M02,142,whoop,0.0002,3,2.665625,0.0389999702590697,0.0002000033855438,0.0001148202753937,50.620913833211816,4537.24765025617,7140.625,4.132951738782477,12.772881834837596,0.0253518460741383,0.1262713539106104,0.261243053349616,0.5825301166604777
M02||test||143||november,M02,143,november,0.0002,3,1.87,0.36156912727182,0.0002000033855438,0.0001298284982312,68.89642614952987,5018.8255368869895,7312.5,1.0796438030956093,4.372564875754506,0.0178934552104515,0.1132881640094633,0.2099546002831226,0.655259343910589
M02||test||144||drop,M02,144,drop,0.0002,3,2.4130625,0.0613460634355349,0.0002000033855438,0.0001153854582226,54.512712405701535,4635.972614951943,7296.875,3.7187167714731175,12.267512902409884,0.0216700633794842,0.1333810897727791,0.2527930418057642,0.5874507407009577
M02||test||144||eight,M02,144,eight,0.0002,3,2.145,0.1305168937875317,0.0002000033855438,9.352425083784506e-05,62.89484982591488,4578.189546429466,7187.5,1.2378431032692443,5.524430764883983,0.0301208451390622,0.1425267995808123,0.2335384358798801,0.589229151322404
M02||test||145||side,M02,145,side,0.0002,3,2.45,0.2276183710303458,0.0002000033855438,0.0001265341444834,65.09999155706828,4810.546262955812,7250.0,1.3025538382014206,6.181924389912523,0.0256516289942223,0.1297398111196668,0.212209674686928,0.6278600771229844
M02||test||146||barn,M02,146,barn,0.0002,3,3.115,0.2297973848304475,0.0002000033855438,0.0001250538315975,65.28496158187215,4783.273056326912,7265.625,1.4973283840350189,7.243537405508514,0.0198939420760424,0.1421581089180026,0.2127201836363441,0.6212875515445064
M02||test||147||sway,M02,147,sway,0.0002,3,3.030375,0.045120305449378,0.0002000033855438,0.0001141013863155,51.941622198946,4427.421777126283,7250.0,3.1715507809688708,11.476884241831751,0.0313202684875437,0.1513190753680306,0.2661387049043486,0.5460851516703223
M02||test||148||start,M02,148,start,0.0002,3,1.835,0.2263638702160308,0.0002000033855438,9.66907300120013e-05,67.38844542890551,4409.921653548508,7125.0,0.8440015662509486,3.159612858824747,0.036180798317077,0.1549551661875412,0.2458722122937217,0.5573128152106757
M02||test||149||foxtrot,M02,149,foxtrot,0.0002,3,4.575,0.2248260708108848,0.0002000033855438,0.0001081396890829,66.35723107966565,4773.37052340292,7296.875,1.3325913384004129,6.222319950590595,0.0245378415797993,0.135690868684787,0.2254089595542522,0.6100719508438167
M02||test||14||dagger,M02,14,dagger,0.0002,3,1.937875,0.0668681785557329,0.0002000033855438,0.000117973136879,55.06872732217195,4836.809475026249,7343.75,3.0170454038761485,11.059045592051294,0.0215625448271414,0.1131440683279432,0.2266186648935699,0.6346275008115354
M02||test||150||kitten,M02,150,kitten,0.0002,3,3.155,0.1228051856025335,0.0002000033855438,0.0001166704213503,60.44511879027053,4660.835838608695,7203.125,1.3689260557003309,6.701263083630516,0.0245408546139638,0.1586240236686426,0.2206189485202388,0.5920988539020549
M02||test||151||fruit,M02,151,fruit,0.0002,3,1.729,0.0359391985456114,0.0002000033855438,0.0001126701996679,50.07518648079093,4719.825770866052,7406.25,2.475009904620261,9.796023467486789,0.0292659523905478,0.133961425510803,0.2208658619892253,0.611310000304951
M02||test||151||juliet,M02,151,juliet,0.0002,3,3.89,0.2561976160465162,0.0002000033855438,0.0001376847486987,65.39378496032083,4619.333181921673,7156.25,1.211655999299094,5.407419486553789,0.0218340559902138,0.1278944108405792,0.2620087075174758,0.5835127163171187
M02||test||153||bloat,M02,153,bloat,0.0002,3,2.745,0.260349459331836,0.0002000033855438,0.0001058882958633,67.81417442330634,4695.258155135813,7234.375,1.2332786211574662,5.444691731261641,0.0265510609588958,0.1321631242078298,0.2310801519579941,0.6050156812999694
M02||test||154||relax,M02,154,relax,0.0002,3,7.675,0.2013982050674067,0.0002000033855438,0.0001234431634006,64.25177106114079,4461.70707896446,7109.375,1.1837964787835655,5.126782524562213,0.0236759469501717,0.1516682918399909,0.2635824207860464,0.5557867226510985
M02||test||155||knot,M02,155,knot,0.0002,3,2.16125,0.0376685325970067,0.0002000033855438,0.0001183113779493,50.0590437953601,4653.075248019411,7281.25,3.253303824853939,11.408390868038389,0.0263110732645553,0.1243552858756222,0.2503753326635364,0.5942478418167304
M02||test||156||pot,M02,156,pot,0.0002,3,2.4409375,0.0376213985882777,0.0002000033855438,0.0001159353788324,50.22437902190893,4686.082399567723,7312.5,3.613574858640592,12.100069315400493,0.0251108460897816,0.126025509607084,0.244408668062048,0.599434041122639
M02||test||157||boot,M02,157,boot,0.0002,3,2.6951875,0.0264481675964254,0.0002000033855438,0.0001151456465132,47.222961313797605,4413.522866677972,7187.5,3.852473635383601,12.159947039789204,0.0248213444000639,0.1533093351237513,0.2763379911449765,0.5402932459182089
M02||test||157||leak,M02,157,leak,0.0002,3,3.09,0.1639292266189442,0.0002000033855438,9.880389489733407e-05,64.39764649915709,4667.8679414849175,7203.125,1.3551968131452907,6.6268854054115005,0.0268035628353822,0.1434346433937369,0.2205301567350409,0.60482925559265
M02||test||158||mitten,M02,158,mitten,0.0002,3,3.39,0.1248849972817987,0.0002000033855438,0.0001200764524684,60.34104840142541,4690.191427913378,7234.375,1.5254022352674552,7.791651792789289,0.0212966249659831,0.1305644987103676,0.2461378487502252,0.5976362614289457
M02||test||158||three,M02,158,three,0.0002,3,2.542625,0.0330586600657669,0.0002000033855438,0.0001128731727294,49.33389028093789,4303.875837254367,7156.25,3.232851990410936,11.203784109131714,0.0281096982958078,0.1793787035751001,0.2571983316112647,0.5302679084685165
M02||test||159||oscar,M02,159,oscar,0.0002,3,2.98,0.1941059696486349,0.0002000033855438,0.0001229109060037,63.96896944348267,4794.085874690403,7296.875,1.2963468680476855,5.9402575080985605,0.0218456741514708,0.1125406958474502,0.2528691168015815,0.6082992145763634
M02||test||15||rain,M02,15,rain,0.0002,3,2.17225,0.0677557198851877,0.0002000033855438,0.0001180030227216,55.18105663443357,4459.710025106476,7156.25,2.7846621151652204,10.308515472501444,0.0251193628493776,0.1494404542334617,0.2598045699934297,0.5613042481860778
M02||test||160||sprinkle,M02,160,sprinkle,0.0002,3,2.7460625,0.0319431353425142,0.0002000033855438,0.0001159831891554,48.79964990675579,4282.990352311126,7156.25,3.65895655461401,11.979411101941707,0.0280711828917876,0.1702989038684016,0.2726323007891182,0.5238821901672135
M02||test||162||sergeant,M02,162,sergeant,0.0002,3,4.26,0.1951306326643877,0.0002000033855438,0.000122659242872,64.03250346040198,4471.26622688358,7156.25,1.3380236238051937,6.077944501593886,0.026945772789184,0.1557404553047819,0.2539074465950731,0.5583659810657996
M02||test||162||were,M02,162,were,0.0002,3,2.5171875,0.0374661925283348,0.0002000033855438,0.0001156239458692,50.21183548317392,4556.681356478531,7171.875,3.839161666376632,12.20899729565685,0.0238064093952953,0.1340542669582602,0.2520185205496602,0.5857516216878168
M02||test||163||we're,M02,163,we're,0.0002,3,2.3646875,0.0432816764970252,0.0002000033855438,0.0001177638368431,51.3058425547261,4515.928381899244,7125.0,4.11623908288645,12.93540860670884,0.023724022234177,0.1198106038261344,0.2738785437102829,0.5769148509519291
M02||test||164||sitting,M02,164,sitting,0.0002,3,2.98,0.1646934849774698,0.0002000033855438,0.0001155782457543,63.07600642042496,4226.59495241164,6953.125,1.2279047988849745,5.260526756115086,0.0329069472313446,0.1697992328361736,0.2720990634012915,0.5184699334969224
M02||test||165||at,M02,165,at,0.0002,3,3.005,0.1132068366715003,0.0002000033855438,0.0001118816943415,60.10227240774498,5015.378078046994,7328.125,1.563527433185314,8.269025353102217,0.0237096869671871,0.1100265160912625,0.2021477871580345,0.6604300775848619
M02||test||165||suit,M02,165,suit,0.0002,3,2.110375,0.0247316652836191,0.0002000033855438,0.0001144556690301,46.6923210371143,4145.133566554488,7187.5,3.1042068105378275,10.949086553779772,0.035596344058024,0.1959994561208958,0.2772367955771805,0.4854821681507767
M02||test||166||rich,M02,166,rich,0.0002,3,3.15,0.1564228937566378,0.0002000033855438,0.0001098855565996,63.06719407099009,4757.560697881439,7250.0,1.421842038966871,6.8503026306570645,0.0240806609876242,0.1232816713646706,0.2364459211290847,0.6115038359201871
M02||test||166||single,M02,166,single,0.0002,3,2.212125,0.0425286486525991,0.0002000033855438,0.0001124889830821,51.551431850486665,4232.54486524437,7187.5,2.9102835443823443,10.887852060692175,0.0294393222027741,0.1907615198051431,0.2655545413110933,0.5087800842966348
M02||test||167||pad,M02,167,pad,0.0002,3,2.4663125,0.0433836420684984,0.0002000033855438,0.0001146626616847,51.55807978874921,4834.622253632181,7312.5,3.114065547142479,11.195094858439184,0.0282942415476542,0.1250996703562231,0.2016029704485956,0.641224534257457
M02||test||167||spark,M02,167,spark,0.0002,3,2.935,0.2256507677535456,0.0002000033855438,0.000122700172675,65.29183283188499,4886.89128518453,7296.875,1.178995688152998,5.08540378525243,0.0263029749889975,0.1284935123887395,0.2019398287107508,0.6392422049706576
M02||test||169||spit,M02,169,spit,0.0002,3,2.275,0.1587156655740752,0.0002000033855438,0.0001350604537988,61.4018318011634,4436.346442267884,7109.375,1.5247825510268005,7.395242278558378,0.0292184481686761,0.1485460621490483,0.2699246101675689,0.5475396562201819
M02||test||171||cheer,M02,171,cheer,0.0002,3,2.4663125,0.046950854952419,0.0002000033855438,0.0001139255582233,52.30044679419808,4503.815453078622,7281.25,3.827917873258452,12.179969136195345,0.0245080678494443,0.178645673942377,0.216414754714844,0.5761633277999225
M02||test||171||chop,M02,171,chop,0.0002,3,3.355,0.1620073274716542,0.0002000033855438,0.0001164147445346,62.87053336692467,4721.747757047583,7281.25,1.5852417103660164,7.824204218645174,0.0223829969717865,0.123804181259196,0.2450037308235465,0.6045884412465343
M02||test||172||nine,M02,172,nine,0.0002,3,2.85,0.1914721570194809,0.0002000033855438,0.0001187362199355,64.1504482228828,4491.353520058897,7156.25,1.3765775258090795,6.648481171065134,0.0215016056840995,0.1313551165610998,0.2898903521280485,0.5525198626760081
M02||test||173||city,M02,173,city,0.0002,3,2.925,0.1433061761510625,0.0002000033855438,0.0001179833627284,61.68888275397943,4324.480389281024,7125.0,1.2454412699716446,5.760766418185554,0.0362749826871251,0.16829642452026,0.2557496014576476,0.5342487608569005
M02||test||175||write,M02,175,write,0.0002,3,2.3138125,0.0565518915833924,0.0002000033855438,0.0001152443455696,53.81655020017951,4605.79026688579,7234.375,3.463250687815256,11.823492209811205,0.025903807710974,0.1341111300047727,0.2398974734859066,0.5958227191315217
M02||test||176||hum,M02,176,hum,0.0002,3,8.785,0.0992962354636498,0.0002000033855438,0.000120591429374,58.31232681723979,4702.831323525177,7312.5,1.4988717064414054,7.443602904359165,0.0220749795010975,0.1407631240140953,0.2442493083703607,0.5883624928258242
M02||test||177||hotel,M02,177,hotel,0.0002,3,3.27,0.2267731091221736,0.0002000033855438,0.0001192835502631,65.58021995515831,4881.787580940486,7312.5,1.3288608307198706,6.190566790432495,0.0232664371885119,0.1343410156672073,0.2020462855114721,0.6364134103072552
M02||test||177||witch,M02,177,witch,0.0002,3,1.957875,0.0322924063626842,0.0002000033855438,0.0001137444499256,49.063403883306194,4595.398420819033,7265.625,3.3656282186317887,11.603330645225178,0.0298742504311868,0.1392779226772522,0.2365981982482317,0.5901323047115126
M02||test||178||shear,M02,178,shear,0.0002,3,2.1866875,0.0497780576746071,0.0002000033855438,0.0001169405177268,52.58145868630933,4084.153718909267,7046.875,3.2722708340349462,11.266829847895927,0.0413454918139029,0.1952194785144622,0.2633712355197868,0.4939270681183532
M02||test||179||harp,M02,179,harp,0.0002,3,3.4450625,0.1155039071453992,0.0002000033855438,0.0001185369754982,59.774856668570735,4769.388410032031,7218.75,1.5867250758211138,8.191437692404136,0.0208623562261349,0.1124880122218325,0.2545349943009593,0.60799256341006
M02||test||17||feet,M02,17,feet,0.0002,3,1.6409375,0.0286938122535101,0.0002000033855438,0.0001124472045788,48.13679177878433,4329.12404727564,7234.375,2.8748966588894667,10.950936020408896,0.0298014618089628,0.1787442975352393,0.2580157245908372,0.5283713326920606
M02||test||181||bad,M02,181,bad,0.0002,3,2.364625,0.0337576016369258,0.0002000033855438,0.0001119430769102,49.58748687961666,4586.205164890265,7312.5,3.155313590015181,11.426906865254182,0.0305943701786871,0.1379004735464834,0.2519065312416085,0.5750515345768712
M02||test||182||dart,M02,182,dart,0.0002,3,3.53,0.1570678994513715,0.0002000033855438,0.0001268857458664,61.85349197641113,4850.613236209805,7250.0,1.5994870896681943,8.305610184478109,0.0187214813116468,0.1130499597144467,0.2323072154968019,0.6321746744771003
M02||test||187||wish,M02,187,wish,0.0002,3,2.5680625,0.0344681037700284,0.0002000033855438,0.000113922570766,49.61615230229688,4550.548850786109,7218.75,3.679619881445556,12.179529512113785,0.0280452989331718,0.1420627367171134,0.2463963646112798,0.5790646552920495
M02||test||188||ate,M02,188,ate,0.0002,3,2.4409375,0.0365024671607517,0.0002000033855438,0.0001140909982008,50.10141678126517,4540.824805701643,7296.875,3.332859254589894,11.494558047232378,0.027200158494687,0.148646652305302,0.2435822987020959,0.5761786838043751
M02||test||189||blow,M02,189,blow,0.0002,3,2.99,0.1926780745827997,0.0002000033855438,9.485530430960604e-05,66.15541352273974,4736.155523146478,7281.25,1.312275548518173,6.255848801346541,0.02797229278592,0.1357114861767648,0.2248624484257557,0.6070517094068787
M02||test||189||light,M02,189,light,0.0002,3,2.288375,0.0617076968542038,0.0002000033855438,0.0001150046351577,54.592479855683735,4720.819631181921,7312.5,3.325799321368821,11.730341011378114,0.0221196896117171,0.1172804430167182,0.2428576552357048,0.613436947856205
M02||test||190||knew,M02,190,knew,0.0002,3,2.6189375,0.0330294749100007,0.0002000033855438,0.0001133199753969,49.29190395880049,4270.362082002838,7093.75,3.620253849795634,11.808360815486653,0.0276627408971727,0.1661130064676343,0.2785074023625859,0.5213737463207214
M02||test||192||through,M02,192,through,0.0002,3,2.0849375,0.0472384025317146,0.0002000033855438,0.0001169708353004,52.12435222655165,4465.566262038461,7250.0,3.165930358540845,11.114123743411696,0.0296508614378237,0.1475266264701787,0.2635435608823175,0.5540182225411153
M02||test||192||top,M02,192,top,0.0002,3,3.02,0.1474054895925078,0.0002000033855438,0.0001227455464176,61.59015828043243,4849.336484233561,7328.125,1.559558218482121,7.699715089543119,0.0196028921554417,0.1222144863613307,0.2310374839881389,0.6226352825276478
M02||test||193||though,M02,193,though,0.0002,3,1.3730625,0.0742936491863028,0.0002000033855438,0.0001141291883498,56.27109924030663,4653.89349181322,7250.0,3.642722973229765,12.419559487508998,0.0232751765037205,0.1119894672617146,0.2704371654157879,0.5895822639676945
M02||test||195||floor,M02,195,floor,0.0002,3,2.5171875,0.0519006731452968,0.0002000033855438,0.0001130059992653,53.24142981397096,4562.77076194311,7187.5,3.0686660350691133,10.979469375232846,0.0280605333672115,0.1446378931227415,0.2389328991255681,0.5841581902588208
M02||test||197||thought,M02,197,thought,0.0002,3,2.06,0.3268732305402992,0.0002000033855438,0.0001085450168661,69.57538929590783,4965.864476751503,7375.0,0.9105643933065204,3.608799688398249,0.0257672624761788,0.1287324316224019,0.1889277039122545,0.6530117088760438
M02||test||199||slay,M02,199,slay,0.0002,3,3.0003125,0.0487948569231989,0.0002000033855438,0.0001155078856797,52.5152482907167,4259.269162708758,7156.25,3.272448990727638,11.551661587188788,0.0274310228529206,0.1738885195531812,0.2774196360728901,0.5157207677094189
M02||test||200||snoop,M02,200,snoop,0.0002,3,2.720625,0.0292650465231597,0.0002000033855438,0.0001137722591234,48.20625674197019,3950.053578181135,7062.5,2.5519978099222542,9.85352832284542,0.0391121390680695,0.2169447009120281,0.2916045886780649,0.446287487204185
M02||test||201||pit,M02,201,pit,0.0002,3,2.28,0.2329684401330868,0.0002000033855438,0.0001226218840393,65.57458214415759,4753.518796882116,7234.375,1.4073593808451532,6.646370375594905,0.022803198864055,0.1309103348776109,0.2307400231869366,0.6110163284047639
M02||test||201||sigh,M02,201,sigh,0.0002,3,2.5935,0.0627247528476827,0.0002000033855438,0.0001124133215209,54.932423569583776,4252.645513084431,7093.75,3.205795763528965,11.578558131359197,0.0313471716966512,0.1656086723636499,0.2681100674943279,0.5287154160479065
M02||test||202||rocks,M02,202,rocks,0.0002,3,2.6951875,0.0493694708518708,0.0002000033855438,0.000119809487835,52.29934521571381,4547.761936252565,7250.0,3.493336635389112,11.952539159690124,0.028119905883933,0.139588451827203,0.2587024917763252,0.5684493306983464
M02||test||203||fat,M02,203,fat,0.0002,3,3.575,0.0984335352978422,0.0002000033855438,0.0001124435583574,58.844170052216384,4999.644308204702,7406.25,1.611838493445897,8.301012246877288,0.0221344181041811,0.1133344224848252,0.2091020903419374,0.6512282538820375
M02||test||204||urgent,M02,204,urgent,0.0002,3,2.288375,0.0684811072277568,0.0002000033855438,0.0001115628930616,55.761020112898464,4667.369334237097,7328.125,3.266921311764356,11.549673095562207,0.021870726480263,0.1304753991265268,0.2413526604420904,0.6019167198301701
M02||test||205||heart,M02,205,heart,0.0002,3,2.985,0.1109858177094652,0.0002000033855438,0.0001134687152774,59.80782696886549,4738.577467107869,7265.625,1.5255470475087525,7.7616484263736,0.0230477707980228,0.1346942535229454,0.22580348609659,0.6120978765457078
M02||test||205||jungle,M02,205,jungle,0.0002,3,2.1358125,0.0527168716982082,0.0002000033855438,0.0001124470071481,53.42003459492474,4485.485820450908,7140.625,3.6416431046091136,12.072623802343674,0.0227553688967586,0.1473649260067405,0.2558425884122803,0.569083440989903
M02||test||206||league,M02,206,league,0.0002,3,2.14,0.2839296208226305,0.0002000033855438,0.0001348045484854,66.47012312665123,5079.862989552377,7343.75,1.2844494380154985,5.60943658564355,0.0184657699715681,0.0976905806175575,0.1968090657862977,0.6837170752870205
M02||test||207||suit,M02,207,suit,0.0002,3,1.8306875,0.0346379042200246,0.0002000033855438,0.0001138303934748,49.66586739828123,4243.240574972086,7140.625,3.250184937063998,11.30013024888269,0.0328372216195566,0.17257583929056,0.2802896198490517,0.5095718741852595
M02||test||209||pile,M02,209,pile,0.0002,3,2.4663125,0.0509587487017911,0.0002000033855438,0.0001181650194706,52.69459648877443,4646.277649935433,7234.375,3.609473708633333,11.890263402740016,0.0234947259734408,0.1357237355462746,0.2351372345083519,0.6012347180042138
M02||test||210||quebec,M02,210,quebec,0.0002,3,4.035,0.1486753556753695,0.0002000033855438,0.0001079124850045,62.78334585126251,4539.782814077253,7156.25,1.5170578342701655,7.424254352405053,0.0239136830296453,0.1430278250860902,0.2539717584857145,0.5737851971976979
M02||test||211||bitten,M02,211,bitten,0.0002,3,2.7,0.1874259941419575,0.0002000033855438,0.0001195430756326,63.90610795658188,4505.206205576869,7187.5,1.620978465963361,8.145083137403057,0.0207880381427141,0.1440509787739905,0.2724310121133447,0.5577701652408896
M02||test||212||four,M02,212,four,0.0002,3,2.2375625,0.0568154323164827,0.0002000033855438,0.0001167691682137,53.74276258081132,4492.644011534921,7218.75,3.713982425423547,12.072920754871644,0.022814173323517,0.1441127649602562,0.2721229829497035,0.5563282940485182
M02||test||214||hat,M02,214,hat,0.0002,3,2.78,0.1259729557398504,0.0002000033855438,0.0001222680515235,60.25928656309691,4926.373173578712,7312.5,1.6308823165486777,8.429900691697046,0.0204904095301153,0.1117833613946917,0.2282661005078113,0.6354090113644405
M02||test||215||witch,M02,215,witch,0.0002,3,3.355,0.1698270851106535,0.0002000033855438,0.0001150800561762,63.38013780554351,4777.903081740654,7218.75,1.362965722155999,6.713794002541754,0.0262342562251098,0.1300916610312645,0.2141193623004053,0.624869597608742
M02||test||216||leak,M02,216,leak,0.0002,3,2.94,0.1425899979618181,0.0002000033855438,0.0001260756515309,61.0691568326423,4820.717782826842,7328.125,1.4606515250293148,7.203604859916744,0.0192650126501751,0.1349612713184932,0.2185217157254776,0.6232299465829475
M02||test||216||slip,M02,216,slip,0.0002,3,2.0085625,0.0566036766047514,0.0002000033855438,0.0001164754822392,53.73220247633651,4214.963546672568,7187.5,2.9638662870800867,10.820587776151244,0.0358635933178702,0.1862106960318492,0.2666044376954277,0.5054651646514967
M02||test||217||part,M02,217,part,0.0002,3,3.05,0.154316716806638,0.0002000033855438,0.0001154256199058,62.52221518335112,4726.26001582999,7203.125,1.487808378433632,7.438779541650247,0.0218189154289435,0.1126950326536304,0.2606018922550858,0.6004468451930716
M02||test||218||mush,M02,218,mush,0.0002,3,2.805,0.1528473497738502,0.0002000033855438,0.0001125882693774,62.65529538687816,4548.398159559795,7203.125,1.400091677102815,6.71190402024737,0.022543527661487,0.1435796670672659,0.2636334508598716,0.5658741254161448
M02||test||218||prior,M02,218,prior,0.0002,3,2.9796875,0.0620823225442185,0.0002000033855438,0.0001144688367387,54.68561372781444,4514.492044397278,7218.75,3.1129489300235966,11.152129553045288,0.0320238146297316,0.1382459574149123,0.2515323049210222,0.5734602178497863
M02||test||219||leak,M02,219,leak,0.0002,3,2.525,0.1643194158969027,0.0002000033855438,0.0001151486320246,63.08860199202727,4745.234643545074,7296.875,1.372214853115005,6.922101303070129,0.0221099820020352,0.1344560941472392,0.2332115930737499,0.6057629126241483
M02||test||219||tile,M02,219,tile,0.0002,3,2.4058125,0.0476273816744347,0.0002000033855438,0.0001179621498562,52.12228055561709,4741.417200622805,7296.875,3.577220625499206,11.982131796612736,0.0238776785118404,0.1336998117632169,0.2131906358117745,0.6246748325168999
M02||test||21||bubble,M02,21,bubble,0.0002,3,1.924375,0.041428792090011,0.0002000033855438,0.000114644666881,51.15896828674878,4487.442063030384,7187.5,3.816866580743646,12.260389374863458,0.0266029757851964,0.1267798485922773,0.2796212801650596,0.5615639292267435
M02||test||220||fear,M02,220,fear,0.0002,3,2.20725,0.036268668860353,0.0002000033855438,0.0001159313655877,49.90661329486845,4422.549894384315,7171.875,3.433603841023829,11.553990381049744,0.0275175570312037,0.1592846508850263,0.2564461285618645,0.5517307254804558
M02||test||221||back,M02,221,back,0.0002,3,2.0085625,0.051104202516885,0.0002000033855438,0.0001126168049325,53.13706827489548,4740.341985176737,7343.75,3.0222336916978696,10.783374290848034,0.0275719425092554,0.1290029204805965,0.2285703925363094,0.610476600899687
M02||test||221||fitting,M02,221,fitting,0.0002,3,3.165,0.1401053005403761,0.0002000033855438,0.0001099962664125,62.101532436992095,4629.869639841791,7265.625,1.4568858540012022,7.251856688410248,0.0218341386150605,0.1483730332498074,0.2405976731489482,0.5847003461328427
M02||test||223||mere,M02,223,mere,0.0002,3,2.5824375,0.0281682550713817,0.0002000033855438,0.0001163248800233,47.68174662919898,4370.7385850740375,7093.75,3.812037641664499,12.070358392949789,0.027310050705722,0.153018184104019,0.2754790241677929,0.5396442476468467
M02||test||223||thorn,M02,223,thorn,0.0002,3,3.72,0.1781246795704673,0.0002000033855438,0.0001176627053682,63.60170532770081,4600.587011961415,7187.5,1.5323929985022646,7.739046022166946,0.0226455621115705,0.1211523432444218,0.282979566111788,0.5687199388684777
M02||test||225||bat,M02,225,bat,0.0002,3,2.118875,0.0621489266812766,0.0002000033855438,0.000119239356483,54.34028018369411,4661.689175810873,7406.25,2.8837862892306223,10.931901760069389,0.0313309738126288,0.1355625135565048,0.2383990272812189,0.5899555217749293
M02||test||228||know,M02,228,know,0.0002,3,2.3616875,0.0360499062922879,0.0002000033855438,0.0001136187371628,50.029083644756405,4336.340702818544,7062.5,3.828760875863383,12.291395678502896,0.0271045333491858,0.1527908509202493,0.2819390804195888,0.533171366165613
M02||test||229||darn,M02,229,darn,0.0002,3,3.575,0.1644466307173639,0.0002000033855438,0.0001321387834141,61.89989351652852,4692.647744491537,7203.125,1.7979958232924678,9.327876279390658,0.017740490632495,0.1338356308515389,0.2497890844198494,0.5941378670646209
M02||test||22||bit,M02,22,bit,0.0002,3,3.2138125,0.0268966644799575,0.0002000033855438,0.0001157653878134,47.32239388891304,4768.085355385239,7296.875,3.829673504430189,12.318548524669811,0.0259517581487763,0.1415119968189887,0.1898657659974044,0.6383720165451754
M02||test||230||rock,M02,230,rock,0.0002,3,1.5229375,0.044806985960751,0.0002000033855438,0.0001199833662397,51.444493776890425,4741.234800856093,7375.0,2.412698825527379,9.5807825609876,0.0260302936181879,0.1137230218956891,0.2452290212768456,0.6099697601274573
M02||test||231||knot,M02,231,knot,0.0002,3,3.86,0.1119148157784286,0.0002000033855438,0.0001026685365213,60.749004254030574,4531.72746951977,7156.25,1.520171280306082,7.788426674941595,0.0261549066143661,0.1441140972629724,0.2461187908600014,0.5790939063313258
M02||test||233||sigh,M02,233,sigh,0.0002,3,2.759,0.064858572239101,0.0002000033855438,0.0001147775332042,55.04220994913653,4341.099245725352,7265.625,2.2530966502719734,9.203275063161795,0.0521494296833158,0.1756823605933907,0.2294006219685911,0.5372520165138239
M02||test||233||wicked,M02,233,wicked,0.0002,3,3.53,0.1711433257863913,0.0002000033855438,0.0001130113746842,63.60475619014076,4712.204200911493,7250.0,1.5234117644686855,7.7445025023409,0.0231314880763538,0.1347251886200711,0.2292742648986172,0.6085837704945666
M02||test||234||bread,M02,234,bread,0.0002,3,1.97,0.2627001928368205,0.0002000033855438,0.0001020298508173,68.21466279865291,4794.245812104261,7265.625,1.220925453102248,5.634728219236219,0.0266027417813249,0.1222938245014224,0.2215316573182412,0.6254516653894705
M02||test||235||root,M02,235,root,0.0002,3,2.6045,0.0415468182897912,0.0002000033855438,0.0001166536769986,51.03278675925701,4455.338983886071,7187.5,2.872722846538444,10.544515274510424,0.0305380795755103,0.1528455224967937,0.2569979473757631,0.5546388039251932
M02||test||236||chip,M02,236,chip,0.0002,3,4.355,0.1437412549919693,0.0002000033855438,0.000109377467795,62.37307135097096,4242.870380847015,7062.5,1.009791570201198,4.325892632706187,0.0358086789407804,0.1786962748397557,0.263718781283289,0.5160045740441507
M02||test||237||thigh,M02,237,thigh,0.0002,3,2.69275,0.051665341772259,0.0002000033855438,0.000116374288948,52.94684532408287,4602.427514145038,7375.0,3.1773010121837624,11.344801005212377,0.0303945567538826,0.1502838038515851,0.2360175782412513,0.5783699541189555
M02||test||239||deer,M02,239,deer,0.0002,3,2.339625,0.0443363683034273,0.0002000033855438,0.0001169353561819,51.576285466192445,4224.113140891883,6984.375,3.677026195669372,11.954850521239925,0.0240273022942539,0.1788408606686287,0.2767679734830816,0.5152103141980049
M02||test||239||witch,M02,239,witch,0.0002,3,2.67,0.1830204278631918,0.0002000033855438,0.0001073981143572,64.63005820002907,4743.517818957193,7265.625,1.3656488513799208,6.539921995327337,0.0265568482286574,0.1399294551528213,0.2191356573847707,0.6102186064849746
M02||test||240||sitter,M02,240,sitter,0.0002,3,1.925,0.2601033781331833,0.0002000033855438,0.0001005702601502,68.25352838316553,4377.945717891813,7171.875,0.976937528895354,3.816100378888329,0.0309549561872813,0.1655905266646122,0.2570402729394076,0.5417037969317691
M02||test||25||chair,M02,25,chair,0.0002,3,2.842625,0.0289459908475114,0.0002000033855438,0.0001154006937662,47.9876000146134,4351.707459388468,7250.0,3.904386469601295,12.49972268883728,0.0283183308386547,0.1819312138173097,0.2426374248262318,0.5417074897905467
M02||test||27||the,M02,27,the,0.0002,3,3.15525,0.0254341242508254,0.0002000033855438,0.0001132530363005,47.02733868697041,4512.935426176916,7265.625,3.6013745622464586,12.051524240312284,0.0311446973808549,0.1385081010950246,0.2655864658146648,0.5596419709315157
M02||test||29||one,M02,29,one,0.0002,3,2.0904375,0.0392944581605503,0.0002000033855438,0.0001150655399621,50.66772049551828,4462.713902613373,7171.875,3.620184233265559,11.846762997600177,0.0254549647987128,0.1269396721356031,0.2843419083925316,0.5585846435564521
M02||test||31||go,M02,31,go,0.0002,3,2.5105,0.0336218173835798,0.0002000033855438,0.0001133072873844,49.44726684898142,4308.997539471256,7062.5,3.5687089382360213,11.7547242781249,0.0276464168983622,0.146101353009647,0.3020968043863341,0.5191281128236812
M02||test||32||swarm,M02,32,swarm,0.0002,3,2.9696875,0.0337044804248046,0.0002000033855438,0.0001107135289671,49.66973885181923,4407.227454397039,7203.125,3.3149488199463693,11.783249305995898,0.0299286764262318,0.1541817515135394,0.2593313648710296,0.5515108617804643
M02||test||33||share,M02,33,share,0.0002,3,2.6375,0.0352478968114883,0.0002000033855438,0.0001175850101063,49.53562495155733,4328.315537956391,7265.625,3.150498610831013,11.247790788453294,0.0401615812440688,0.1945501806454447,0.2193308173750787,0.5408130007384184
M02||test||38||feet,M02,38,feet,0.0002,3,2.0123125,0.0360862230735155,0.0002000033855438,0.0001144024338009,49.978123314292006,4504.918792064313,7328.125,3.002823457206202,10.893232723027218,0.0289843404837329,0.1573831542823837,0.2388246056200414,0.5698302718610425
M02||test||39||sticks,M02,39,sticks,0.0002,3,2.549625,0.0423078710788334,0.0002000033855438,0.0001159127188344,51.245801591754926,4259.355629828786,7171.875,2.602844697614508,10.28730662403194,0.0491055755189583,0.1827548270439843,0.2245742049140512,0.5373416161257206
M02||test||40||rate,M02,40,rate,0.0002,3,1.797375,0.0546845724271318,0.0002000033855438,0.0001156601597612,53.49362065805668,4728.432267010316,7187.5,3.584938972666314,12.055867114817406,0.0257467054897741,0.1370490062126288,0.2046417103367758,0.6281471737474924
M02||test||41||knew,M02,41,knew,0.0002,3,1.9634375,0.0381946684875899,0.0002000033855438,0.000114501842673,50.463805381739625,4339.903499026824,7078.125,3.481369677999199,11.60608604615688,0.0254465592924179,0.1510164286582479,0.2886804688473182,0.52986839165363
M02||test||42||tip,M02,42,tip,0.0002,3,1.8365,0.0326336475602074,0.0002000033855438,0.0001130235339735,49.2099347275104,4497.795141098768,7234.375,3.7774017885254416,12.316600264812784,0.0280064193887258,0.1482098125020657,0.2537220495003754,0.5651574627794483
M02||test||43||know,M02,43,know,0.0002,3,2.432375,0.0277704897078575,0.0002000033855438,0.0001137944170166,47.74925165989391,4506.55019131542,7125.0,4.072522130699451,12.68630504561621,0.0267418972016301,0.1438452977447823,0.2446638999946902,0.5801746384077925
M02||test||49||swarm,M02,49,swarm,0.0002,3,2.4030625,0.0327726567351353,0.0002000033855438,0.0001102957823043,49.45905487513826,4436.137535458568,7218.75,3.389501537004809,11.448217210876622,0.0285626659879524,0.1432879451196106,0.2703548362601548,0.551944679270551
M02||test||51||bat,M02,51,bat,0.0002,3,2.22725,0.0538848670527089,0.0002000033855438,0.0001148116327259,53.42961845263344,4696.668816738799,7359.375,3.277449027652744,11.290101300096442,0.0243347094341473,0.1312063364580784,0.24300623564563,0.5966089925759768
M02||test||53||stubble,M02,53,stubble,0.0002,3,3.66325,0.0390140624615952,0.0002000033855438,0.0001198651153781,50.25056734362757,4057.058385034341,7125.0,2.8720527399906053,10.536620059293684,0.0388264220657976,0.2025972183949299,0.282345490712181,0.4704027729857481
M02||test||54||trait,M02,54,trait,0.0002,3,2.295625,0.0454819453223669,0.0002000033855438,0.0001103058150201,52.3048124779725,4431.748193327723,7265.625,3.207379384747492,11.157514828700808,0.0298202168317966,0.1550786850242208,0.2548836097318993,0.5550337922242476
M02||test||56||horn,M02,56,horn,0.0002,3,3.4355625,0.0252183422868353,0.0002000033855438,0.0001149303921989,46.82563292694351,4446.347284552847,7234.375,3.243801433306692,10.972440450761011,0.0263555388067183,0.1473773288936095,0.2763794026752922,0.5445946234606379
M02||test||59||beta,M02,59,beta,0.0002,3,2.7793125,0.0768348215026501,0.0002000033855438,0.0001151501065125,56.48587485337208,4776.795083501698,7390.625,3.607327981778343,11.971909529485602,0.0232061242174963,0.1348440591006947,0.2252873229876077,0.6122157756798876
M02||test||60||slip,M02,60,slip,0.0002,3,3.1075,0.0220322109060503,0.0002000033855438,0.0001170691663773,45.49231108832028,4022.0664539915447,7093.75,2.7396439199007445,10.405540151438966,0.0370779670500547,0.210758993415095,0.2790025428908199,0.4672949545783472
M02||test||61||beat,M02,61,beat,0.0002,3,3.242625,0.019312863763111,0.0002000033855438,0.0001162700122928,44.40757917040307,4261.448450566159,7140.625,3.280231485291357,11.041549616834509,0.0319666230986846,0.1922704853059119,0.2409876982270771,0.529730946484911
M02||test||63||car,M02,63,car,0.0002,3,2.4705625,0.0282213852091453,0.0002000033855438,0.0001139123738753,47.88014848561569,4453.026856916771,7265.625,3.4117641459753143,11.59286710030198,0.0251330464290011,0.168091455690814,0.2481336123533956,0.5538800238534994
M02||test||64||knee,M02,64,knee,0.0002,3,2.64425,0.0304580040433388,0.0002000033855438,0.0001163221794896,48.36077818342817,4393.776751415255,7125.0,3.5088460092824425,11.720367964589704,0.0271452601672923,0.1399360771459272,0.2791808218046867,0.5488521818710889
M02||test||68||floor,M02,68,floor,0.0002,3,2.54775,0.04153339220449,0.0002000033855438,0.0001136888566597,51.25359008551954,4545.160736235243,7171.875,3.623228338513548,12.077865197086863,0.0246196848574041,0.1442230730962786,0.2347837254534243,0.5917714661939908
M02||test||70||weed,M02,70,weed,0.0002,3,1.8915,0.0351811179539416,0.0002000033855438,0.0001146122698214,49.74157044851721,4453.359336253858,7140.625,4.05173397512992,12.647679570325073,0.023052162808144,0.1391303974363164,0.2789008516997934,0.554375515356454
M02||test||75||knew,M02,75,knew,0.0002,3,2.200375,0.0389901042829787,0.0002000033855438,0.0001138915702173,50.68925632330692,4256.296971257372,7046.875,3.629584796857249,11.958600174987472,0.0253922255378625,0.1641345753069312,0.2853857510685308,0.519895818583911
M02||test||76||group,M02,76,group,0.0002,3,2.78,0.2456392534971023,0.0002000033855438,0.0001089012646167,67.06529691698218,4505.720389883587,7171.875,1.2673399665687175,5.574408056674211,0.024948662145804,0.1442341984147261,0.2737146160597719,0.5524416620941582
M02||test||76||right,M02,76,right,0.0002,3,2.0459375,0.057872631340902,0.0002000033855438,0.0001149009732209,54.04299044019599,4598.02293572063,7203.125,3.357012919054721,11.664529217035248,0.0233685288688401,0.1203895375259081,0.2627998503255841,0.5886994797917839
M02||test||77||gnaw,M02,77,gnaw,0.0002,3,1.8700625,0.2015792477725607,0.0002000033855438,0.0001145706224897,64.90745094998252,4840.724044019687,7312.5,1.3136274250743656,5.811316929345747,0.020904498406914,0.1314877477411172,0.2181712257714729,0.6251200603281974
M02||test||78||sip,M02,78,sip,0.0002,3,2.219625,0.0455699345190682,0.0002000033855438,0.0001125614548961,52.14577413320156,4420.683915593537,7234.375,2.921823437591529,11.186088575335049,0.0319829053527419,0.1638004375992479,0.2492005958505027,0.5503029105549218
M02||test||79||air,M02,79,air,0.0002,3,1.7150625,0.2627577591159301,0.0002000033855438,0.0001071022448941,67.79513951081154,4572.120957436048,7171.875,1.0919101829709477,4.534255492479964,0.0254594329827683,0.1239592777560746,0.2783508065954773,0.5673086180172566
M02||test||79||stick,M02,79,stick,0.0002,3,2.3740625,0.044656904821489,0.0002000033855438,0.0001170632018272,51.62936440599548,4334.021495128111,7171.875,2.994095115426695,11.34749456146309,0.0345093152112575,0.1705302768636597,0.2509556533565636,0.538873254067156
M02||test||80||air,M02,80,air,0.0002,3,3.12,0.1154615099055168,0.0002000033855438,0.0001314077346546,58.87632607984763,4725.945394521322,7234.375,1.5898976374641944,7.814279226068486,0.0183473986105908,0.1383572830300956,0.2434726434873887,0.5952343739243017
M02||test||81||select,M02,81,select,0.0002,3,3.525,0.254275859582554,0.0002000033855438,0.0001193682993673,66.56832249160796,4461.29100757056,7203.125,0.9114100420399412,3.4669361089124564,0.0274151779317386,0.1649259829903075,0.2541422906486873,0.5480541134518543
M02||test||81||storm,M02,81,storm,0.0002,3,2.8565625,0.0531131409901187,0.0002000033855438,0.0001135296072159,53.40185700116361,4499.437633453153,7171.875,3.4276937665120824,11.857149029121915,0.0274723807192165,0.1480990741408062,0.2432103811065776,0.5760841460598749
M02||test||83||double,M02,83,double,0.0002,3,2.296875,0.045723429123579,0.0002000033855438,0.0001126605431873,52.16733905855072,4584.209582770518,7265.625,3.9482277072814855,12.721717141891194,0.026331288902308,0.1292122286830524,0.2651344935210729,0.5748799236551646
M02||test||83||toot,M02,83,toot,0.0002,3,1.87,0.2292408459248136,0.0002000033855438,0.0001235195382354,65.37112685906574,4870.341033018294,7375.0,1.367942959565699,6.215014150116758,0.0231496378444648,0.1149567969547381,0.2270510401813741,0.6299924092271876
M02||test||85||fee,M02,85,fee,0.0002,3,2.4705625,0.0371125638244582,0.0002000033855438,0.000113485203661,50.291634322138,4330.136743317337,7234.375,2.7692922633446173,10.497723310222458,0.0311556133040009,0.1732194163178077,0.2622861704209427,0.5280278346444364
M02||test||85||white,M02,85,white,0.0002,3,2.42,0.1692100753095088,0.0002000033855438,0.0001139795622705,63.431984679775546,4671.374792878434,7203.125,1.3798322742338929,6.255470909059042,0.0218500849393112,0.1294873582667423,0.2546282885444871,0.5889186982664915
M02||test||86||glow,M02,86,glow,0.0002,3,1.930125,0.0650265232898118,0.0002000033855438,0.0001160447027873,54.96930428142126,4565.927258602296,7187.5,3.852560902897879,12.504610153719726,0.0229512711929987,0.1303996377466772,0.2652220055531479,0.5767228261546413
M02||test||87||form,M02,87,form,0.0002,3,2.64425,0.038751036936871,0.0002000033855438,0.0001136397585563,50.65506051855528,4540.568637681055,7203.125,3.770999723223232,12.165793796550613,0.0266038052460985,0.1338221026785361,0.2542831585363983,0.5804103650731888
M02||test||87||lip,M02,87,lip,0.0002,3,4.265,0.1886486765576319,0.0002000033855438,0.0001302386895378,63.21827490223743,4588.085221815765,7187.5,1.396442783254076,6.526319923920039,0.0195749191986496,0.1409571114965977,0.2630097048719485,0.571629849308102
M02||test||88||warm,M02,88,warm,0.0002,3,2.0073125,0.0408138637844095,0.0002000033855438,0.0001107713996018,51.32760135236879,4509.295861352657,7218.75,3.66375936412864,12.043063839598677,0.0254151552964991,0.1419090269321363,0.2661956776202837,0.561490576357299
M02||test||89||briar,M02,89,briar,0.0002,3,3.39,0.1921176056951694,0.0002000033855438,0.0001094998066795,64.88307626163166,4393.4016511110185,7109.375,1.2227905608659484,5.6041591101286485,0.0259180776790004,0.1618689548404108,0.2693494360388353,0.537811002146931
M02||test||8||alpha,M02,8,alpha,0.0002,3,1.7034375,0.0883140271642132,0.0002000033855438,0.0001174263063062,57.52528578167515,4829.009342340089,7328.125,2.5980673396072564,9.863835267101056,0.0227562565839676,0.1035515093172736,0.2511803036364802,0.618474052778039
M02||test||90||warm,M02,90,warm,0.0002,3,2.2775625,0.0341967678500367,0.0002000033855438,0.0001150627833604,49.46100369490074,4410.463025096796,7140.625,3.5770530216969822,11.810288408564768,0.0259199058074544,0.1408776671144158,0.2875453453838886,0.5401425845432305
M02||test||91||sip,M02,91,sip,0.0002,3,2.4319375,0.0316508003651287,0.0002000033855438,0.0001162204786421,48.70204073897099,4136.139425637723,7093.75,2.9990890646784925,11.097671693963491,0.0348210855209421,0.1863501102187362,0.291340684835765,0.4824049845115963
M02||test||91||sleep,M02,91,sleep,0.0002,3,3.44,0.1544379086304247,0.0002000033855438,0.0001212133468232,62.1040693830019,4462.729215796406,7171.875,1.3654061765401115,6.337621116121132,0.0305035038710535,0.1578559821211146,0.2557591784561441,0.5513174387923606
M02||test||92||coupe,M02,92,coupe,0.0002,3,2.435,0.1787923167470357,0.0002000033855438,9.93025950948385e-05,65.10776507497324,4491.829356898692,7171.875,1.3521346094231417,6.384248418339356,0.0274927760136949,0.153085931801156,0.2500502030053846,0.5642768517801623
M02||test||93||dug,M02,93,dug,0.0002,3,1.96875,0.0685833629020193,0.0002000033855438,0.0001162350452692,55.41763374627532,4741.191380681755,7281.25,3.584828929681169,12.135581749162764,0.0226747051475483,0.1168902923416297,0.2370369971975729,0.6192555718870233
M02||test||94||pat,M02,94,pat,0.0002,3,3.815,0.1229676570937595,0.0002000033855438,0.0001101673623402,60.95475893881961,4685.845682945212,7250.0,1.5178001525895113,7.458546155168799,0.0237044049746964,0.1499661879449732,0.2219765738036406,0.5995091597334685
M02||test||95||meat,M02,95,meat,0.0002,3,1.795,0.0283451474179137,0.0002000033855438,0.0001120143111238,48.06410415321005,4315.016749823235,7171.875,3.301839560195343,11.495993703121242,0.0303404907500356,0.1591075290222822,0.2766841882112983,0.5280358551310799
M02||test||96||swore,M02,96,swore,0.0002,3,2.972375,0.0419730783984283,0.0002000033855438,0.0001144116036572,51.29001499075048,4221.807626766397,7125.0,2.8192190241465656,10.26320831057551,0.02577757180597,0.2010911635661534,0.257559461991416,0.5102749225774099
M02||test||97||echo,M02,97,echo,0.0002,3,2.52,0.1659174085537671,0.0002000033855438,0.0001303461702151,62.09587360986788,4810.225511333201,7328.125,1.5445142124343303,7.414713956978446,0.0192164357971294,0.1137081950943023,0.2589637981878906,0.6039474658606735
M02||test||97||up,M02,97,up,0.0002,3,1.851875,0.0361279830404755,0.0002000033855438,0.0001150406965556,49.93984427468479,4526.723305241791,7265.625,2.935421078936135,10.6068691738831,0.0284033682572542,0.1247283346134898,0.2903166552635369,0.5519916537619591
M02||test||99||dark,M02,99,dark,0.0002,3,4.0685625,0.0290761569788865,0.0002000033855438,0.0001161909972201,47.96729051606982,4504.690175185011,7234.375,3.3656820488018946,11.431126261552487,0.0308013995971907,0.1517153382227463,0.2403056813100585,0.5720745376772419
M03||test||104||for,M03,104,for,0.0002,3,2.315,0.1405681986714804,0.0002000033855438,0.0001167503931407,61.61257455762702,4786.908413229987,7296.875,2.0760832950254464,10.702363977469028,0.0238910486188193,0.1207100677680985,0.2317080248404879,0.6191052894833085
M03||test||129||know,M03,129,know,0.0002,3,3.375,0.0791323381684467,0.0002000033855438,0.0001135900742663,56.860272295484016,5215.830169937363,7453.125,2.353415109456665,12.905905301130286,0.021895489099198,0.1123882142701832,0.1582837879107134,0.7034115930408265
M03||test||130||know,M03,130,know,0.0002,3,1.88,0.1554951390169273,0.0002000033855438,0.0001307657011228,61.50445940530983,5276.063307096712,7343.75,2.295605688473298,12.350552577328145,0.0172649433499129,0.0982878173994249,0.1597383574659399,0.721817956507556
M03||test||132||cycle,M03,132,cycle,0.0002,3,2.49,0.0793391722195682,0.0002000033855438,0.000116784167871,56.64207388789212,4293.05208406283,7046.875,1.9417852478966149,9.691473372595484,0.0341517368758892,0.1656331352857367,0.2669581252540668,0.5269126529397342
M03||test||134||shear,M03,134,shear,0.0002,3,2.2050625,0.0727966614529956,0.0002000033855438,0.0001346632369233,54.657248260139504,4467.385972296885,7203.125,2.234291173207254,11.536312812632955,0.033281623315171,0.1937395055830587,0.1935252842775707,0.5747722247834862
M03||test||137||write,M03,137,write,0.0002,3,2.58,0.0793953257562696,0.0002000033855438,0.0001308582791927,55.65987459975496,4727.545837715381,7265.625,2.3594283440768637,12.236745025875816,0.0207630736111785,0.1416241979220952,0.2343523726893781,0.5997531962551995
M03||test||147||coupe,M03,147,coupe,0.0002,3,2.605,0.0549188291959864,0.0002000033855438,0.0001282725018959,52.631754089754494,4976.43184387624,7484.375,2.5235109949689853,13.310659712484451,0.0193302139031149,0.1172583231356304,0.2209685533098594,0.6386794289125325
M03||test||149||hear,M03,149,hear,0.0002,3,2.325,0.0675062954731156,0.0002000033855438,0.0001123019749833,55.57913763957302,5439.808971793488,7500.0,2.332887781433329,13.378550219317743,0.0212147143273759,0.095227987563307,0.1375041574833839,0.7428228139035468
M03||test||150||deer,M03,150,deer,0.0002,3,2.035,0.0842224356283864,0.0002000033855438,0.0001268446326228,56.44311403336548,5168.348242154786,7359.375,2.376440194040833,13.449122313502793,0.017716044093532,0.1271451893691313,0.1507054631323742,0.7008879424228972
M03||test||153||rocks,M03,153,rocks,0.0002,3,2.385,0.1227962062324013,0.0002000033855438,0.0001098497133731,60.967720429804345,4636.511187752112,7203.125,1.910567743689092,9.88395459790649,0.0301980287815839,0.1353477152070124,0.2369594225803649,0.5923610551831278
M03||test||15||hair,M03,15,hair,0.0002,3,2.47,0.0964621156657971,0.0002000033855438,0.0001218890953261,57.96783858445745,4966.515317658375,7312.5,2.0756507949416645,10.641112786866408,0.0216789152456321,0.1379859343230668,0.1831375073889689,0.6530353674519436
M03||test||169||were,M03,169,were,0.0002,3,3.51,0.0721077596180454,0.0002000033855438,0.0001210902204555,55.49745864820935,5024.770712495755,7453.125,2.443209363476142,13.42727735660584,0.0210192866126733,0.106258095157185,0.2050301185593877,0.663079439099362
M03||test||173||ate,M03,173,ate,0.0002,3,2.355,0.0676635597675901,0.0002000033855438,0.0001154373609413,55.36016905168029,4741.8254726080295,7265.625,2.065481326277595,11.008891374879562,0.0274546842184811,0.1656891055984851,0.1815571969478938,0.6210665040676859
M03||test||178||ate,M03,178,ate,0.0002,3,2.62,0.0378722862302303,0.0002000033855438,0.0001081811306522,50.88340013501141,4740.7901084512405,7328.125,2.087304847774533,11.36196070193617,0.0263912960147354,0.1658778748383844,0.1899127410679932,0.613567465735069
M03||test||17||warm,M03,17,warm,0.0002,3,2.8,0.1114152760530306,0.0002000033855438,0.0001151950764585,59.71021646636955,4957.87372363172,7375.0,2.2397760320748445,12.086539672073975,0.021353896918178,0.1037026287158845,0.2200146342620169,0.6505002454345212
M03||test||189||whoop,M03,189,whoop,0.0002,3,2.66,0.1435308499817943,0.0002000033855438,0.0001164934543739,61.81287466322323,4762.85306900542,7187.5,2.133687921569433,10.942796721917505,0.022172407928264,0.1297953366800679,0.2147596249155878,0.6290883199675968
M03||test||197||root,M03,197,root,0.0002,3,2.6,0.1299871109988194,0.0002000033855438,0.0001295511282819,60.02918183721385,4564.808897963268,7234.375,2.3179344399037904,11.950166807486443,0.0207377020524359,0.151476389680971,0.2530799065540754,0.568843824491065
M03||test||204||bear,M03,204,bear,0.0002,3,2.22,0.078765872339612,0.0002000033855438,0.0001159329370572,56.64262497512398,5489.807371010439,7515.625,2.2410247146925277,12.743207780052655,0.0198245065429013,0.0895624020385023,0.1328010007373342,0.7549920189582396
M03||test||210||knot,M03,210,knot,0.0002,3,1.67,0.1064656047459433,0.0002000033855438,0.0001074965476063,59.91629617566312,4682.254080474628,7187.5,1.85705050628441,9.395915277027878,0.0300393456347085,0.1463664922367389,0.2057011170777421,0.6140884183301218
M03||test||220||witch,M03,220,witch,0.0002,3,2.825,0.0655494202816133,0.0002000033855438,0.0001293018015054,54.09928558779167,4157.097209862826,7015.625,2.050304270748061,10.228666982166317,0.0359552095268948,0.2145253402116638,0.2393596926277018,0.50472234777636
M03||test||225||toot,M03,225,toot,0.0002,3,2.51,0.0629004542383202,0.0002000033855438,0.0001389297395903,53.11717120118463,4185.209366410713,7046.875,2.2148360875255566,11.236778101300263,0.026931697197112,0.2102964015320685,0.248896856974243,0.5092999176292492
M03||test||232||sigh,M03,232,sigh,0.0002,3,2.475,0.0759137074538204,0.0002000033855438,0.000122893961312,55.815793171777806,4329.2602288190055,7125.0,1.99100683715242,10.325815866100736,0.0371270777617161,0.1859320112686817,0.2387790731035375,0.5325787029149928
M03||test||237||light,M03,237,light,0.0002,3,2.39,0.0644097814196254,0.0002000033855438,0.0001280037063806,54.03458560802755,4702.461056630065,7281.25,2.2221017991837058,11.823235260823544,0.0237617594108701,0.1676474400926577,0.1987211546423302,0.6064058847173897
M03||test||259||pitting,M03,259,pitting,0.0002,3,2.505,0.0638928025424919,0.0002000033855438,0.0001240016255438,54.24049119409786,4669.853389978743,7218.75,2.087241776083233,10.850192156404711,0.0217015195632102,0.1691552512633857,0.2010298370185353,0.603696433968536
M03||test||265||mush,M03,265,mush,0.0002,3,2.38,0.1122550532017734,0.0002000033855438,0.000102000927867,60.83203555264396,4638.88921817018,7265.625,1.7709244550364474,9.376861528142246,0.0365117482707887,0.1480348704999312,0.205209540209597,0.605847141097914
M03||test||269||brought,M03,269,brought,0.0002,3,2.34,0.1523473154872592,0.0002000033855438,0.0001114014142355,62.718882034016936,4918.122502613368,7296.875,1.9516242343782768,9.965823320377924,0.0255299568519171,0.1210318564385539,0.1926888680192105,0.6573915545691249
M03||test||285||mike,M03,285,mike,0.0002,3,2.415,0.0855741212727011,0.0002000033855438,0.0001154578951019,57.39837625128387,5469.734864974468,7500.0,2.2451225892502182,12.960390684797472,0.0203485128779293,0.0851123104330232,0.1439745284809863,0.7476347324124282
M03||test||2||now,M03,2,now,0.0002,3,5.1950625,0.0925475105586574,0.0002000033855438,0.0001151104511322,58.10499970311074,5043.632242779927,7421.875,2.2615473807287487,12.18317001814343,0.0220440729929457,0.1115617333971994,0.2010951111902705,0.6615714939520446
M03||test||305||vat,M03,305,vat,0.0002,3,2.015,0.1014062093158148,0.0002000033855438,0.0001103173230179,59.26841667915875,4653.671574274158,7218.75,1.9709828698568383,9.945378304920007,0.0284833695764101,0.1408581830709769,0.2333999072229071,0.5931907334331463
M03||test||324||kitten,M03,324,kitten,0.0002,3,2.475,0.0405327651694976,0.0002000033855438,0.000113643963411,51.04519721898903,5005.269332261175,7468.75,2.285483818118004,12.855530445678738,0.0243759370063133,0.1253052415579549,0.201824308534359,0.644559881219372
M03||test||358||witch,M03,358,witch,0.0002,3,2.65,0.0659223617928231,0.0002000033855438,0.0001158652595218,55.10159039316184,4689.545454241895,7281.25,2.076373161071352,10.789397212881424,0.0300765272965804,0.1512017018315213,0.2141099364830594,0.6002559987972629
M03||test||359||darn,M03,359,darn,0.0002,3,3.01,0.0914317108161111,0.0002000033855438,0.0001129456779898,58.16454458724905,4962.513142705778,7359.375,2.143864878539798,11.059987473381671,0.0220585141010545,0.1074519069469531,0.2134945110622112,0.6533132430068445
M03||test||364||fill,M03,364,fill,0.0002,3,2.675,0.1142522433641931,0.0002000033855438,0.000127120818715,59.0729611003911,5103.769656378592,7437.5,2.2234196921095526,11.945081099959577,0.0223686766057045,0.1247735635913636,0.1756632502546698,0.6741472321233283
M03||test||3||know,M03,3,know,0.0002,3,2.59,0.0982899671662674,0.0002000033855438,0.0001062571335899,59.32302187719976,5015.169695445849,7375.0,2.06242310249245,11.268092474361737,0.0233473586396577,0.1219497399031837,0.1857158784275179,0.6650820160954106
M03||test||41||pat,M03,41,pat,0.0002,3,2.54,0.0479760064977974,0.0002000033855438,0.0001079151275248,52.95883532741141,5143.078539135813,7546.875,2.2124294878878343,12.53401229993428,0.0257636549837874,0.1120567160299958,0.1875910843225436,0.6706048306896769
M03||test||42||chair,M03,42,chair,0.0002,3,4.165,0.052267275016088,0.0002000033855438,0.0001232719195799,52.5473139933669,4216.600289483045,7015.625,2.2255077113722272,10.974999947614654,0.029607956336554,0.1883559050941241,0.2643099303713649,0.5122841958498259
M03||test||56||beta,M03,56,beta,0.0002,3,2.015,0.0941816091772517,0.0002000033855438,0.0001128520540671,58.4291327644096,5407.791040255448,7484.375,2.2358055162714665,12.854723339654557,0.0193685009429361,0.0950045068194783,0.1442604842791493,0.7382120131251955
M03||test||63||knee,M03,63,knee,0.0002,3,2.575,0.1230998712330448,0.0002000033855438,0.0001170727220618,60.43603764752008,5472.2065975264295,7468.75,2.2699028739085607,12.76934549212767,0.0181020740136873,0.0949369188474717,0.1293965589387909,0.7548602136142517
M03||test||64||chair,M03,64,chair,0.0002,3,2.845,0.1115869587505826,0.0002000033855438,0.000131807148625,58.553489523676845,4356.928485932801,7078.125,2.1387175864514747,10.350808261353553,0.035748140073256,0.1768297100882694,0.2342827301716491,0.5480536240599391
M03||test||86||fee,M03,86,fee,0.0002,3,5.3700625,0.0771095442960488,0.0002000033855438,0.0001241474997027,55.86340318246825,4633.350535456685,7296.875,2.165858735729232,11.579213256365476,0.0278937357974536,0.1787509871229094,0.1913330290736672,0.5977032257665567
M04||test||101||horn,M04,101,horn,0.0002,3,3.2650625,0.1860976663281933,0.0002000033855438,0.0001112982714292,64.46505015451505,4741.266555103806,7296.875,1.5956540539588244,7.875176267267712,0.0244626748520897,0.136817496757433,0.2281108534565906,0.6069360114119156
M04||test||102||horn,M04,102,horn,0.0002,3,3.63,0.2487696231877104,0.0002000033855438,0.0001352721957108,65.29177617745808,4879.298988939802,7281.25,2.0664947330177075,10.433476065809533,0.0220991957019642,0.1117520016894028,0.2321775214153113,0.6299504159765944
M04||test||103||torn,M04,103,torn,0.0002,3,3.005,0.0658213875831498,0.0002000033855438,0.0001110797000261,55.45464670355641,4637.627170651823,7281.25,1.971563928822737,10.46467631697528,0.0260962902530084,0.1431405432164523,0.2462127940809521,0.5803016280632545
M04||test||104||two,M04,104,two,0.0002,3,2.725,0.1736848543888916,0.0002000033855438,0.0001200056980856,63.21120162544534,4522.740582757838,7218.75,1.9378812079985743,9.605178189824358,0.0228059528156611,0.150918673574056,0.2630198156106655,0.5582246497092477
M04||test||105||corn,M04,105,corn,0.0002,3,2.86,0.1167621659278703,0.0002000033855438,0.0001091427362101,60.58614610323114,4668.152209613525,7281.25,1.9269252391570777,9.905944830226291,0.0232252191776438,0.1369894760921037,0.2446896444846068,0.5900281266620081
M04||test||106||stick,M04,106,stick,0.0002,3,2.94,0.1649355767775565,0.0002000033855438,0.0001068075951963,63.77424413229619,4425.762612929027,7140.625,1.861642252367603,9.346732497838868,0.026875575991115,0.1902714361689391,0.2184761025830766,0.5594272595977547
M04||test||107||raid,M04,107,raid,0.0002,3,2.265,0.1704858966481069,0.0002000033855438,0.0001162946987601,63.32257079950399,4331.674045198763,7109.375,1.8105692342787567,9.005461736310421,0.0227530867723704,0.1589530140467786,0.2907976276481491,0.5232362580105834
M04||test||10||left,M04,10,left,0.0002,3,2.395,0.0812634793504741,0.0002000033855438,0.0001039021892875,57.86541428948587,4460.983671421294,7187.5,1.724838917328937,8.672072114285559,0.0282918728527126,0.1620162537597933,0.247380174502768,0.5568027252329778
M04||test||111||pat,M04,111,pat,0.0002,3,3.59,0.1250133803179808,0.0002000033855438,0.0001084306792764,61.23608640073341,4506.3490309378485,7171.875,1.4563583928287898,7.184255060525885,0.0293774021772586,0.1640651944939272,0.2338300770570302,0.5683049479901243
M04||test||112||beat,M04,112,beat,0.0002,3,2.285,0.078484709631954,0.0002000033855438,0.0001169512828577,56.535601316886144,4130.497321031906,7078.125,1.933692689277681,9.672497707364135,0.0233509299134645,0.2255560576875791,0.2594790734508812,0.4860734544508477
M04||test||113||knee,M04,113,knee,0.0002,3,2.15,0.1505375673093135,0.0002000033855438,0.0001000977135509,63.5444147236361,4790.735634156848,7281.25,1.7079097764186255,8.952370786681263,0.0287263776075851,0.1477391721296499,0.189539581542886,0.6303530111174263
M04||test||114||trait,M04,114,trait,0.0002,3,3.385,0.0941245984351975,0.0002000033855438,0.0001056845207202,58.9938350832101,4566.482066733394,7250.0,1.9880726755747091,10.192973755749266,0.0265302493603225,0.1710645712846543,0.2167263811958323,0.5803275142658999
M04||test||116||bubble,M04,116,bubble,0.0002,3,2.845,0.1461309170778177,0.0002000033855438,0.0001140643261346,62.15184541402334,4736.511798328087,7312.5,2.000827875141987,10.37714374790787,0.0230024474417505,0.1327392470568271,0.2379791105351346,0.6011143052701987
M04||test||117||knew,M04,117,knew,0.0002,3,2.49,0.1162196471235608,0.0002000033855438,0.0001011530796821,61.20600885457079,4867.761139733846,7437.5,2.029681421104064,10.792925096790494,0.0264397148553414,0.1285234638975403,0.2129805847029193,0.6282522798068908
M04||test||119||chair,M04,119,chair,0.0002,3,3.06,0.1817578478414988,0.0002000033855438,0.0001261530447527,63.17190869641357,4935.351067283125,7281.25,2.068139698003668,10.874989654700164,0.0228599490359518,0.1231861491982414,0.1967249037965835,0.6528594025654664
M04||test||11||right,M04,11,right,0.0002,3,2.365,0.1829865907793039,0.0002000033855438,0.0001039195592145,64.9144393983882,4337.484525121469,7140.625,1.5767084866526984,7.489931405522406,0.0299078484204291,0.1588164696219688,0.2846715376617076,0.5211664689622645
M04||test||120||bug,M04,120,bug,0.0002,3,2.56,0.1769816920957438,0.0002000033855438,0.000123400187375,63.13225047732287,4782.780545518268,7218.75,2.074419849655881,10.330445487521413,0.0207152919313112,0.1291040484548567,0.2241069873719103,0.6210452202329153
M04||test||121||warm,M04,121,warm,0.0002,3,3.445,0.1088183096265525,0.0002000033855438,0.0001203065648098,59.128252980983966,4757.292929365896,7265.625,2.0310187336433025,10.604985250437498,0.0225148031492487,0.1379071758711936,0.2215499592328841,0.6137087485163777
M04||test||122||bat,M04,122,bat,0.0002,3,2.25,0.1099932572873765,0.0002000033855438,0.0001217242981172,59.11977568429971,4648.417497173554,7359.375,2.143176960877545,10.930793771640294,0.0252922634000831,0.139135253938673,0.2536969026551121,0.5775481557612834
M04||test||125||know,M04,125,know,0.0002,3,2.54,0.0796030631768835,0.0002000033855438,0.0001105976862053,57.14367477447563,4984.850286603389,7484.375,2.0124409748060144,10.920893107924917,0.0234424962510382,0.1289883912120991,0.1926459204456944,0.650531944921358
M04||test||126||storm,M04,126,storm,0.0002,3,2.74,0.091431204118265,0.0002000033855438,0.0001126146598403,58.18999019926225,4434.812253489163,7140.625,1.8294221086575304,9.233791112126122,0.0252961483539569,0.1680362496400376,0.2493520030349931,0.5519737163549032
M04||test||12||feet,M04,12,feet,0.0002,3,2.575,0.0819173082676777,0.0002000033855438,0.0001100821914859,57.43317213060833,4244.381119697244,7078.125,1.643517893670192,7.88445365614162,0.0306808132984919,0.2055934983913942,0.2362759748543463,0.5224320231524
M04||test||130||whoop,M04,130,whoop,0.0002,3,2.585,0.0661694926743042,0.0002000033855438,0.0001173678499711,55.02217311913834,4469.9636822040375,7171.875,2.018775018575941,10.532130631118154,0.022654450811592,0.1566420540160713,0.265941247211635,0.5500018472089476
M04||test||131||wish,M04,131,wish,0.0002,3,2.415,0.0923805051617131,0.0002000033855438,0.0001207003471505,57.677436271370375,4638.430026647765,7250.0,1.9544434761120488,10.355091671821238,0.0230658944885653,0.1605881379460473,0.223600699940937,0.5881190521211682
M04||test||134||sprinkle,M04,134,sprinkle,0.0002,3,3.315,0.0728438977736815,0.0002000033855438,0.0001231723960812,55.43759572718454,4791.117844333417,7328.125,2.124611248667387,11.105473361186968,0.0213484516670855,0.1288799006638585,0.2351936939518011,0.610343719738627
M04||test||139||bad,M04,139,bad,0.0002,3,2.59,0.1257866141032302,0.0002000033855438,0.0001083462107346,61.29641399978934,4574.910854888191,7156.25,1.587714814434396,7.804300988288405,0.0270453484629979,0.1391442399935669,0.2557879435850976,0.5736979788969306
M04||test||140||bear,M04,140,bear,0.0002,3,3.685,0.1084986919912321,0.0002000033855438,0.0001249966836347,58.77052023891509,4731.403406496598,7296.875,1.56659140642789,7.988568649744216,0.0282201241548126,0.1722119041227504,0.1863937128846046,0.6080369162477682
M04||test||141||bear,M04,141,bear,0.0002,3,2.835,0.0717320981112019,0.0002000033855438,0.0001221982219809,55.37297293944553,4742.517858797726,7296.875,2.0162341173458,10.646316815730218,0.0217535309150521,0.1572871906993238,0.2085864411842669,0.6080943092884415
M04||test||146||hate,M04,146,hate,0.0002,3,3.84,0.2215993962323308,0.0002000033855438,0.0001077537548015,66.26272320408458,4584.9559385911,7250.0,1.5901277754736922,8.018430268994749,0.0288942996490955,0.1564416327777725,0.2286940835626843,0.5810159554090901
M04||test||148||pile,M04,148,pile,0.0002,3,3.22,0.0985888807285927,0.0002000033855438,0.0001293344551462,57.64227396571891,4747.013138584939,7265.625,2.0512463349795884,10.972646166207966,0.0205969439825663,0.1349694173728521,0.2436189087486841,0.5973417967085385
M04||test||149||we're,M04,149,we're,0.0002,3,2.95,0.1629175314778744,0.0002000033855438,0.0001246343133697,62.32660391222859,4831.827458109171,7296.875,2.146270735038102,11.2683107354642,0.0212406809235475,0.1293086279489381,0.2223770287951727,0.6227753697204762
M04||test||150||we're,M04,150,we're,0.0002,3,3.63,0.0919064005802484,0.0002000033855438,0.0001217211629849,57.5595932913372,4704.015318980362,7281.25,2.048185190730756,10.628717798855044,0.0202414843423801,0.1559392931173534,0.2211617699115269,0.5987006485123255
M04||test||151||we're,M04,151,we're,0.0002,3,2.85,0.1003820496653795,0.0002000033855438,0.0001190388837204,58.519344269779324,4931.930924814235,7343.75,1.882216756660776,10.267009713735876,0.0214376294870356,0.1327331024943265,0.1943525439366783,0.6481319362387998
M04||test||152||steer,M04,152,steer,0.0002,3,3.085,0.1043402847202794,0.0002000033855438,0.0001230928816752,58.564381571737215,4761.613082519495,7234.375,2.080848524532662,10.627196457521112,0.0227353418748679,0.131009155220461,0.2265744551030059,0.6153993524772039
M04||test||159||pad,M04,159,pad,0.0002,3,3.29,0.0511544107473299,0.0002000033855438,0.0001224344519623,52.41958889502456,4437.534013713337,7171.875,1.9111632492194224,9.67979031304592,0.0275259781668353,0.1435573387455129,0.289746406196204,0.5340232113824817
M04||test||161||group,M04,161,group,0.0002,3,2.885,0.0877422953242866,0.0002000033855438,0.0001049476889119,58.44472224021735,4409.963886604351,7187.5,1.941282210219139,9.855011548714671,0.0256523381701172,0.1858947143621934,0.2334245095413095,0.550460135520028
M04||test||162||sigh,M04,162,sigh,0.0002,3,2.555,0.1142391968258983,0.0002000033855438,0.0001095397480373,60.36486806888959,4514.536781802851,7125.0,1.8126030301862373,9.436188890858832,0.0277355214516778,0.1599464257539199,0.2397016100279719,0.568079532421493
M04||test||163||snoop,M04,163,snoop,0.0002,3,2.54,0.080519214710665,0.0002000033855438,0.0001047221529453,57.71721937004004,4337.263197055717,7171.875,1.7843993688319126,9.24168409775373,0.0283559254358296,0.1911564766556703,0.2415008532619664,0.5337882940901583
M04||test||164||slay,M04,164,slay,0.0002,3,2.565,0.1071069402652536,0.0002000033855438,0.0001188238376185,59.09828076810549,4383.70818688743,7218.75,1.5601317537749455,7.413073404753613,0.0333367913783834,0.1855022830794302,0.2412079340081586,0.535394076560877
M04||test||166||witch,M04,166,witch,0.0002,3,2.825,0.1803503081774315,0.0002000033855438,0.0001176504017005,63.71046948827452,4754.6389289266335,7265.625,2.060467354765029,10.716169758620495,0.0267404169297226,0.1431841163334324,0.2055947991715137,0.6204359905170951
M04||test||169||area,M04,169,area,0.0002,3,3.27,0.1761625903870464,0.0002000033855438,0.0001175749912865,63.51197465071051,4944.6706826322325,7328.125,1.8397294521347367,9.835054899589572,0.0227696358787244,0.1318925641788535,0.189566163209877,0.6523017176966674
M04||test||170||sway,M04,170,sway,0.0002,3,3.065,0.1370019840916367,0.0002000033855438,0.0001078780047914,62.07587902374269,4673.869733425346,7281.25,1.8267642579331715,9.533441575202788,0.0264449931597644,0.1459727813342293,0.2289629406482182,0.5947401045106101
M04||test||171||slip,M04,171,slip,0.0002,3,2.61,0.0998560524833549,0.0002000033855438,0.0001232426378861,58.17226816223385,4189.534594143955,7031.25,1.7934248658492704,9.134907248972445,0.0276620281091755,0.201895363221648,0.2669741962210018,0.4984348315118451
M04||test||173||knot,M04,173,knot,0.0002,3,2.075,0.0817973745143426,0.0002000033855438,0.0001242602895256,56.36814005952089,4839.508048721082,7359.375,2.19617776172065,11.710530217488216,0.0191386554141098,0.1356237372819667,0.2296839671254257,0.6117053428520349
M04||test||175||explore,M04,175,explore,0.0002,3,4.795,0.1185755517326099,0.0002000033855438,0.0001140129118632,60.34082233016538,4714.497144263577,7265.625,1.924540171918361,9.827646486745389,0.023690025656759,0.1453356106017082,0.2215829185337705,0.6046829284407413
M04||test||176||galore,M04,176,galore,0.0002,3,3.975,0.0742928623174548,0.0002000033855438,0.0001150226929998,56.20327119058746,4483.429158145943,7234.375,1.8914090570084643,9.60486222981756,0.0292628522300865,0.1700190628796153,0.2392622828997188,0.5565233460425596
M04||test||177||root,M04,177,root,0.0002,3,2.36,0.2172215878455543,0.0002000033855438,0.0001189092949124,65.23374360119294,4421.016030780137,7171.875,1.8814012895776495,9.319605703745257,0.0284264872852618,0.1579750130936184,0.2686920629016207,0.5391308297997414
M04||test||178||gnaw,M04,178,gnaw,0.0002,3,3.9800625,0.0571374541192985,0.0002000033855438,0.0001063370049883,54.60472922880008,4423.103997483025,7125.0,1.8246348366607965,9.060943399697594,0.0257918710215769,0.1540631397534591,0.2722547755142915,0.5433875940832641
M04||test||179||cheer,M04,179,cheer,0.0002,3,2.915,0.1794046896394576,0.0002000033855438,0.0001325450903079,62.6294029188813,4914.237241073514,7328.125,2.140937588847925,11.13102251462595,0.0186368591187385,0.1332355288471185,0.1938179959252692,0.6504664719493793
M04||test||17||storm,M04,17,storm,0.0002,3,3.13,0.0832753578509646,0.0002000033855438,0.0001103869371008,57.55197648896667,4635.544787130262,7296.875,1.970291719879449,10.237977689388297,0.0256283322926173,0.1391581043749531,0.2499414673549265,0.5808375020931732
M04||test||180||write,M04,180,write,0.0002,3,2.375,0.1469939443278568,0.0002000033855438,0.0001305981134083,61.0272508067123,4519.612988522288,7203.125,2.0540421960298136,10.136216338355595,0.0205120905031837,0.1594647482450449,0.2583557882959876,0.5569683749899137
M04||test||184||briar,M04,184,briar,0.0002,3,6.775,0.1138016962144519,0.0002000033855438,0.0001224146263875,59.36630847661691,4697.495603301731,7281.25,1.9133676011181489,9.904711581772585,0.0220498988458452,0.1450224413601582,0.2343775347330465,0.594680524168141
M04||test||185||briar,M04,185,briar,0.0002,3,6.17,0.0628054151659007,0.0002000033855438,0.000119419853671,54.41841112209112,4681.723366881466,7296.875,1.901103129046327,10.314228808670896,0.0213900100942338,0.1382909639000052,0.2542676702268843,0.5817395402216762
M04||test||188||no,M04,188,no,0.0002,3,2.415,0.1167250079818185,0.0002000033855438,0.0001124996283778,60.32025648927916,4228.152230251167,7031.25,1.6946248398048782,8.112034580547544,0.0250949176021581,0.1662787745549173,0.3059202787309037,0.4980657560613253
M04||test||193||delta,M04,193,delta,0.0002,3,2.695,0.1212568941594968,0.0002000033855438,0.0001119482333628,60.69378391410883,4636.751798130218,7203.125,1.7708389331389431,9.112734631137162,0.0225703432803651,0.1648207653872263,0.2102503132352434,0.5980380963907883
M04||test||195||suit,M04,195,suit,0.0002,3,2.76,0.1265229384229436,0.0002000033855438,0.0001164010779192,60.72424535067388,4444.359792474486,7171.875,1.938911912289674,9.950854695515094,0.0234052361501599,0.1794084131522925,0.2427044227344017,0.5500013532623899
M04||test||197||error,M04,197,error,0.0002,3,2.54,0.1132631230183441,0.0002000033855438,0.0001067598638323,60.51361042240877,4511.234071530471,7171.875,1.5382665552774537,7.434405242560427,0.0289153290042034,0.1453351098757812,0.2548977665340919,0.5665063749463
M04||test||198||light,M04,198,light,0.0002,3,2.335,0.169941443480534,0.0002000033855438,0.0001353420171868,61.97733315490613,4408.989424593691,7062.5,1.7144504372278777,8.42352674493002,0.0226771291943247,0.151921960340813,0.2946640507536112,0.5270182110789837
M04||test||199||hear,M04,199,hear,0.0002,3,2.8,0.1607374447996187,0.0002000033855438,0.0001246149166611,62.2109405761575,4378.047664813234,7093.75,1.712061744906069,8.27060900434839,0.0231594492549366,0.1817610423237134,0.2469030912718148,0.5428224398885684
M04||test||19||sheet,M04,19,sheet,0.0002,3,3.1,0.0785676393850766,0.0002000033855438,0.0001341131491593,55.35544688457154,4140.719524751789,7031.25,2.0020305916560246,9.592624164171257,0.024857315233181,0.2226857384511036,0.2504182651797414,0.4969247931180626
M04||test||200||sigh,M04,200,sigh,0.0002,3,2.655,0.1935202686897014,0.0002000033855438,0.0001019358200953,65.56799274164683,4315.296175189084,7062.5,1.5507048050131509,7.530267975072859,0.0297727498714464,0.1808149544365288,0.2493832452641051,0.5352677100284258
M04||test||201||here,M04,201,here,0.0002,3,2.5,0.261437361666868,0.0002000033855438,0.0001163297004312,67.03354084831575,4723.833404636586,7203.125,1.6476259651076657,8.0201684922574,0.0240293212967046,0.1181092366425524,0.2502849200796122,0.6036258447703833
M04||test||203||prior,M04,203,prior,0.0002,3,2.925,0.14900659496905,0.0002000033855438,0.0001229506042928,61.66949645847745,4799.985591528607,7281.25,2.015479076638146,10.174710320333864,0.0203188517935163,0.1167646390945983,0.2450638940908434,0.6133650510032942
M04||test||204||slip,M04,204,slip,0.0002,3,2.69,0.0950572325407277,0.0002000033855438,0.0001243053662727,57.6699057737614,4165.2023464851145,7015.625,1.7962419824543747,8.75468609447529,0.0244554217238559,0.1968160796588756,0.2852941991235682,0.489006358950201
M04||test||207||pay,M04,207,pay,0.0002,3,2.415,0.1816517652470358,0.0002000033855438,0.0001032478544326,64.90717174253572,4692.190558100222,7250.0,1.7678085837242026,8.809446135460579,0.0276255981914094,0.1381988521830691,0.2285964676471206,0.601571962311669
M04||test||20||spark,M04,20,spark,0.0002,3,2.955,0.1820449683853164,0.0002000033855438,0.0001199387447557,63.62438360938984,4448.485121572903,7156.25,1.7896800706352938,8.785219573125758,0.0253635046091174,0.1742377081789193,0.2470812416393448,0.5486643538126734
M04||test||210||knew,M04,210,knew,0.0002,3,2.295,0.0907291000010556,0.0002000033855438,0.0001218790032117,57.43635418348028,4822.605215789053,7343.75,2.185244614097632,11.63785660377754,0.0195523775089722,0.1256769075303451,0.2331847596214269,0.6181900320189565
M04||test||212||urgent,M04,212,urgent,0.0002,3,2.52,0.1515454437707236,0.0002000033855438,0.0001172378444944,62.22950117562898,5062.531607111676,7437.5,2.0650745078293107,10.94838809095598,0.0195531403576772,0.1107511823216724,0.2044099094676148,0.6616850429583858
M04||test||213||urgent,M04,213,urgent,0.0002,3,3.51,0.1313155996490518,0.0002000033855438,0.0001227093913845,60.58877038226747,4581.397569314216,7203.125,2.0322913267536133,10.263004110272092,0.0220499369117109,0.1538352502934757,0.2479634286434496,0.5715187979684745
M04||test||214||of,M04,214,of,0.0002,3,2.61,0.1621199028601083,0.0002000033855438,0.0001240915724123,62.32188094272162,5025.066913288235,7343.75,1.9898611165022573,10.68878940878648,0.0192206524253952,0.1078411111184723,0.2096009264809885,0.6590018397602557
M04||test||215||ate,M04,215,ate,0.0002,3,2.1550625,0.1615697407055542,0.0002000033855438,0.0001036419987921,63.856484960085226,4206.8012544292615,6890.625,1.6766761219219952,7.743444338229789,0.0263542713002427,0.2064596704663298,0.2332123066214215,0.528200198510004
M04||test||21||yes,M04,21,yes,0.0002,3,2.435,0.1514672372537939,0.0002000033855438,0.0001263056235934,61.57792033240312,4406.184414712619,7156.25,1.6957426857793385,8.247049100333966,0.0239348387357055,0.1626344437235573,0.2793418336412641,0.5292539574242745
M04||test||221||sigh,M04,221,sigh,0.0002,3,2.575,0.1793366991421718,0.0002000033855438,0.0001006319418447,65.01866637537019,4284.489059124246,7062.5,1.602912075664732,7.608213033788456,0.0354643097298267,0.1658987939689272,0.2672470271328266,0.5258127366686858
M04||test||222||rocks,M04,222,rocks,0.0002,3,2.735,0.0552397876658052,0.0002000033855438,0.0001193863757411,53.30594464380965,4414.919775344975,7171.875,1.9785808243182084,10.179822501962812,0.0233435817639797,0.1736365818448065,0.2647621674409844,0.5330566459899937
M04||test||223||rocks,M04,223,rocks,0.0002,3,2.685,0.0900714473476387,0.0002000033855438,0.0001140988798697,57.94611521078552,4620.098694240684,7250.0,1.9151771701646865,9.476557077208223,0.0241467259528065,0.14377847658478,0.2528926895253033,0.5752046741388314
M04||test||224||rocks,M04,224,rocks,0.0002,3,2.82,0.0472061372352353,0.0002000033855438,0.0001246398407404,51.566831584118646,4706.827728974022,7296.875,2.017469419782697,10.391364251358,0.0215531371210792,0.1346577945541428,0.2494657366564316,0.5902057539473041
M04||test||227||side,M04,227,side,0.0002,3,3.13,0.1218353773933203,0.0002000033855438,0.0001050664291627,61.28618881043983,4606.095951061717,7156.25,1.8034698771822488,9.006668825881972,0.0259648142576736,0.1391346159799793,0.243212706740502,0.5876172480062626
M04||test||228||side,M04,228,side,0.0002,3,3.195,0.1104079102061224,0.0002000033855438,0.0001186975318041,59.37117002656207,4568.118048456066,7250.0,1.8765819151968224,9.7276963041185,0.0252587318730207,0.1634186357127298,0.2406979997518443,0.5662247344557896
M04||test||229||play,M04,229,play,0.0002,3,2.64,0.0979555220049563,0.0002000033855438,0.0001169907111466,58.45755084819152,4340.954180075461,7062.5,1.932275024122284,9.497294152969152,0.0255396857139447,0.1595217521954728,0.2879756601985568,0.5217627254341763
M04||test||22||fee,M04,22,fee,0.0002,3,2.75,0.1147920521256706,0.0002000033855438,0.0001111902959428,60.27689867291415,4613.941094978408,7250.0,1.9057315214848876,9.82639530785188,0.0258788043758404,0.1652497803911478,0.2162054975112403,0.5877170918262149
M04||test||230||cycle,M04,230,cycle,0.0002,3,2.905,0.0807413001897196,0.0002000033855438,0.0001137203759936,57.02514903427314,4604.993139910619,7296.875,1.7279136858351525,8.562217424454166,0.0284783266353989,0.1463630673236714,0.2512771765755859,0.5692364602473731
M04||test||232||suit,M04,232,suit,0.0002,3,3.22,0.085075812080457,0.0002000033855438,0.0001237945560413,56.74209113226091,4237.75041187523,7078.125,1.9449653629074748,9.765469245694533,0.0313048722729229,0.199427539099765,0.2517106016616492,0.512358514927018
M04||test||233||bat,M04,233,bat,0.0002,3,2.42,0.0656872690711091,0.0002000033855438,0.0001116281360582,55.39415067056809,4861.429261952099,7406.25,2.097199914671942,10.898190710481316,0.0239109316546273,0.1400763134530504,0.2060940061090178,0.6258456193583295
M04||test||234||ate,M04,234,ate,0.0002,3,2.215,0.0844078346768304,0.0002000033855438,0.0001063492025669,57.99297043216842,4460.30590695369,7234.375,1.8978221387744851,9.835250076197797,0.0284799294816474,0.2033307144941692,0.2029643464368602,0.5601868041541083
M04||test||235||troop,M04,235,troop,0.0002,3,3.08,0.1120243023724443,0.0002000033855438,0.0001199274661169,59.40787180472924,4524.569363259993,7187.5,1.97008682342005,9.862126266441855,0.0256331801732863,0.174623377574159,0.2188704836935179,0.5768999321897391
M04||test||23||swarm,M04,23,swarm,0.0002,3,3.0,0.1199533519265088,0.0002000033855438,0.0001252827230209,59.62242408014447,4126.374238608256,7046.875,1.7607101415184527,8.527355677897523,0.0260636384815704,0.2128309482885176,0.2688944164436568,0.487110479935488
M04||test||244||fear,M04,244,fear,0.0002,3,2.445,0.1733528982749034,0.0002000033855438,0.0001136141331561,63.66997495424859,4514.389984519876,7203.125,1.72925046345247,8.384093821864882,0.0283084622238304,0.1680039224066551,0.2278006256351095,0.5704583445487199
M04||test||245||droop,M04,245,droop,0.0002,3,2.935,0.0554066453399222,0.0002000033855438,0.0001126691148529,53.835139472942586,4810.548219258159,7437.5,2.275950815844848,12.276840536015456,0.0215416598366506,0.1347325747474242,0.2332254303132257,0.606262605316869
M04||test||247||innocence,M04,247,innocence,0.0002,3,4.515,0.0533388409923677,0.0002000033855438,0.0001065240848758,53.9919152528653,4358.715973219478,7187.5,1.8125574919933736,9.41243268982884,0.027371949685993,0.1992126661008417,0.2368596887161204,0.5314723455851709
M04||test||249||single,M04,249,single,0.0002,3,2.4350625,0.137369743685417,0.0002000033855438,0.0001111044855526,61.843189902248255,4262.055715468131,7093.75,1.64007055342496,7.991103516874796,0.0251921464851841,0.1749378594612612,0.2901874411205126,0.504172506807019
M04||test||251||select,M04,251,select,0.0002,3,2.8,0.0582054529046766,0.0002000033855438,0.0001243745967697,53.40463974284389,4133.916034928817,7031.25,1.702768418006961,8.171699942269141,0.0291480069675674,0.1952560984855994,0.2857190891488841,0.4833720773896924
M04||test||252||dot,M04,252,dot,0.0002,3,2.23,0.1103088443926953,0.0002000033855438,0.0001211911878361,59.18278585467698,4431.76902061655,7140.625,1.9791011085246333,9.6226230402616,0.0214245762515598,0.1562154794805464,0.28586919374437,0.531273304096687
M04||test||254||mere,M04,254,mere,0.0002,3,2.6850625,0.1023083228082464,0.0002000033855438,0.0001061272043988,59.68168481829365,4365.644152670465,7125.0,1.920872156397847,9.579194567068512,0.0259331655041589,0.1718473434913642,0.2685015423754702,0.5286310369333952
M04||test||256||coupe,M04,256,coupe,0.0002,3,4.5350625,0.0824760241014614,0.0002000033855438,0.0001246269763116,56.41431317063258,4633.998426237598,7328.125,2.231305056541397,11.901938797031749,0.020679254021943,0.1459808240042375,0.2530430248432471,0.5757681809111225
M04||test||257||pot,M04,257,pot,0.0002,3,2.15,0.1032824199660473,0.0002000033855438,0.0001279287505166,58.14116494006075,4445.533880134343,7140.625,1.9724791991342676,9.479944198445263,0.0211578423802674,0.1444351544370495,0.2954266484999774,0.5332953659376423
M04||test||261||toot,M04,261,toot,0.0002,3,2.94,0.1305130813381785,0.0002000033855438,0.0001133526436696,61.224447796164185,4915.404478730113,7406.25,2.028678032672224,11.21793856752553,0.0234928177756263,0.1519985284035678,0.1744339538881532,0.6458077349925007
M04||test||262||pat,M04,262,pat,0.0002,3,2.64,0.1458062110284613,0.0002000033855438,0.0001053075760019,62.82632816406706,4307.474447411461,7093.75,1.803868036317216,8.717572515896732,0.0256058980967154,0.1830130022127697,0.2551617898797338,0.531425030902041
M04||test||263||write,M04,263,write,0.0002,3,2.47,0.0634557089454722,0.0002000033855438,0.0001137984929311,54.92668379871563,4232.915289353757,7015.625,1.8513161999177683,9.202401586048705,0.024555969621925,0.1723528802682293,0.2944828912701887,0.5030013375378126
M04||test||265||shoot,M04,265,shoot,0.0002,3,3.07,0.0700649995515898,0.0002000033855438,0.0001223725016362,55.15634570484629,4514.341579932999,7328.125,2.1608947622532004,11.289298955805464,0.024561366532241,0.2046032374606093,0.1997976694941525,0.5663083420292468
M04||test||266||fate,M04,266,fate,0.0002,3,2.65,0.1566547501708322,0.0002000033855438,0.0001167010648641,62.5573749890838,4110.292673963874,7015.625,1.974290002252856,9.454458648291096,0.0243807104386499,0.2017266427183703,0.2905596825634619,0.4765931461463292
M04||test||267||know,M04,267,know,0.0002,3,2.49,0.0719587594474011,0.0002000033855438,0.0001192357330331,55.61354483225165,4472.101698233556,7250.0,2.145977163074128,10.841992573910415,0.0217413790606971,0.1482785814542609,0.2829732833384191,0.5413677513273771
M04||test||268||charlie,M04,268,charlie,0.0002,3,2.775,0.133079633960271,0.0002000033855438,0.0001227193450968,60.7039713739907,4322.621697206931,7171.875,1.89085527104252,9.516297729656635,0.0261723273012118,0.1717210016594705,0.279468964834031,0.515839332331905
M04||test||269||thigh,M04,269,thigh,0.0002,3,5.205,0.1137366744991557,0.0002000033855438,9.939600992383924e-05,61.17063150346215,4242.608482847861,7046.875,1.8833051587390988,9.333602530822086,0.0295408143386131,0.1701662838308452,0.2811703432110298,0.5131476502548022
M04||test||26||stubble,M04,26,stubble,0.0002,3,3.065,0.1391974865887403,0.0002000033855438,0.0001122221241355,61.87105817559565,4369.969719926243,7109.375,1.775522104322021,8.522797223500751,0.024581772036727,0.1520643974382489,0.2909411328136707,0.5270616069466345
M04||test||270||tile,M04,270,tile,0.0002,3,3.35,0.1004330549078051,0.0002000033855438,0.0001068435943762,59.4625636616001,4160.940025025664,7031.25,1.7438028299942874,8.636587009388403,0.0291533469838716,0.203515424369288,0.2645584711730033,0.4965257547463806
M04||test||271||tile,M04,271,tile,0.0002,3,2.975,0.0805049230487619,0.0002000033855438,0.0001180893152236,56.6722366999102,4003.1015256499054,7015.625,1.822668185968428,8.949420390059437,0.0251202801231226,0.2194507153034376,0.3027319930894894,0.4466696773176903
M04||test||273||forward,M04,273,forward,0.0002,3,2.715,0.1361251380695085,0.0002000033855438,0.0001150916059029,61.45789366665827,4465.507304566701,7140.625,1.8499402052641325,9.368604513124092,0.0235608091338148,0.1472680654702526,0.2802255990826777,0.5441919299934401
M04||test||275||juliet,M04,275,juliet,0.0002,3,2.89,0.0344446879578783,0.0002000033855438,0.0001201241727628,49.14983689649286,5160.383277774397,7437.5,1.6891002449591783,9.86390336944675,0.0190178937227844,0.1080387631064057,0.1841587637766989,0.685443889743095
M04||test||276||papa,M04,276,papa,0.0002,3,3.55,0.1758835567031034,0.0002000033855438,0.0001333468010996,62.40485275174134,4554.477425375752,7218.75,1.716344647772168,8.755668371255789,0.0230905245595045,0.1819438284861904,0.2166390039157201,0.5731164627916379
M04||test||277||brawn,M04,277,brawn,0.0002,3,3.44,0.0681435286618066,0.0002000033855438,0.0001343614735051,54.10299721618592,4566.789369973753,7312.5,1.549173233438678,7.588525630151405,0.0253091286307207,0.1893027259201977,0.2148626566654473,0.5660469329585734
M04||test||278||brawn,M04,278,brawn,0.0002,3,3.475,0.1628362563259538,0.0002000033855438,0.0001165559344,62.904334377106366,4825.051103950085,7343.75,1.838288516038351,9.336800027618136,0.0238096682070736,0.1464645003306053,0.2033119634700925,0.6219634146512816
M04||test||279||loyal,M04,279,loyal,0.0002,3,2.485,0.2697763869219527,0.0002000033855438,0.0001023060344559,68.42205365753787,4691.694013054756,7250.0,1.667692757081069,8.218016976409523,0.0253506362950788,0.1434981752230701,0.2270455885334229,0.5995306498448819
M04||test||280||hat,M04,280,hat,0.0002,3,2.535,0.1416643386736079,0.0002000033855438,0.0001411452565187,60.03188502405813,4441.247148047262,7234.375,1.7057059720708982,8.365361662754783,0.0205648776468561,0.1802408803204551,0.2681401209775379,0.5259899113130679
M04||test||284||kitten,M04,284,kitten,0.0002,3,3.555,0.1200407594224536,0.0002000033855438,0.00012736277026,59.48572474920152,3798.679259428981,6968.75,1.491340765668313,6.902662002818115,0.0438957413902724,0.2576731992623867,0.2598229308797666,0.4321468036011265
M04||test||287||spit,M04,287,spit,0.0002,3,3.855,0.1106462814720329,0.0002000033855438,0.0001054230914361,60.420021513348914,4316.336980737833,7109.375,1.9444855417887463,9.5944737959092,0.0250894543138238,0.1964471236555819,0.2441678385257518,0.5287321950911218
M04||test||289||pitting,M04,289,pitting,0.0002,3,7.045,0.107191164649661,0.0002000033855438,0.0001271423215994,58.51737704621897,4367.31341277249,7093.75,1.827956783566494,9.25013220071291,0.0214921275441654,0.174353657989505,0.2634078475820538,0.536183620965478
M04||test||290||pitting,M04,290,pitting,0.0002,3,4.435,0.0916374335660659,0.0002000033855438,0.0001093184659543,58.46758777951755,4411.747054072316,7156.25,1.7932104949268357,9.092912146228263,0.0251725429320141,0.1647410763082195,0.2645308901919914,0.5403490724802736
M04||test||293||fat,M04,293,fat,0.0002,3,2.675,0.1374610178852914,0.0002000033855438,0.0001198553634138,61.19044164844173,4374.6458328144645,7015.625,1.998636176822158,9.721896138059147,0.0221720144413894,0.1443367485298252,0.2917708789316639,0.5356841082077339
M04||test||296||vat,M04,296,vat,0.0002,3,3.2,0.1667224153770212,0.0002000033855438,0.0001126610251161,63.40440589710526,4423.539939513393,7171.875,1.6849021502674992,8.304684241630607,0.0260059927509449,0.1845261613309455,0.2394579669660531,0.5451468124888623
M04||test||30||park,M04,30,park,0.0002,3,2.95,0.135023881731633,0.0002000033855438,0.0001102488856028,61.76072761663061,4455.817593037202,7156.25,1.6615832172635976,8.12327040897324,0.0247211822279658,0.1420336140405139,0.2842937195336028,0.5439585659170305
M04||test||31||hair,M04,31,hair,0.0002,3,2.86,0.1633095743609426,0.0002000033855438,0.0001354521753044,61.62451325766517,4694.338336339687,7203.125,1.696162951242991,8.45350654590688,0.0213989954004127,0.1367141226553583,0.2469489655666054,0.5909906701204187
M04||test||34||down,M04,34,down,0.0002,3,2.445,0.1802683335651092,0.0002000033855438,0.0001243394228366,63.226211938758766,4795.059564234887,7328.125,1.8509513736283885,9.282445095763878,0.0200516345696251,0.1365548038300191,0.2271611066537533,0.6114429510751745
M04||test||35||sip,M04,35,sip,0.0002,3,2.29,0.0796565948994939,0.0002000033855438,0.0001121919996744,57.02519697514438,4153.696975695212,7156.25,1.6044669193131316,7.9783922614037905,0.028505475602913,0.2179673361617085,0.2602033453286863,0.4874430465309406
M04||test||36||knew,M04,36,knew,0.0002,3,2.515,0.1546077213469326,0.0002000033855438,0.0001078797099027,63.1258281905506,4740.9806594459005,7296.875,1.8823114291926608,9.908477843625583,0.0237216210631679,0.13267393160529,0.2306006395382714,0.6086901301169224
M04||test||37||sip,M04,37,sip,0.0002,3,2.745,0.0959508691077881,0.0002000033855438,0.0001200865511099,58.05109081618316,4387.428049541956,7140.625,1.9516752128905503,9.733636889969787,0.0258121721525148,0.170942702456001,0.2637656174819531,0.5348322477603231
M04||test||41||trade,M04,41,trade,0.0002,3,2.93,0.0974834003547106,0.0002000033855438,0.0001191856149521,58.25413655902209,4705.961311976682,7312.5,2.1193201512482056,10.937433625076707,0.0221985411699737,0.1670372226504738,0.2012659174056945,0.6052789111010006
M04||test||42||rate,M04,42,rate,0.0002,3,2.85,0.17146143513112,0.0002000033855438,0.0001105455619618,63.81250285336585,4811.351799928383,7328.125,2.0065946521817177,10.45345242655913,0.0252592186368831,0.13885733390298,0.2047750897618124,0.6271153935743736
M04||test||43||meat,M04,43,meat,0.0002,3,2.245,0.0539271186356974,0.0002000033855438,0.000118018168578,53.19716690661197,4483.789099092537,7187.5,1.971514371732783,9.903818421852488,0.0243525186576573,0.1949885030962808,0.2124476197543057,0.5633509426821306
M04||test||47||train,M04,47,train,0.0002,3,2.675,0.1346793462902759,0.0002000033855438,0.0001297744604061,60.32223535892847,4561.423631621666,7250.0,2.051144431111872,10.558799611655278,0.0225593570873299,0.1779128961944251,0.2206359183067484,0.5740735900322709
M04||test||50||feed,M04,50,feed,0.0002,3,2.485,0.0875816797176176,0.0002000033855438,0.000109670753343,58.04644887012518,4589.654415695689,7281.25,1.8140417852732769,9.60231119271944,0.0239585182752651,0.1709821524735654,0.2271573130063282,0.5736557383446501
M04||test||51||farm,M04,51,farm,0.0002,3,2.61,0.1137600845422148,0.0002000033855438,0.0001168161135617,59.7697430568965,4497.484074691787,7218.75,1.7376508327204816,8.623674818509253,0.0255279767548204,0.1582596820609526,0.2533917955617563,0.5576924985101046
M04||test||53||dug,M04,53,dug,0.0002,3,2.425,0.1322228284819059,0.0002000033855438,0.0001276244055385,60.30745422113944,4548.407801748343,7218.75,2.1014872151633908,10.79747742489934,0.0202165076957628,0.1661269587163986,0.246095382821534,0.5630044277907961
M04||test||55||race,M04,55,race,0.0002,3,2.685,0.1078362122473268,0.0002000033855438,0.0001180209743301,59.216108583540894,4624.6004121015,7265.625,2.025851157882847,10.735014607312348,0.0231240438965521,0.1706788674419018,0.2136396192590588,0.5880622732443322
M04||test||56||sip,M04,56,sip,0.0002,3,2.22,0.0810069503591289,0.0002000033855438,0.0001288621903985,55.96793547073668,4301.331100833572,7125.0,1.9560961657109937,9.571477159547484,0.0242012113198199,0.1952246350676396,0.2658618454867086,0.5095355259819468
M04||test||57||range,M04,57,range,0.0002,3,2.55,0.1079097361677456,0.0002000033855438,0.0001111936548182,59.739612509009206,4990.641322044707,7359.375,1.852672014566795,9.686569686519524,0.0220201248122926,0.1245858841708902,0.1871374367232389,0.6623930041361996
M04||test||58||share,M04,58,share,0.0002,3,2.885,0.1483765944636274,0.0002000033855438,0.0001062138367225,62.90368603925706,4677.3380575194615,7265.625,1.76587789473731,9.09606154418922,0.0278273335836868,0.1627148234792692,0.1978407233707108,0.6060768849601312
M04||test||59||chair,M04,59,chair,0.0002,3,2.645,0.1019730704660188,0.0002000033855438,0.0001263339244522,58.13931018046132,4933.620859456871,7359.375,2.080649580615687,11.36738436359556,0.0220153833101872,0.1231424779578408,0.2041972642837299,0.6464566390427806
M04||test||61||grow,M04,61,grow,0.0002,3,2.73,0.084237547302791,0.0002000033855438,0.0001202254453629,56.91018637410593,4510.136482217382,7203.125,2.0564741021519155,10.840335191006693,0.0212175331819643,0.1289285121445567,0.2978587460247009,0.5472927914459716
M04||test||66||beat,M04,66,beat,0.0002,3,2.49,0.0501651559770414,0.0002000033855438,0.0001288746991726,51.8046900477582,4229.532001058602,7109.375,1.922274259897616,9.935791215416922,0.0230668761652046,0.193626304446646,0.2811466944084003,0.4967850210975944
M04||test||67||ship,M04,67,ship,0.0002,3,2.48,0.053746205265246,0.0002000033855438,0.0001105621654888,53.734825403218494,4309.110926615952,7234.375,1.7696977107794851,9.15979351717598,0.0285760209615244,0.2321297639043971,0.2003028403528794,0.5343472146510502
M04||test||69||trouble,M04,69,trouble,0.0002,3,3.01,0.1501092048508551,0.0002000033855438,0.0001131103056176,62.45810297234144,4794.345769270132,7328.125,1.916603610597309,10.062059574897557,0.0226915956212818,0.1286090404960663,0.2310728767029497,0.6137012985935157
M04||test||6||jagged,M04,6,jagged,0.0002,3,3.275,0.143746432050839,0.0002000033855438,0.0001032317794026,62.87567320981205,4531.711631483819,7234.375,1.6011332694993,7.950605978041768,0.0293811768619598,0.1656226179305557,0.2366079219644736,0.5639505450030361
M04||test||70||feet,M04,70,feet,0.0002,3,2.6,0.0922783966206634,0.0002000033855438,0.0001188678326461,57.80071391392725,4219.735428337032,7062.5,1.9512976644912543,9.357093052554657,0.0237396978980116,0.2064689401132327,0.2572539519667828,0.5076000305541006
M04||test||71||trace,M04,71,trace,0.0002,3,2.885,0.1740282640141182,0.0002000033855438,0.0001157607668358,63.54116785924778,4492.887234237824,7250.0,1.932746705867116,9.72727709280114,0.024914464662808,0.1796297431168408,0.2246046442317764,0.5664246491869473
M04||test||73||dark,M04,73,dark,0.0002,3,2.78,0.1433092319683548,0.0002000033855438,0.0001127714405847,62.08150080403706,4568.7631731060255,7250.0,2.031274668130598,10.087345876460342,0.023941609853823,0.1415013310507946,0.2562225291966598,0.5738984919180351
M04||test||75||swore,M04,75,swore,0.0002,3,3.795,0.0920863685418414,0.0002000033855438,0.0001191055745644,57.76526516535721,4809.778569800243,7312.5,2.055701390690653,10.576867668442304,0.0214121406325732,0.1182414281732727,0.2405904883224181,0.615457763355972
M04||test||76||air,M04,76,air,0.0002,3,3.395,0.1341513633346711,0.0002000033855438,0.0001096939943174,61.74824479525662,4873.393142794132,7328.125,1.9025216494833013,10.164887243583118,0.0252027966868196,0.1298861631039223,0.2061148965705636,0.6346809396055827
M04||test||78||store,M04,78,store,0.0002,3,3.23,0.0526903411559331,0.0002000033855438,0.000117677374814,53.02076078162042,4908.091960007011,7375.0,2.232331592529203,11.814308015327216,0.0213222247225917,0.1251147923913163,0.2036217530115894,0.6457075828364033
M04||test||80||goat,M04,80,goat,0.0002,3,2.82,0.0649213955909148,0.0002000033855438,0.0001136888369931,55.133400466645305,4510.690735245978,7296.875,2.1018997405949795,11.100374111632334,0.0250305760330813,0.1751331134596312,0.2340503234400177,0.561269393272402
M04||test||82||one,M04,82,one,0.0002,3,2.41,0.0495599556325788,0.0002000033855438,0.000103163547118,53.632092852984805,4765.1733719976855,7359.375,1.9832227889154568,10.274889740701044,0.0229386383167189,0.1362464270678077,0.227832522806827,0.6087567853777679
M04||test||84||tip,M04,84,tip,0.0002,3,3.06,0.1007153652620736,0.0002000033855438,0.000115968305799,58.77512839183894,4611.246911257794,7234.375,2.0717307230509805,10.59874969675002,0.0222519947500835,0.1546363678435625,0.2391012985421023,0.5798977228861374
M04||test||85||car,M04,85,car,0.0002,3,2.595,0.126484408283195,0.0002000033855438,0.0001254965903687,60.06810133610681,4665.765176265428,7250.0,1.9679330832665745,9.830841915391664,0.0247252678033652,0.1336391042724661,0.243575694271831,0.5925887679046036
M04||test||8||sticks,M04,8,sticks,0.0002,3,3.045,0.0444019045319032,0.0002000033855438,0.0001031133616244,52.68173306173568,4424.568833410598,7234.375,1.5612002107715264,7.578774282589959,0.0296966491439754,0.1924886057039875,0.2330224284697766,0.5399167181763836
M04||test||90||warm,M04,90,warm,0.0002,3,3.65,0.0576347156946302,0.0002000033855438,0.0001124108941857,54.19751505405687,4664.708923997036,7343.75,1.9342846041434487,10.222076248120455,0.0257599282568637,0.1511813161935655,0.2343462188632027,0.5839412627763264
M04||test||91||fair,M04,91,fair,0.0002,3,2.99,0.1193359627223715,0.0002000033855438,0.0001211320435226,59.870245942728666,4629.132791426522,7234.375,1.7444282245317595,8.779145635750154,0.0258877231728086,0.1530734550322137,0.2363507604193961,0.5803126421138906
M04||test||92||gadget,M04,92,gadget,0.0002,3,3.375,0.1167001538520743,0.0002000033855438,0.0001253771233446,59.37706254887548,4327.000447944897,7156.25,1.5980003346903682,7.8274870848384595,0.0323427199922967,0.1990009736665664,0.2320079490456662,0.5324040926038731
M04||test||94||double,M04,94,double,0.0002,3,2.635,0.0622641285762642,0.0002000033855438,0.0001089967036129,55.13649100986551,4859.581465678747,7406.25,2.0990175259734394,11.043777556403075,0.0243978009252476,0.1320509953633119,0.2155100315562782,0.6235357352512986
M04||test||95||beta,M04,95,beta,0.0002,3,3.855,0.0661964037931284,0.0002000033855438,0.0001068648899675,55.83998707066888,4334.969235972473,7125.0,1.838279557532005,9.555976095217954,0.0270035612511242,0.1791509878201402,0.256301483330724,0.5322421936500024
M04||test||96||glow,M04,96,glow,0.0002,3,3.005,0.0671865438050616,0.0002000033855438,0.0001285699413032,54.36285710306053,4690.330137423128,7359.375,2.175967827067036,11.44471314448481,0.0210616462966765,0.1460703280994837,0.2526634113347174,0.5756971405028497
M04||test||97||air,M04,97,air,0.0002,3,3.225,0.119340786775147,0.0002000033855438,0.0001183946490616,60.06913644254647,4703.753494038451,7250.0,1.9165672321192808,9.983977682243292,0.0241471196756003,0.1412625365495285,0.229912633177654,0.6002597391206634
M04||test||9||slip,M04,9,slip,0.0002,3,3.13,0.0752160000457234,0.0002000033855438,0.000119039192726,56.01240522199218,4268.843805431802,7093.75,1.6872216047143385,8.185070061779939,0.0293611481606365,0.1943445543256171,0.2481220691781788,0.5230877365579835
M05||test||100||raid,M05,100,raid,0.0002,3,3.305,0.1716316438618295,0.0002000033855438,0.0001128894169873,63.63888263923948,4523.6557869019125,7171.875,0.917997866852014,3.288172962345566,0.0246294772279947,0.1487170275944725,0.2450384207405713,0.5765807724797896
M05||test||102||car,M05,102,car,0.0002,3,2.93,0.3064003523444191,0.0002000033855438,0.0001137776820301,68.6046435729846,4721.704398798641,7250.0,0.7011131580514344,2.1975452579520143,0.0298004012231425,0.137658084892429,0.222010049677666,0.6059225733076841
M05||test||103||swarm,M05,103,swarm,0.0002,3,3.4850625,0.285314806551343,0.0002000033855438,0.0001163425685681,67.7917132481109,4881.743631857179,7343.75,0.9389798961315288,3.2581042214795466,0.0261589602368498,0.1292684090903089,0.1999197686473814,0.6411025752567342
M05||test||103||witch,M05,103,witch,0.0002,3,3.805,0.072800695523131,0.0002000033855438,0.000120942042927,55.59116456306906,4140.111900863839,6968.75,2.670222009050617,12.467614348662938,0.0284806835492264,0.2150747958298265,0.2452224357956898,0.5050394409844142
M05||test||104||near,M05,104,near,0.0002,3,3.425,0.0623601754068847,0.0002000033855438,0.0001091650240626,55.1364762653353,4628.921721086515,7218.75,2.449078276185683,12.507867044172798,0.0249317988304353,0.1608154460443296,0.2039370075425496,0.606256903312461
M05||test||105||write,M05,105,write,0.0002,3,3.375,0.0475247339773845,0.0002000033855438,0.000112287340586,52.53177796862437,4742.5150317347125,7359.375,2.709053679133381,14.230733793886849,0.0268130610691568,0.1686176728218062,0.1825782492427284,0.6175067591744802
M05||test||106||share,M05,106,share,0.0002,3,2.43,0.3127935377818647,0.0002000033855438,0.0001181497693493,68.45649787891765,4506.810408944755,7187.5,0.8470237268942519,2.919951922693521,0.0388746187364602,0.1656181169017009,0.2086153631130048,0.5811060497162354
M05||test||106||though,M05,106,though,0.0002,3,2.695,0.0742379631235979,0.0002000033855438,0.0001257495351273,55.422393187133736,4804.478751347906,7218.75,2.6313150925567697,13.17527404469024,0.0218043914580572,0.1419372336953049,0.1846349122598961,0.6465342897201354
M05||test||107||trace,M05,107,trace,0.0002,3,3.195,0.2087822214659431,0.0002000033855438,0.000109556571839,65.60110160067381,4567.672341122186,7218.75,0.8496522458235263,2.9443575056214866,0.0392000554188276,0.1791480961098506,0.1832814973164705,0.5931599616636267
M05||test||108||sticks,M05,108,sticks,0.0002,3,3.36,0.1913697220901903,0.0002000033855438,0.0001521691066058,61.9909347065494,4299.431298791104,7109.375,1.037868079630758,4.063320411312278,0.0340805983289457,0.2223638517968786,0.1976570127277137,0.5404976513076768
M05||test||109||air,M05,109,air,0.0002,3,3.065,0.295681653889364,0.0002000033855438,0.0001091667805586,68.65467752126274,4731.391418470153,7250.0,0.954084695971721,3.496461780314003,0.0291644798284634,0.1360511293297845,0.2180762222678429,0.6120910917731995
M05||test||109||slip,M05,109,slip,0.0002,3,2.97,0.0524626566724283,0.0002000033855438,0.0001146998233083,53.20575060594604,4484.741205813359,7203.125,2.303097101312312,11.322732246296964,0.0328435816171438,0.1735158541161108,0.2155929253865135,0.5728137255665056
M05||test||10||light,M05,10,light,0.0002,3,2.33,0.0627222523338673,0.0002000033855438,0.0001095272940496,55.15798574144053,4797.665637124956,7328.125,2.3909685697111915,12.889073321740224,0.0266530368447739,0.1354675117534469,0.2126775591425397,0.6214595009214698
M05||test||110||know,M05,110,know,0.0002,3,3.165,0.1975975498622682,0.0002000033855438,0.0001146849199139,64.72550479091366,4621.855035697953,7250.0,1.0346024288834228,4.061796223413487,0.0223435069576927,0.1407814814461485,0.2541433634252761,0.5780053598955383
M05||test||110||tile,M05,110,tile,0.0002,3,3.435,0.0452444221206013,0.0002000033855438,0.0001175937170129,51.703618548663,4922.787107396975,7375.0,2.702159787333722,13.610871138261654,0.0264731474702195,0.1423259142870129,0.1728111586929451,0.6540276545689185
M05||test||111||beta,M05,111,beta,0.0002,3,3.97,0.2368728251150743,0.0002000033855438,0.0001113465940836,66.55676605192764,4482.81766769315,7156.25,0.985228831486654,3.710577616982004,0.0279773535898911,0.1793205864809509,0.2165903368152381,0.5714734046153236
M05||test||112||hair,M05,112,hair,0.0002,3,2.855,0.2794616289539798,0.0002000033855438,0.0001490943938031,65.45721745237505,4471.871355864028,7156.25,1.1366648390457552,4.362512907533761,0.0269983506363267,0.1881745417536863,0.2195400394911006,0.5603499451906288
M05||test||112||jungle,M05,112,jungle,0.0002,3,3.35,0.0817728145015256,0.0002000033855438,0.000116985357649,56.889548773309215,4778.166269715153,7281.25,2.5623208546095984,13.054200168668908,0.023586670791459,0.1532476924175314,0.1872567591490476,0.6317210921502101
M05||test||113||were,M05,113,were,0.0002,3,4.82,0.0670873942364091,0.0002000033855438,0.0001190617657987,55.01737208732632,4409.696708967557,7171.875,2.9599878399704944,14.066390920758678,0.0276330142365909,0.1878962556749625,0.2243908774154245,0.5553030830230512
M05||test||114||beat,M05,114,beat,0.0002,3,2.26,0.2085470408135621,0.0002000033855438,0.0001396058376805,63.48600905803865,4532.662894872011,7171.875,1.142338685650483,4.636214312001985,0.0226735858982598,0.1692659099356766,0.2301414670466694,0.5719915041875384
M05||test||114||we're,M05,114,we're,0.0002,3,3.86,0.0683954673657074,0.0002000033855438,0.0001189672560937,55.191997531758346,4795.11494775922,7375.0,2.501243616400452,13.179528381656777,0.0270478766156103,0.1607127186747146,0.1734203916931274,0.6346129738665726
M05||test||115||beat,M05,115,beat,0.0002,3,4.955,0.1556259385159311,0.0002000033855438,0.0001406473861111,60.879006363064846,4658.669173447137,7265.625,1.1713114779555114,4.675961784973852,0.024321743084571,0.1571236234745887,0.2218555289816461,0.5923039040586896
M05||test||115||three,M05,115,three,0.0002,3,4.2,0.0534022646728291,0.0002000033855438,0.0001170064886508,53.18699456944501,4704.875616790684,7359.375,2.5281348110492488,13.24237647199102,0.031464631952304,0.1764135050214622,0.1796037330091035,0.6080964231290841
M05||test||116||alpha,M05,116,alpha,0.0002,3,3.27,0.2096698952610138,0.0002000033855438,0.0001253155563371,64.4706218350366,4626.810197173888,7203.125,1.0373154964987776,4.008695314434444,0.0263434096891616,0.151433002098488,0.2233472598835097,0.5943446830589321
M05||test||116||side,M05,116,side,0.0002,3,3.3750625,0.10905255947203,0.0002000033855438,0.0001133018707254,59.66797564814886,4704.737022444938,7218.75,2.233060531472212,11.695123686913062,0.0329526390190004,0.1595075161661443,0.1868669561610275,0.6159857915378689
M05||test||117||gadget,M05,117,gadget,0.0002,3,2.805,0.1820349885823202,0.0002000033855438,9.535619195852732e-05,65.61611943312191,4413.686302749848,7125.0,0.8583518432361681,2.949666654926633,0.0328615437690253,0.175687964248201,0.2237691707520658,0.5620046556925345
M05||test||119||grow,M05,119,grow,0.0002,3,4.675,0.1444156212289372,0.0002000033855438,0.0001402245603404,60.25580171564519,4726.73698549593,7343.75,1.0870757799876418,4.276955583752692,0.0265647134260676,0.1440887580731563,0.2224153530591427,0.6016915016345341
M05||test||119||slip,M05,119,slip,0.0002,3,2.05,0.04074209086501,0.0002000033855438,0.0001160602480321,50.90719637331819,4220.1625424484855,7156.25,2.3212090955925007,11.78287465819143,0.0295298326250355,0.2188173134802636,0.2381651663847964,0.5086262410744387
M05||test||120||bad,M05,120,bad,0.0002,3,2.735,0.0563660530575485,0.0002000033855438,0.0001155968568564,53.761431991531154,4662.295092215835,7281.25,2.606530997231844,13.398317043800224,0.0314887342763241,0.1678804486458842,0.1927435721365159,0.6027221428833317
M05||test||120||the,M05,120,the,0.0002,3,1.35,0.1755868060658063,0.0002000033855438,0.0001711259840633,60.22351840991071,4854.10609506876,7234.375,1.1538822359026868,4.861567320076867,0.0253732744715835,0.1068460938506697,0.2380588061524186,0.6250856974696681
M05||test||121||the,M05,121,the,0.0002,3,2.635,0.1036147261488637,0.0002000033855438,0.0001281914888671,58.15124583738236,4356.741029127341,7171.875,0.975057074403273,3.743879863073173,0.0249514382825354,0.1568752920827152,0.2941242379557527,0.5186333315689795
M05||test||121||troop,M05,121,troop,0.0002,3,3.565,0.037325826862914,0.0002000033855438,0.0001058813822729,50.94379669791464,4477.240470580244,7171.875,2.080337940974044,10.93400457967134,0.0336936106434206,0.1610490560662484,0.2333710140809974,0.5677044955284517
M05||test||122||feed,M05,122,feed,0.0002,3,4.3,0.1932337884609029,0.0002000033855438,0.0001187785983588,64.22689744909944,4805.262121361195,7328.125,1.0017940632913782,3.969772579096933,0.0316409369127917,0.150886660802078,0.1893988958132752,0.6233425724029111
M05||test||123||play,M05,123,play,0.0002,3,2.555,0.0417006565634052,0.0002000033855438,0.0001130380773784,51.33836261400666,4622.102434540646,7281.25,2.4829884190727736,12.963216566447636,0.0292629049950943,0.1778519274833301,0.1898370396849735,0.5984483762526986
M05||test||124||stick,M05,124,stick,0.0002,3,3.39,0.1672517431458103,0.0002000033855438,0.0001200855308176,62.877599413398606,4334.633699365876,7093.75,1.030140873728738,4.134846386812851,0.0354021601386789,0.1800942716865458,0.2399652814383302,0.538589956061952
M05||test||125||knew,M05,125,knew,0.0002,3,3.5,0.072756845060232,0.0002000033855438,0.0001121962705302,56.23790875244819,4561.810650120594,7187.5,2.539771230655636,12.904131636826222,0.0287205669523068,0.1573373306270359,0.2243118206031679,0.5849956821366115
M05||test||126||air,M05,126,air,0.0002,3,2.565,0.2872212590228655,0.0002000033855438,0.0001042917621008,68.79933152551682,4558.325409863164,7187.5,0.9285457876109336,3.3807688787285195,0.0278233642636704,0.1520869590460823,0.2349691963005112,0.5810694011548689
M05||test||126||peer,M05,126,peer,0.0002,3,2.625,0.0489659627428841,0.0002000033855438,0.0001129388622036,52.74101779295208,4719.910595823415,7312.5,2.5614925677553866,13.113863985585056,0.0333161791421151,0.1682256847260674,0.1713024433654204,0.623065068002328
M05||test||127||fear,M05,127,fear,0.0002,3,2.825,0.0685761211568107,0.0002000033855438,0.0001134602326596,55.626584937307584,4865.233639802586,7343.75,2.488099247976089,13.155495664958408,0.0293771167737059,0.1633111133987119,0.1553579833342107,0.647778857555671
M05||test||127||knee,M05,127,knee,0.0002,3,2.62,0.3539031565117125,0.0002000033855438,0.0001331749156777,68.4892401142584,4492.508513139577,7171.875,0.976380312464428,3.5555006181029825,0.0238932575967915,0.1825848128455916,0.214614614082145,0.5736784566921073
M05||test||12||know,M05,12,know,0.0002,3,2.605,0.0565702154035574,0.0002000033855438,0.0001091078052036,54.29464025512622,4853.775987482864,7375.0,2.7656592009414567,14.453013986714751,0.0234102497947081,0.1247791564866683,0.2242457674846305,0.6233125829786391
M05||test||12||spark,M05,12,spark,0.0002,3,2.94,0.2779014557347643,0.0002000033855438,0.0001550703247678,65.06724250622025,4386.102730838323,7203.125,0.7384883028214193,2.3778066899622075,0.0467976637389398,0.2181880467216137,0.1702771924502083,0.5596946070869355
M05||test||130||dark,M05,130,dark,0.0002,3,3.105,0.2529177657761541,0.0002000033855438,0.0001397437721465,65.15293749137476,4305.2724564476985,7109.375,1.0436087691210227,3.9495151251356218,0.0354870050245205,0.1885881392876543,0.2467402852820895,0.5240377633752967
M05||test||134||snoop,M05,134,snoop,0.0002,3,3.42,0.037841505053087,0.0002000033855438,0.0001155518096954,50.30383299144647,4469.12384191235,7296.875,2.644077281747417,13.915741180143485,0.0327517425080478,0.1857563187103636,0.2197796429022782,0.5569986161112139
M05||test||136||loop,M05,136,loop,0.0002,3,2.28,0.0828227404983342,0.0002000033855438,0.0001114805585186,57.41900921571225,4530.282007778021,7265.625,2.465989945869719,13.269111382442942,0.0282374081545694,0.1884041726672146,0.2076659692536652,0.5709461667934018
M05||test||137||droop,M05,137,droop,0.0002,3,2.835,0.0587269728228784,0.0002000033855438,0.0001222016378069,53.63521176860616,4341.744591916524,7187.5,2.711142813352306,13.319742952849,0.0240698279667477,0.1928125349732466,0.2538957141119295,0.523920431480231
M05||test||13||race,M05,13,race,0.0002,3,2.775,0.3621637245771303,0.0002000033855438,0.0001282740937739,69.01531985492299,4471.672394204308,7296.875,0.8125167912320447,2.666850952536379,0.0440945759139925,0.1909081907921163,0.1866652539513132,0.5714161433679706
M05||test||140||pretty,M05,140,pretty,0.0002,3,3.485,0.0701381413390477,0.0002000033855438,0.0001122215887981,55.91755679752904,4578.818115102026,7265.625,2.452510935855442,12.579663944288663,0.0254986707185909,0.1723268313887588,0.2105591425485961,0.5865618081039632
M05||test||142||pitting,M05,142,pitting,0.0002,3,2.19,0.0372725685968567,0.0002000033855438,0.0001050235408887,51.00205332356568,4845.489323664216,7437.5,2.2424482948445283,12.10279745574614,0.034146127810109,0.1743798845214614,0.1497208493172996,0.6378709059023366
M05||test||143||pitting,M05,143,pitting,0.0002,3,3.56,0.0288334991372337,0.0002000033855438,0.0001127015297913,48.15935077980173,4194.171181584128,7171.875,2.591909633678467,12.836773758682222,0.0372057110229392,0.2326870382620448,0.214217673868291,0.5101278731673735
M05||test||144||top,M05,144,top,0.0002,3,2.52,0.0263834681901316,0.0002000033855438,0.0001183067734559,46.96644548401203,4723.271417334374,7406.25,3.2356390344936137,16.37296651433605,0.0276427652939951,0.1795275178249955,0.185017050337219,0.6037898283977091
M05||test||148||fill,M05,148,fill,0.0002,3,2.875,0.0523284112113505,0.0002000033855438,0.0001108772255209,53.477903977712415,4743.404160677906,7296.875,2.5660935963089595,13.443533265238852,0.02809517350208,0.1658615646515355,0.1761120552705156,0.6251234795017078
M05||test||149||six,M05,149,six,0.0002,3,2.745,0.0405591781981764,0.0002000033855438,0.000111830196938,51.19060114233163,4073.0170119528634,7062.5,2.2938633216458566,10.908432141611904,0.0417554897638715,0.2224946897560267,0.2350830167388022,0.4952245414476691
M05||test||14||suit,M05,14,suit,0.0002,3,2.9850625,0.028040641025782,0.0002000033855438,0.0001153338488314,47.71662304863631,4288.0871417919525,7187.5,2.7274172036249653,13.494898430005415,0.0315159872097606,0.2131177108035445,0.2212043026826172,0.5292526303899449
M05||test||153||hill,M05,153,hill,0.0002,3,2.17,0.0842233307904444,0.0002000033855438,0.0001149279805444,57.300132739032,4514.92299412279,7203.125,2.437198628221484,12.39662094356514,0.0299949487018326,0.1646428656914417,0.2248069620362862,0.57544040575289
M05||test||154||shy,M05,154,shy,0.0002,3,2.655,0.0258903265651907,0.0002000033855438,0.0001132561689466,47.18151323000644,4642.976694003879,7359.375,2.7148039380455677,13.770894784658925,0.032289553994967,0.1664094946939875,0.2046426789449927,0.5918224291395049
M05||test||159||bitten,M05,159,bitten,0.0002,3,3.655,0.070771823862481,0.0002000033855438,0.0001151535532497,55.771660891911495,4632.186820726265,7281.25,2.848969165210487,14.080097807179008,0.0251920713257506,0.1742221245513156,0.2019687742768772,0.5942174263207152
M05||test||164||leak,M05,164,leak,0.0002,3,3.575,0.0238971016104299,0.0002000033855438,0.0001131481488365,46.49395554272248,4205.173971220407,7125.0,2.6933592551207206,13.130936597353656,0.0334112932511889,0.2209548093589199,0.2244626290873608,0.5163317994285042
M05||test||167||spit,M05,167,spit,0.0002,3,3.015,0.0293279157852336,0.0002000033855438,0.0001132628067391,48.26387761948694,4249.243449221969,7171.875,2.394374874897414,11.75188873999375,0.0387739885598134,0.2210129407800381,0.2082393463136445,0.5265006240277883
M05||test||168||mush,M05,168,mush,0.0002,3,3.5100625,0.063894685036862,0.0002000033855438,0.0001113183757164,55.177957457838495,4604.948171052576,7281.25,2.278388054757153,11.913989087473894,0.0442178557547304,0.1752847533901896,0.1754625755290784,0.5999569103197109
M05||test||16||whoop,M05,16,whoop,0.0002,3,2.36,0.0955164195811964,0.0002000033855438,0.0001126511546298,58.56684774393642,4715.336130665076,7265.625,2.648037331946917,13.61737707687102,0.0226252824994118,0.1248274038137995,0.2392576930000036,0.6088148285370482
M05||test||171||brawn,M05,171,brawn,0.0002,3,4.3,0.0656072223348253,0.0002000033855438,0.0001146798512367,55.1492906033911,4473.237950875115,7187.5,2.391727326502429,11.87256025366385,0.0298641311937878,0.1770442791048455,0.2216933141770199,0.5658811167703149
M05||test||172||much,M05,172,much,0.0002,3,3.055,0.0387008121717398,0.0002000033855438,0.000116408139769,50.43473460047306,4115.751047589134,7093.75,2.5671759047564557,12.04317396872795,0.033819969749657,0.2284496111868709,0.239003503312614,0.492318897410821
M05||test||174||knitting,M05,174,knitting,0.0002,3,3.955,0.033615932275321,0.0002000033855438,0.0001155819751569,49.27310096685424,4298.194050061182,7187.5,2.769111084035332,13.52821623071015,0.0331837574611428,0.207121971448994,0.2255755224804317,0.5294857268196951
M05||test||175||kitten,M05,175,kitten,0.0002,3,2.865,0.0429516723486955,0.0002000033855438,0.0001129368159634,51.60289077066402,4304.4377813495685,7109.375,2.5210382848393023,12.079586713659108,0.0318635199540792,0.1983892473535859,0.2256392265152489,0.5386189878373444
M05||test||178||witch,M05,178,witch,0.0002,3,2.91,0.0565666526477552,0.0002000033855438,0.0001136874310462,53.93696053935426,4600.848270173698,7250.0,2.6350900121518936,13.427851181921111,0.030728662031983,0.1754748027501052,0.1960027887683092,0.5932914883834018
M05||test||17||prior,M05,17,prior,0.0002,3,3.12,0.0808826742737461,0.0002000033855438,0.0001149139240225,56.94965694393268,5023.657082068856,7312.5,2.400847990511379,12.802310392095317,0.0221654404651672,0.1114671956997925,0.189255421933753,0.6732956720146756
M05||test||180||oscar,M05,180,oscar,0.0002,3,3.56,0.0629443313659635,0.0002000033855438,0.0001067744026541,55.4097894819665,4900.270786115095,7328.125,2.3487341161429,12.51280607577807,0.0337141028466141,0.1456633239669932,0.1577984802385976,0.6583707625092061
M05||test||181||tell,M05,181,tell,0.0002,3,2.495,0.0389256905063216,0.0002000033855438,0.0001222662723337,50.05859307404676,5010.317068597024,7437.5,2.5295658945357644,12.48283078624072,0.0225271941738747,0.1353984215956951,0.1717466311988582,0.6664958403540392
M05||test||185||hum,M05,185,hum,0.0002,3,2.83,0.0444279904904283,0.0002000033855438,0.0001076830209372,52.31018878995449,4858.89517623679,7375.0,2.7651857383035794,14.153247692270684,0.0268115695005795,0.1576748480442492,0.1713145238456594,0.6397996672970838
M05||test||187||lima,M05,187,lima,0.0002,3,4.37,0.0689037954375422,0.0002000033855438,0.0001235156290572,54.93042460642366,4640.422794737012,7312.5,2.6721467322513117,13.449772300558529,0.0245667411752893,0.1642247436244505,0.2196571827447029,0.5870838052177907
M05||test||188||rich,M05,188,rich,0.0002,3,3.61,0.0705610780097615,0.0002000033855438,0.0001116238790176,56.01616193339649,4527.925094778174,7234.375,2.575729203122659,13.011090996617307,0.0303085355677517,0.1823712940486989,0.2034106271060466,0.5789873006782
M05||test||18||chair,M05,18,chair,0.0002,3,2.86,0.1765164730661864,0.0002000033855438,0.0001507043837275,61.37318711919615,4186.095572680586,7078.125,1.0622978600304915,4.107229621191097,0.0268047362782534,0.2018722001430382,0.266093051946761,0.4997000500635821
M05||test||18||prior,M05,18,prior,0.0002,3,3.71,0.0739505768577053,0.0002000033855438,0.0001087159676019,56.65296461093181,5112.647056327687,7390.625,2.3915057214033864,12.952147459563989,0.0240688212422073,0.1207351664322927,0.1558822646897608,0.695454439487285
M05||test||190||juliet,M05,190,juliet,0.0002,3,4.81,0.0796567637917047,0.0002000033855438,0.0001168405483638,56.67258143644196,4635.028597064379,7328.125,2.4934862158107087,13.1674893395915,0.0260438492345339,0.1658699447857865,0.2172725506736331,0.5863936293333064
M05||test||191||cart,M05,191,cart,0.0002,3,3.445,0.043630315379611,0.0002000033855438,0.0001156627858743,51.5318940737463,4700.027380552933,7328.125,2.797861621687434,14.179578813630876,0.0282200563761121,0.1863584539757911,0.1722510947207497,0.6085871674280179
M05||test||194||mike,M05,194,mike,0.0002,3,2.725,0.0716188531162475,0.0002000033855438,0.0001060957532191,56.586587233463696,4601.613890527357,7265.625,2.484940639040933,12.47502838044548,0.0299493586421638,0.1833653056512107,0.183495219917884,0.5983255037135246
M05||test||196||witty,M05,196,witty,0.0002,3,3.65,0.0684963367062462,0.0002000033855438,0.0001148093526691,55.51380154171411,4340.200108630823,7218.75,2.732652505788244,13.15187122360732,0.0275832076955773,0.2003652382128018,0.2352051324793627,0.5315346647227459
M05||test||198||dart,M05,198,dart,0.0002,3,3.875,0.058806857032427,0.0002000033855438,0.0001131068005726,54.31878502255215,4293.29787076385,7156.25,2.9238195784594363,13.858616920121232,0.0247058920142117,0.201997642767307,0.238392027154846,0.5284772463794292
M05||test||199||mitten,M05,199,mitten,0.0002,3,5.655,0.0445649358942605,0.0002000033855438,0.0001106919439084,52.0975454358513,4182.573202988524,7078.125,2.745758764408214,12.97201554847905,0.0311774581272731,0.2114931627825126,0.244206091301325,0.5073842812623247
M05||test||202||sign,M05,202,sign,0.0002,3,2.16,0.0733594394472264,0.0002000033855438,0.0001073581321448,56.692421145431446,4435.926613290671,7187.5,2.060843607790939,10.990067717557682,0.0353611960548965,0.200567641466554,0.1912245631386834,0.5679432509185538
M05||test||205||spark,M05,205,spark,0.0002,3,3.205,0.0446853124815686,0.0002000033855438,0.0001064728534648,52.45851811981967,4379.434104540758,7234.375,2.3409285712785284,11.89847931367838,0.0283861728032987,0.1975736212791567,0.2261080636326138,0.542888899913535
M05||test||206||heart,M05,206,heart,0.0002,3,1.79,0.0996501420131566,0.0002000033855438,0.0001195585600638,58.41794492205972,4524.787293786042,7140.625,2.3507680507931044,11.680049655627563,0.0252586846920924,0.1768706375787742,0.2025020968269834,0.5906469814177737
M05||test||217||thorn,M05,217,thorn,0.0002,3,3.49,0.0591375006769274,0.0002000033855438,0.0001174711100246,54.03863786918204,4659.893498390771,7328.125,2.440538385940133,12.788161607030696,0.0283568687947347,0.1695185965876517,0.1990164273238334,0.5982971098245058
M05||test||21||knot,M05,21,knot,0.0002,3,2.545,0.0321590109481444,0.0002000033855438,0.0001130939361841,49.07726727552941,4709.689695663945,7359.375,2.89342784502173,14.61352089343348,0.0233811925610519,0.1495915365540205,0.2275269684239542,0.5951049580061551
M05||test||21||sip,M05,21,sip,0.0002,3,2.61,0.2114145756198024,0.0002000033855438,0.0001142720235144,65.34390015641576,4147.11826150767,7078.125,0.7911120092751098,2.5631580931356006,0.0444352392480152,0.1963164135228989,0.2506109038295437,0.5033485684535468
M05||test||225||lair,M05,225,lair,0.0002,3,3.01,0.0484904201334805,0.0002000033855438,0.0001193407236307,52.177345601602255,4590.136618518147,7218.75,2.5163249197683912,12.163234182042936,0.0263505516631301,0.1796609785257795,0.1856071710494318,0.6038874011260351
M05||test||226||eight,M05,226,eight,0.0002,3,2.295,0.0503472838503411,0.0002000033855438,0.0001178030321605,52.61639154147908,4197.548411411416,7125.0,2.975471267920433,14.068511752639203,0.0325787294260552,0.2359876912193308,0.2009943867865259,0.5246828405921854
M05||test||227||park,M05,227,park,0.0002,3,2.405,0.0569507914866235,0.0002000033855438,0.0001147438288363,53.915408531882,4414.886332194563,7140.625,2.3516517498820013,11.774372742915933,0.031769282308669,0.18891873335867,0.2063393281694342,0.5680588541080598
M05||test||228||seven,M05,228,seven,0.0002,3,2.78,0.0588093528418645,0.0002000033855438,0.0001161535018029,54.08828185666928,4024.788372922555,7031.25,2.442696858314799,11.808943532503816,0.0406700330234095,0.247137442127835,0.2178622795856677,0.4888200818794477
M05||test||229||seed,M05,229,seed,0.0002,3,2.59,0.0311274005652295,0.0002000033855438,0.0001190553484139,48.34787888291349,3962.7398528521226,7046.875,2.430127838641211,11.467241427080555,0.0371630236074854,0.2538725435166611,0.2315099489168521,0.4714867080963971
M05||test||22||coupe,M05,22,coupe,0.0002,3,2.425,0.0104544288231981,0.0002000033855438,0.0001098994757685,39.56609378720536,4538.164819804683,7296.875,2.601565768849225,13.809241660355354,0.0281041657066219,0.1680952345032361,0.2356656424909036,0.5638603301412167
M05||test||22||storm,M05,22,storm,0.0002,3,3.4800625,0.2811688698883859,0.0002000033855438,0.0001390950192304,66.11311312883208,4327.148754262948,7093.75,0.9306787358901958,3.376527115595074,0.0318403837408088,0.1713018932911533,0.2655889461432103,0.5261896720791552
M05||test||230||written,M05,230,written,0.0002,3,3.0,0.0468939385394209,0.0002000033855438,0.0001085528980212,52.70950575314258,4323.686034658658,7125.0,2.520527816559342,12.407309531697614,0.0279020738298222,0.1839402088148989,0.2512813405732285,0.5316948100142961
M05||test||231||bloat,M05,231,bloat,0.0002,3,3.21,0.0411166419450253,0.0002000033855438,0.000116187451098,50.97716827314854,4425.100851979277,7203.125,2.8513860145910583,13.7851914382364,0.0275940446411315,0.168403651880324,0.258061994140973,0.5410165355291737
M05||test||232||barn,M05,232,barn,0.0002,3,2.78,0.0548561156914785,0.0002000033855438,0.0001072213706658,54.178873953012754,4625.466250989037,7265.625,2.630715444178823,13.257508111651443,0.0265010635810908,0.1577037164286843,0.2220343975955036,0.5893329689892342
M05||test||234||harp,M05,234,harp,0.0002,3,2.715,0.0679575099095027,0.0002000033855438,0.0001141154846357,55.49785756253382,4665.492440990111,7281.25,2.633465968827784,13.565848957012404,0.0268201281113712,0.1655194818075867,0.2002323720476259,0.6023387668049481
M05||test||235||quebec,M05,235,quebec,0.0002,3,3.205,0.0451765470317584,0.0002000033855438,0.0001148530544508,51.895409680599016,4264.503604365594,7125.0,2.573152371874918,12.316832706549846,0.0378213193103306,0.2000148259318198,0.2266841871393532,0.5301835712992742
M05||test||237||sigh,M05,237,sigh,0.0002,3,3.825,0.0387636465697836,0.0002000033855438,0.0001139354975346,50.63531144105285,4635.481710792236,7328.125,2.5326334724114328,13.604697108352257,0.0353942598320854,0.1777071295829628,0.1852382897569491,0.5966859377547128
M05||test||23||rocks,M05,23,rocks,0.0002,3,2.655,0.0825864050870841,0.0002000033855438,0.0001253011710431,56.37906864432857,4895.073256747405,7312.5,2.363513256966576,12.90257452776028,0.0299465531930151,0.1411322776424658,0.1781918987939848,0.6468799524392358
M05||test||244||part,M05,244,part,0.0002,3,2.73,0.0673762404022604,0.0002000033855438,0.0001204147949419,54.95653846463955,4490.383238862264,7187.5,2.815485959862731,13.424263484327396,0.0253734941233204,0.1810823827449256,0.2169482259834746,0.5714128244652673
M05||test||245||zero,M05,245,zero,0.0002,3,3.24,0.0673066378844515,0.0002000033855438,0.0001154525130246,55.313090131948485,4149.228409831968,7093.75,2.059304303553633,10.024101612958903,0.0301827660217889,0.229263848622699,0.2286745178378451,0.5055956429223947
M05||test||24||air,M05,24,air,0.0002,3,2.905,0.0515050280522351,0.0002000033855438,0.000115572919049,52.979870911303536,4737.701084662407,7234.375,2.600381231399545,12.815420332683647,0.0234724702259397,0.1508882459188379,0.1970717422029465,0.6238154922439844
M05||test||24||dagger,M05,24,dagger,0.0002,3,3.0750625,0.2553557198648163,0.0002000033855438,0.0001484954555835,64.70864854415834,4556.589491554256,7140.625,1.0349337285819264,3.866880612363773,0.0276008131348798,0.1594644509781405,0.2202876390078097,0.5876665747706549
M05||test||251||brought,M05,251,brought,0.0002,3,3.11,0.0600805695443788,0.0002000033855438,0.000102275109777,55.37928173332453,4334.788368200176,7140.625,2.510340701567672,12.282980343211555,0.0313343469066784,0.1845481102998641,0.2382948922893027,0.5399253489681147
M05||test||253||league,M05,253,league,0.0002,3,3.055,0.045219101007209,0.0002000033855438,0.000115394634776,51.8627261402223,4482.921502477037,7250.0,2.759566685569118,13.896304133870078,0.0276005095206743,0.1974159936738939,0.20031066079628,0.5696099308970131
M05||test||254||lick,M05,254,lick,0.0002,3,3.145,0.0334281985887924,0.0002000033855438,0.0001125825296172,49.45283941884996,4503.540461706648,7234.375,2.895545880299382,14.349939106225204,0.0304877846750198,0.1594158719007424,0.2419681639021478,0.5624240060844897
M05||test||255||dark,M05,255,dark,0.0002,3,2.975,0.0380260197065858,0.0002000033855438,0.0001231247381328,49.79471098203469,4319.663695576406,7125.0,2.7463867902213392,13.32794621220419,0.0311726378520658,0.1881625435474136,0.2412419457136843,0.5343551215622863
M05||test||25||floor,M05,25,floor,0.0002,3,3.645,0.3022961630947181,0.0002000033855438,0.0001272837385908,67.51319423893173,4773.890030818021,7281.25,0.9328495940549164,3.415231612422618,0.0250411762112259,0.1557941558277167,0.1973719981070534,0.6173266548892397
M05||test||25||galore,M05,25,galore,0.0002,3,2.855,0.0697771440059901,0.0002000033855438,0.0001140801858023,55.73005939725539,4841.675748808906,7296.875,2.3836019403595863,12.036043483980212,0.023426323772253,0.1367572476762974,0.1931930000216049,0.6418102927877022
M05||test||262||leak,M05,262,leak,0.0002,3,3.605,0.0424773165968641,0.0002000033855438,0.0001142655045833,51.404838633104085,4357.560788529731,7171.875,2.9419220210484367,14.15502225692445,0.0288412828205519,0.1804171730208603,0.2528381662410039,0.5326284322757667
M05||test||263||take,M05,263,take,0.0002,3,3.195,0.0312782057334425,0.0002000033855438,0.0001076423613057,49.26517231545346,4136.595732786727,7078.125,2.7365474656084734,12.8112340161948,0.0348020365290318,0.2168031355159037,0.2479608426941829,0.4947167500460225
M05||test||266||reek,M05,266,reek,0.0002,3,4.425,0.0304582962071038,0.0002000033855438,0.0001100888543132,48.83924507601739,4205.470708754008,7171.875,2.6577395398366632,13.189345793040246,0.0303170428528044,0.2166790574379847,0.2445631192580134,0.5032280075483698
M05||test||267||sell,M05,267,sell,0.0002,3,3.245,0.0456343528969816,0.0002000033855438,0.0001160558197346,51.89249946143006,4259.307184149182,7125.0,2.5292717024824647,11.873095891461446,0.03625387951172,0.2006903387335216,0.235075400269853,0.5225743990101076
M05||test||26||bubble,M05,26,bubble,0.0002,3,3.165,0.2365414370941189,0.0002000033855438,0.0001529229172861,63.78869313243573,4799.006883651564,7265.625,1.1795000225316168,4.958660842980412,0.0216211654761326,0.1309936440897059,0.2342650500237837,0.6088253906835126
M05||test||270||fitting,M05,270,fitting,0.0002,3,3.405,0.0311487582558646,0.0002000033855438,0.000117406649849,48.47496084787625,4470.708198169183,7218.75,2.8288888295348547,13.814086085790947,0.0302006456989519,0.1962935933000149,0.2032601209139596,0.5653578675256065
M05||test||271||hitting,M05,271,hitting,0.0002,3,2.75,0.0252833838568383,0.0002000033855438,0.0001152914627496,46.82076097920502,4020.4901096667145,7031.25,2.650225986202828,12.652956308861263,0.0357276003571613,0.2424738076432427,0.2383158500255416,0.4775944771864133
M05||test||272||litter,M05,272,litter,0.0002,3,2.985,0.0524707960166049,0.0002000033855438,0.0001193289442927,52.86343708718991,4527.132982478089,7250.0,2.7276905922177,13.596434508705082,0.0252260186959446,0.1729927123614953,0.23215796802952,0.5652655905622708
M05||test||277||spit,M05,277,spit,0.0002,3,3.53,0.0396755595944476,0.0002000033855438,0.0001131794721862,50.89510793212274,4167.685924978959,7156.25,2.428551210820177,12.067732933938691,0.0419746258831291,0.2165830924960369,0.2315542041997915,0.5039154883208666
M05||test||278||xray,M05,278,xray,0.0002,3,3.645,0.0470150819652482,0.0002000033855438,0.0001151424974186,52.22003105202625,4603.456748349889,7281.25,2.4283258680015978,12.208302161061082,0.029363088698826,0.1740066429660978,0.1982769798737257,0.5936670386443492
M05||test||280||in,M05,280,in,0.0002,3,2.675,0.0448331096448062,0.0002000033855438,0.0001172161009382,51.652231836082656,4556.999522951298,7234.375,2.8382820109278915,13.956809328471802,0.0244615548722125,0.1844284429806979,0.2067166986247272,0.5804221313069081
M05||test||288||sitter,M05,288,sitter,0.0002,3,4.175,0.0360937282801672,0.0002000033855438,0.000113702690578,50.0332200585428,4058.6977514869855,6984.375,2.61106109016745,12.406448559980916,0.032740589742696,0.2123513561540299,0.2659775529693929,0.4840339765586986
M05||test||289||right,M05,289,right,0.0002,3,3.275,0.0504892818914183,0.0002000033855438,0.0001167413771921,52.71948762837372,4366.150428984198,7125.0,2.8536707392212137,13.382879768174057,0.02828482618623,0.1808622131175501,0.2382436079433549,0.5465579152449827
M05||test||293||sin,M05,293,sin,0.0002,3,2.665,0.0521966381624718,0.0002000033855438,0.0001057805016493,53.86473819913928,4192.344468224114,7062.5,2.388945020475313,11.513027582181856,0.0306266029982967,0.2049869874061983,0.2475135587730326,0.5116319640519552
M05||test||294||sierra,M05,294,sierra,0.0002,3,3.1,0.0488461660528836,0.0002000033855438,0.0001178939704678,52.346777745466966,4329.7386256197815,7140.625,2.149782453380167,10.68985744988145,0.0340584962927496,0.2129647348290234,0.1996039868518122,0.5477908993153869
M05||test||296||up,M05,296,up,0.0002,3,2.495,0.0565981761640723,0.0002000033855438,0.0001173936835756,53.66315412938925,4635.18791550167,7296.875,3.069155499082994,15.397963938169752,0.0266934415041862,0.1701955155968864,0.2037608984166819,0.5944524442335297
M05||test||298||sand,M05,298,sand,0.0002,3,3.29,0.0410952305286217,0.0002000033855438,0.0001137403263478,51.15753902011785,4102.666812761554,7015.625,2.562890752052851,11.750142712740384,0.0344217492654646,0.2136649799284412,0.2455001661325096,0.5009156228778727
M05||test||299||sin,M05,299,sin,0.0002,3,3.475,0.0636471144076234,0.0002000033855438,0.0001157994149325,54.80144707021834,4149.06497280592,7046.875,2.379211458033189,11.55263328711574,0.0306154909492614,0.206938542822977,0.2546178618341116,0.5022209984369743
M05||test||301||whisky,M05,301,whisky,0.0002,3,2.164375,0.1771525361498024,0.0002000033855438,0.0001641322673006,60.663068106679134,4147.997168323723,7312.5,0.526494857173129,1.405039392460685,0.0228524385495614,0.2360924703961879,0.2651300128056925,0.470180100800728
M05||test||302||sing,M05,302,sing,0.0002,3,2.606625,0.1452511948311672,0.0002000033855438,0.0001420499590211,60.19357201590658,4188.530361335941,7250.0,0.4341372471920157,0.676315363589282,0.0266202014961545,0.2211429399651031,0.2549287017696717,0.4918969772922836
M05||test||308||rock,M05,308,rock,0.0002,3,2.23,0.0764135877548979,0.0002000033855438,0.0001186666910705,56.17683517000104,4844.352030403896,7312.5,2.493564746762402,13.04808961140314,0.0319868740552808,0.1481762694785314,0.1704365914145937,0.6450686678810539
M05||test||309||zip,M05,309,zip,0.0002,3,2.81,0.0366735409938346,0.0002000033855438,0.0001158632912127,50.0081396829036,3982.082446628027,6968.75,2.750468291241212,12.694554832302051,0.0313461120556095,0.2152946523007189,0.2891985148588384,0.4576403849252498
M05||test||30||slip,M05,30,slip,0.0002,3,2.29,0.2775658034397755,0.0002000033855438,0.0001505008371429,65.31654087282885,4660.60025681984,7296.875,0.6874152418681044,2.1469173071583403,0.0454022097873092,0.1721549310702593,0.1725457766404791,0.6052932138248317
M05||test||310||sit,M05,310,sit,0.0002,3,1.99,0.0537262794183541,0.0002000033855438,0.0001080771175867,53.92906025742106,4077.6731331305054,6968.75,2.242053415714212,10.322445275800067,0.034733987510761,0.2392477445955318,0.2194759192021066,0.5003948642056482
M05||test||315||tread,M05,315,tread,0.0002,3,4.88,0.0470094289915542,0.0002000033855438,0.0001099202046838,52.62214895125525,4395.56112187223,7203.125,2.804533140563072,13.773614282981676,0.0296676174811952,0.1905975285696811,0.2280929683634433,0.5468625088306606
M05||test||317||bitter,M05,317,bitter,0.0002,3,2.64,0.0489919842692705,0.0002000033855438,0.000113492255617,52.703176040587934,4293.835762166657,7062.5,2.755533860758129,13.232417163437212,0.0288899576826921,0.2020197088572256,0.2216817543840762,0.5423034044051209
M05||test||319||sip,M05,319,sip,0.0002,3,2.615,0.0379132114626182,0.0002000033855438,0.0001123933536575,50.56099886073923,3862.321370896554,6968.75,2.392321816129653,11.324561330373578,0.0354096017641996,0.2638137178886436,0.2431331841000978,0.4512517958813544
M05||test||31||slip,M05,31,slip,0.0002,3,3.03,0.2293583120433201,0.0002000033855438,0.0001491425551546,63.73825808980697,4577.737331489789,7250.0,0.831445147973962,2.9820311406175555,0.0415863243732757,0.1738242757566042,0.1859402189903868,0.593594790358424
M05||test||31||suit,M05,31,suit,0.0002,3,2.47,0.048009401044844,0.0002000033855438,0.0001245235111666,51.72149859862925,4155.630577379924,7109.375,2.640911242626773,12.906391100047223,0.0396490205801731,0.2282819718124358,0.2234940631666186,0.5032176480856252
M05||test||322||knot,M05,322,knot,0.0002,3,3.745,0.0428605793931107,0.0002000033855438,0.0001121780526116,51.64300282204958,4519.456776586666,7296.875,2.503192236455051,13.399309068130554,0.0322275370164186,0.1869712907286251,0.206652591445341,0.5692639123766748
M05||test||323||dress,M05,323,dress,0.0002,3,3.205,0.0551027327783076,0.0002000033855438,0.000106739633156,54.256948640193286,4248.935770131696,7203.125,2.0902862558834934,10.542160391671022,0.0346106769294074,0.2166425846817506,0.2260591666384451,0.5182727860268553
M05||test||324||wicker,M05,324,wicker,0.0002,3,4.555,0.0357553993334813,0.0002000033855438,0.0001118561499509,50.093635316526615,4737.398860035878,7406.25,2.9834368428360367,15.361324497223162,0.0276635996245079,0.162749988987889,0.2027061697594075,0.6023358566733097
M05||test||325||ned,M05,325,ned,0.0002,3,2.665,0.0454375624188827,0.0002000033855438,0.0001068861758039,52.56986971473431,4435.950656869462,7171.875,2.6258943774040566,12.983970729868345,0.0296771078729458,0.1832369824734659,0.2148812142087474,0.5662023764061582
M05||test||327||dread,M05,327,dread,0.0002,3,1.805,0.0626178344848076,0.0002000033855438,0.0001108852246301,55.03648727427367,4532.812470066107,7250.0,2.277643981887333,11.405176610625375,0.0264616237063939,0.1705125493279846,0.2265742600122168,0.5714585453018519
M05||test||329||nest,M05,329,nest,0.0002,3,2.507,0.1084273145947268,0.0002000033855438,0.0001278043495358,58.57186134947951,4130.3174521058345,7125.0,1.7914969884991483,8.829259177457189,0.0253988657103369,0.2214165518158141,0.2735374112776652,0.474126794594526
M05||test||32||deer,M05,32,deer,0.0002,3,2.89,0.0709850074637131,0.0002000033855438,0.0001153837221154,55.78044175522116,4576.4033645754025,7218.75,2.5421687768313204,13.1883877420026,0.0244672962311854,0.1779909537419614,0.2062286662773493,0.5870207470958172
M05||test||32||left,M05,32,left,0.0002,3,4.03,0.2472793112494427,0.0002000033855438,0.0001507685356768,64.29754131192317,4562.15903334765,7234.375,0.8455742823642491,3.0346054109597227,0.0325188276332632,0.1588437734377123,0.2257733126519486,0.5776215139297654
M05||test||331||walk,M05,331,walk,0.0002,3,0.0596875,0.1144204438593887,0.0,0.0,inf,0.0,0.0,0.0,0.0,,,,
M05||test||333||liquor,M05,333,liquor,0.0002,3,0.0586875,0.0978197503382873,0.0,0.0,inf,0.0,0.0,0.0,0.0,,,,
M05||test||335||sicker,M05,335,sicker,0.0002,3,0.0416875,0.1070922758608279,0.0,0.0,inf,0.0,0.0,0.0,0.0,,,,
M05||test||338||sheet,M05,338,sheet,0.0002,3,0.026375,0.1097275094972659,0.0,0.0,inf,0.0,0.0,0.0,0.0,,,,
M05||test||339||tin,M05,339,tin,0.0002,3,0.0263125,0.1097365021301709,0.0,0.0,inf,0.0,0.0,0.0,0.0,,,,
M05||test||33||form,M05,33,form,0.0002,3,3.7,0.2836001583125918,0.0002000033855438,0.000119156834463,67.53175023552336,4683.971953595826,7250.0,0.8829822608429614,3.0484667273648776,0.0302414777358191,0.1455513287456676,0.2213620158266171,0.598233300867339
M05||test||33||shear,M05,33,shear,0.0002,3,2.355,0.0653309162140858,0.0002000033855438,0.0001221999868915,54.56095179094503,4819.288646341363,7343.75,2.686612477011146,15.050487578990912,0.0324248178269002,0.1669166927978232,0.1524840742593428,0.6447983041818252
M05||test||341||nod,M05,341,nod,0.0002,3,0.0260625,0.1063027171945503,0.0,0.0,inf,0.0,0.0,0.0,0.0,,,,
M05||test||342||flicker,M05,342,flicker,0.0002,3,0.075375,0.1155116130830126,0.0,0.0,inf,0.0,0.0,0.0,0.0,,,,
M05||test||345||quicker,M05,345,quicker,0.0002,3,1.1595625,0.6847470376309589,0.0002000033855438,0.0001637594635221,72.42647510343186,4169.2382927458775,7234.375,7.566131673090189,52.3075544631349,0.0265804289862306,0.1983391160538004,0.3013447105830222,0.4671101049373587
M05||test||34||rave,M05,34,rave,0.0002,3,2.68,0.3193361726160785,0.0002000033855438,0.0001404184421267,67.13647930667926,4895.724903852516,7281.25,1.014118878650297,3.851919531149521,0.0206954949863486,0.1204456987923387,0.2099113739687732,0.6449304870226783
M05||test||34||single,M05,34,single,0.0002,3,2.53,0.0464787504797621,0.0002000033855438,0.0001184590444061,51.87372438360715,4508.66001405978,7187.5,2.428816101888316,12.077601926298748,0.0243192295476135,0.1723142779195271,0.2312404105267967,0.5680046409293196
M05||test||351||left,M05,351,left,0.0002,3,0.0264375,0.1103939191264423,0.0,0.0,inf,0.0,0.0,0.0,0.0,,,,
M05||test||352||bread,M05,352,bread,0.0002,3,0.0263125,0.1107282641147282,0.0,0.0,inf,0.0,0.0,0.0,0.0,,,,
M05||test||355||four,M05,355,four,0.0002,3,0.0596875,0.1145281660320139,0.0,0.0,inf,0.0,0.0,0.0,0.0,,,,
M05||test||35||down,M05,35,down,0.0002,3,3.01,0.217600627437427,0.0002000033855438,8.381470618080679e-05,68.2867983278062,4549.484011892757,7234.375,0.7125771336106781,2.21059188687796,0.0352271582132544,0.1628368818681292,0.2183866937633388,0.5785802233242516
M05||test||35||much,M05,35,much,0.0002,3,2.46,0.05466476437768,0.0002000033855438,0.0001051219447587,54.320281874996645,4450.106155809392,7171.875,2.3527347895194137,11.871105195670443,0.0310147715500649,0.1789909514111362,0.2274737366607002,0.5570719401397386
M05||test||366||fork,M05,366,fork,0.0002,3,2.565,0.0684732798652243,0.0002000033855438,0.0001171832022613,55.33311538512728,4473.620876044358,7203.125,2.7699779607359574,13.540694352247696,0.0330910425003939,0.1705466278670411,0.2218466491794005,0.5696679044372613
M05||test||372||witch,M05,372,witch,0.0002,3,1.915,0.0773719882413472,0.0002000033855438,0.0001220085472719,56.04387002064043,4481.186067941153,7234.375,2.2329049109122105,12.080157695533558,0.042022098115225,0.1853827050911604,0.1959415359222669,0.5706782006679401
M05||test||373||witch,M05,373,witch,0.0002,3,3.885,0.0387054036829746,0.0002000033855438,0.0001156533034449,50.4922711832064,4261.169780582486,7187.5,2.725446895649564,13.637206179271985,0.0394716894923371,0.2103119507783143,0.2210508918875182,0.5237200774879367
M05||test||376||slicker,M05,376,slicker,0.0002,3,3.155,0.0478991925086553,0.0002000033855438,0.0001093709056144,52.82852767796305,4433.804892943982,7250.0,2.2594242364624675,11.511321649332707,0.0353140339503752,0.2024672293894187,0.1981442828923324,0.5593951627427282
M05||test||377||zulu,M05,377,zulu,0.0002,3,0.3150625,0.0017520721707189,0.0002000001259148,0.0001165265036301,23.5425455165526,4666.948557532365,7562.5,3.222892911426838,17.254340884175427,0.0286011084142554,0.1927941597483186,0.1894877997309355,0.5842540888619618
M05||test||378||knot,M05,378,knot,0.0002,3,2.335,0.0043545481629244,0.0002000001259148,0.0001154412536587,31.531641278973773,4123.979559307404,7343.75,3.294110231902436,15.98223186947198,0.0386571143709856,0.23470946314457,0.2367725375937153,0.4834853744318019
M05||test||379||knot,M05,379,knot,0.0002,3,2.475,0.049499491133425,0.0002000033855438,0.0001118963131474,52.91569914072682,4287.081889706782,7140.625,2.6032035480396627,12.845294541692638,0.0320454491776431,0.184211131358203,0.2574752004750556,0.5205586084815323
M05||test||37||chair,M05,37,chair,0.0002,3,2.93,0.2529016130514278,0.0002000033855438,0.0001230491120228,66.25746230745187,4604.950041205942,7218.75,0.9413714455942152,3.2968331623867475,0.0254061286364312,0.1738111616633302,0.2073788101403582,0.5890168412984627
M05||test||386||victor,M05,386,victor,0.0002,3,2.86,0.0455327466288569,0.0002000033855438,0.0001185185137247,51.690753040785005,4773.390289475531,7296.875,2.6405380815741446,13.52036603538635,0.023447826331532,0.1558987090785542,0.1922408891414691,0.6242446709909566
M05||test||391||one,M05,391,one,0.0002,3,2.925,0.0621778457113349,0.0002000033855438,0.0001213883135738,54.189175859812586,4911.489666605546,7312.5,2.7474395095318567,14.569916492335487,0.0290687330893701,0.1356298265162497,0.1816864808264782,0.6495291413722313
M05||test||392||glitter,M05,392,glitter,0.0002,3,3.65,0.0536608480203338,0.0002000033855438,0.0001193897492582,53.05380983190946,4469.704584281635,7265.625,2.4637056281896434,12.837316414128695,0.0259059211073247,0.1845564174820625,0.2324794883464085,0.552365284113189
M05||test||39||fate,M05,39,fate,0.0002,3,3.39,0.0365729685494775,0.0002000033855438,0.00010751212009,50.63405572975885,4551.182870279089,7265.625,2.7811453239231603,14.214915587782226,0.0313971402944368,0.1836644037978068,0.1987194171402541,0.5814602358937885
M05||test||39||tip,M05,39,tip,0.0002,3,2.295,0.175176637152123,0.0002000033855438,0.0001314113391955,62.49686687646842,4522.396992174667,7187.5,1.0646272396773115,4.116054272182076,0.0279890938766106,0.1580943039122962,0.236175795294029,0.5726722074290438
M05||test||40||sprinkle,M05,40,sprinkle,0.0002,3,3.01,0.0308306596643065,0.0002000033855438,0.0001152044972342,48.55026768390072,4328.887368438972,7234.375,2.404457040107177,12.302779625498074,0.045588293457483,0.1932487695647187,0.2185048163444062,0.5373680624135952
M05||test||41||pile,M05,41,pile,0.0002,3,3.39,0.02773108430825,0.0002000033855438,0.0001175072560591,47.45804332226988,4668.5262983673765,7328.125,2.871927620160411,14.410244585494244,0.0285987036616784,0.1731952226428647,0.1969467016232434,0.597170181910752
M05||test||42||stubble,M05,42,stubble,0.0002,3,3.53,0.2904642370576631,0.0002000033855438,0.000149248445339,65.7836570450691,4660.476121350555,7281.25,0.8094081770316063,2.809098097501036,0.0319064802910215,0.1509523052429443,0.2198494203258175,0.5927428056499546
M05||test||43||feet,M05,43,feet,0.0002,3,2.675,0.2064957644810592,0.0002000033855438,0.0001128779915318,65.24603749589133,4734.6721919151705,7312.5,0.7852035525344542,2.8181926211614545,0.0450514583059962,0.1582675498846045,0.1702041302470518,0.6217467858214002
M05||test||44||four,M05,44,four,0.0002,3,3.195,0.0272181845934659,0.0002000033855438,0.000117910942215,47.26610090689796,4395.657901961593,7265.625,2.9118740049200125,14.727393760566152,0.0274285953129521,0.2061554681157648,0.2180268212547368,0.5433832640591437
M05||test||44||store,M05,44,store,0.0002,3,3.535,0.1934834550873984,0.0002000033855438,0.0001400070727047,62.809877174326,4585.350551658024,7265.625,1.0159450260533518,4.000694097800164,0.0324353120827295,0.167570304520266,0.2175315564467216,0.5777279809510483
M05||test||46||rake,M05,46,rake,0.0002,3,4.55,0.2384355600912663,0.0002000033855438,0.0001391779802284,64.67600993152548,4471.3398219224455,7156.25,1.0001067850057008,3.59534447474992,0.0270781308108693,0.1598629599775774,0.2451862720735076,0.5628425602526039
M05||test||46||sigh,M05,46,sigh,0.0002,3,2.955,0.0240456117611014,0.0002000033855438,0.0001115749329968,46.66938392056564,4267.788695090378,7218.75,2.471365864739341,12.818666620003825,0.0473042536886012,0.2139834118957677,0.2055944364792536,0.5281475577876006
M05||test||47||rock,M05,47,rock,0.0002,3,2.885,0.0554371300207964,0.0002000033855438,0.0001144720033757,53.70202910580792,5028.799739769044,7500.0,2.7107853098622723,14.52420766643008,0.0270243040962498,0.14449515302313,0.156573891478424,0.6682611584525106
M05||test||47||warm,M05,47,warm,0.0002,3,2.2400625,0.3648312052118358,0.0002000033855438,0.0001132172178198,70.16358998952823,4891.008354707392,7312.5,0.8497882456110132,2.6975132654194254,0.0275789256133214,0.1219721096927173,0.2061869654045834,0.6402634431474102
M05||test||48||warm,M05,48,warm,0.0002,3,2.625,0.3574217317423246,0.0002000033855438,9.565055297209884e-05,71.44986939169883,4658.726735838013,7250.0,0.8930298438149569,3.0641430198057265,0.028190948358906,0.1316582416046693,0.2418045465173593,0.5943424725302527
M05||test||49||storm,M05,49,storm,0.0002,3,3.15,0.261284044929484,0.0002000033855438,0.000124980640558,66.40540289068682,4213.346011072968,7000.0,0.8137011697141966,2.732222269102511,0.0262401910816591,0.1726269942240563,0.2880789211238892,0.5072394364736493
M05||test||4||sleep,M05,4,sleep,0.0002,3,2.575,0.0437288977752337,0.0002000033855438,0.000109749348841,52.00733157049714,4473.839944761597,7265.625,2.347382077624736,12.522039416839544,0.0288481816549889,0.186996578459879,0.2174033985537631,0.5617381199821859
M05||test||50||error,M05,50,error,0.0002,3,4.185,0.0822544055278768,0.0002000033855438,0.0001277032059295,56.17914735601967,4581.22228207636,7218.75,2.453374375187551,12.336462089379566,0.0254843291472054,0.1764024711868356,0.198127061475368,0.595181175034977
M05||test||50||weed,M05,50,weed,0.0002,3,2.6,0.2660251820064717,0.0002000033855438,0.0001187114447996,67.00860316631524,4563.144801082978,7234.375,1.016777841692834,3.800329018016012,0.0237017752583939,0.1549375674459639,0.2431773397235073,0.5734029042821417
M05||test||52||area,M05,52,area,0.0002,3,1.885,0.0533955697959379,0.0002000033855438,0.0001204573373855,52.93343932241973,4964.768497081785,7359.375,2.256481792139289,12.015896562069628,0.0244111418705604,0.1325231930815118,0.1724301314647346,0.667262814373594
M05||test||52||jacket,M05,52,jacket,0.0002,3,1.795,0.2512220711390601,0.0002000033855438,0.0001395061924589,65.10928612085267,4499.043911481458,7187.5,0.9327798025498574,3.304224734235925,0.0259832344686311,0.1750626401273489,0.2278073677290439,0.5668166344037013
M05||test||53||area,M05,53,area,0.0002,3,3.375,0.0505412307278106,0.0002000033855438,0.0001219974506119,52.34590115822413,4744.7108402338245,7250.0,2.3478840184434158,11.835369287743124,0.0309856281527165,0.1535328441642612,0.1816932890039561,0.6292780869605049
M05||test||53||jacket,M05,53,jacket,0.0002,3,2.865,0.19160225463018,0.0002000033855438,0.0001484715245259,62.21514894544072,4782.529068538706,7328.125,0.7851897544381651,2.468655262861493,0.0298200625973054,0.160048110709821,0.1849121036628155,0.6206511910444605
M05||test||58||hear,M05,58,hear,0.0002,3,2.485,0.0493165489722646,0.0002000033855438,0.0001044121805012,53.48483025689957,4677.424979099999,7281.25,2.3717045076455463,12.844960606469906,0.0317254814951556,0.1697449758123775,0.1785790115476773,0.6150235897670111
M05||test||58||torn,M05,58,torn,0.0002,3,3.82,0.295913305686978,0.0002000033855438,0.0001000334141359,69.42038804122734,4703.799812855418,7265.625,0.6669153056361781,1.9280284211474024,0.0307470173042404,0.1395896506986051,0.2156507421044999,0.6095919092944897
M05||test||59||range,M05,59,range,0.0002,3,3.88,0.2514592627506027,0.0002000033855438,0.0001335385898715,65.49721704038805,4521.722281527619,7234.375,0.8487347886434689,2.918313773233957,0.0260306481006191,0.1717446217415183,0.232821848577958,0.5651648313310768
M05||test||5||swore,M05,5,swore,0.0002,3,2.935,0.2789151510282179,0.0002000033855438,0.0001395875407028,66.0125090111132,4173.014507649575,7156.25,0.7035769575852449,1.938082380487224,0.0321539000225366,0.2142039985001875,0.2516622790758917,0.4957466371843333
M05||test||60||swarm,M05,60,swarm,0.0002,3,3.63,0.3168542828326308,0.0002000033855438,0.0001300580413182,67.73444745039697,4809.641929847879,7328.125,0.8650570828538338,2.8550393353553973,0.0280736011313987,0.1300188799069891,0.2129789998694,0.6248818894927236
M05||test||63||bug,M05,63,bug,0.0002,3,1.29,0.4050567082661346,0.0002000033855438,0.0001332283657407,69.65838256881204,4924.312032386721,7296.875,0.6394336893582713,1.770476909494249,0.0241538255222658,0.1233094749689498,0.2009337398114449,0.6466651846555301
M05||test||63||of,M05,63,of,0.0002,3,2.63,0.0536587100765774,0.0002000033855438,0.0001154226187241,53.34698609727654,4542.139072908823,7296.875,2.794141372337464,14.28049095822029,0.0247047016562222,0.1819850511418397,0.2178582504894081,0.5710527279386564
M05||test||64||bug,M05,64,bug,0.0002,3,2.785,0.2313318534726001,0.0002000033855438,0.0001061354207104,66.76750183513039,4614.968027973193,7203.125,0.953992500132412,3.455319290822774,0.0288348963185103,0.1406100593261973,0.2349556539273122,0.5907558979920007
M05||test||64||floor,M05,64,floor,0.0002,3,2.665,0.0470670163694028,0.0002000033855438,0.0001112966757188,52.5246895205693,4661.19582568105,7281.25,2.561994742359924,13.524918428525131,0.0279330671022266,0.1545866166366737,0.2184782838324988,0.5943912032977537
M05||test||65||farm,M05,65,farm,0.0002,3,3.55,0.2145737832110171,0.0002000033855438,0.0001375201733017,63.86420494931479,4701.689299231246,7250.0,0.88327013700099,3.0977828220034467,0.0269284307699644,0.1396320082608271,0.2259275891763615,0.6030094472951336
M05||test||65||thigh,M05,65,thigh,0.0002,3,2.835,0.0419683891317378,0.0002000033855438,0.0001217162324609,50.75147598153123,4586.620144605601,7296.875,2.418613485280766,12.60045711133501,0.0303530613624481,0.1812233839927727,0.1955245450467186,0.5879015461519898
M05||test||66||right,M05,66,right,0.0002,3,3.265,0.2744403720474188,0.0002000033855438,0.0001081215386515,68.09071563998413,4711.741800195932,7234.375,0.856778894264908,2.919204411755404,0.0295282903500612,0.1442372487741324,0.2112652882826935,0.6102997861778654
M05||test||67||glow,M05,67,glow,0.0002,3,2.675,0.2975631616119551,0.0002000033855438,0.0001380480955645,66.67097489430523,4534.569131329895,7203.125,0.8878029105576825,3.1966002006662,0.024238424335602,0.1661132932084695,0.2379968362523321,0.5670324589780693
M05||test||69||cycle,M05,69,cycle,0.0002,3,3.99,0.0339476734327963,0.0002000033855438,0.0001187891325646,49.12066609485716,4242.25408792808,7140.625,2.567251684748141,12.816478334700037,0.0299113376653684,0.1934897938459568,0.2638012365265859,0.506883248995846
M05||test||69||sip,M05,69,sip,0.0002,3,2.0850625,0.2463051635146182,0.0002000033855438,0.0001312012800064,65.47070888754344,4966.075343258191,7328.125,0.9252631645102136,3.348431918442913,0.0281527994504452,0.1345391523578455,0.172735600999182,0.6603649657318529
M05||test||6||sway,M05,6,sway,0.0002,3,2.39,0.0576970556515522,0.0002000033855438,0.00012904565396,53.00820536686936,4507.780940068401,7234.375,2.477010600050983,12.878829109237826,0.0242107817648415,0.2064781599986659,0.1909410887344155,0.5745176705296844
M05||test||6||train,M05,6,train,0.0002,3,2.55,0.239407981270057,0.0002000033855438,0.0001422369691327,64.52252270175636,4384.528512781539,7234.375,0.9495168401590338,3.1967894837483057,0.0227286084005307,0.2204001992287588,0.216125297296594,0.5355696809881983
M05||test||70||hate,M05,70,hate,0.0002,3,2.665,0.0305867698996298,0.0002000033855438,0.0001138813978739,48.581616531236975,4277.308283462652,7218.75,2.7318108676978654,13.32880330151842,0.0309593971350934,0.2232194141011774,0.2094603298122546,0.530368758167025
M05||test||70||park,M05,70,park,0.0002,3,2.135,0.3039651097529496,0.0002000033855438,0.0001331421700191,67.17016211010022,4593.971922077209,7187.5,0.8797496674732166,3.085085883296046,0.0233749423699988,0.1412556800662815,0.248500848576019,0.5822310580661675
M05||test||71||forward,M05,71,forward,0.0002,3,3.13,0.0485531320356078,0.0002000033855438,0.0001070303695093,53.1342045114188,4519.48351531707,7234.375,2.581742623839118,13.09657359063063,0.0320032850004852,0.1689032355118956,0.2224564182463425,0.5719209244236757
M05||test||72||knew,M05,72,knew,0.0002,3,2.6200625,0.3210651922794686,0.0002000033855438,0.0001107501542566,69.2449777009364,4739.1083304131735,7265.625,0.8815592101319175,3.131795157139877,0.0273872886415733,0.1303572557917811,0.2260090715234023,0.6116866803201607
M05||test||73||ate,M05,73,ate,0.0002,3,3.275,0.0298754784363697,0.0002000033855438,0.0001135503005607,48.40253161694531,4352.263119073527,7234.375,2.8966777452644226,14.115676180865751,0.0296180219341485,0.212909477113014,0.2158040012993208,0.5361402697796716
M05||test||73||sip,M05,73,sip,0.0002,3,2.865,0.240711033283698,0.0002000033855438,0.0001472008708468,64.2717123566817,4061.868763202842,7031.25,0.880638238314568,3.1011252464515477,0.0312405291611665,0.2492167519781374,0.2301568938845294,0.4834435613861096
M05||test||74||write,M05,74,write,0.0002,3,3.605,0.0450865433682172,0.0002000033855438,0.000119016621228,51.56878647637826,4488.558071304542,7281.25,3.0039990020508345,14.67046015379572,0.0261108043824054,0.1715395410088432,0.2414789746218221,0.5558674632471713
M05||test||75||fruit,M05,75,fruit,0.0002,3,3.275,0.0680779513583219,0.0002000033855438,0.0001118131331972,55.69027321805404,4424.426211714342,7218.75,2.5846217563271128,12.817910456260172,0.0320257874578059,0.1766372672812066,0.2359562274387447,0.5502485653429078
M05||test||75||trouble,M05,75,trouble,0.0002,3,3.455,0.3579263239463913,0.0002000033855438,0.0001085867723446,70.360334315991,4729.248631342335,7265.625,0.7046059289375376,2.151152890053113,0.0322410797741043,0.14013885614505,0.2092247959752413,0.613973716413711
M05||test||76||trouble,M05,76,trouble,0.0002,3,2.9100625,0.2674330468315854,0.0002000033855438,0.0001331494015393,66.0575170689374,4556.650269115911,7125.0,0.9696379665433794,3.584830723504276,0.0212173339942581,0.1265094761626581,0.2789330785658522,0.5687755073826032
M05||test||79||beat,M05,79,beat,0.0002,3,2.28,0.202195303988297,0.0002000033855438,0.0001189520458375,64.60798298054686,4514.262273896774,7187.5,0.8436649525297983,2.9621310391810813,0.032514292455378,0.1625614301561579,0.2253611056451068,0.5742150350885543
M05||test||79||slay,M05,79,slay,0.0002,3,3.485,0.0427880121135964,0.0002000033855438,0.0001060427273849,52.11682441928982,4370.938489163002,7265.625,2.365603913033987,12.284527950530729,0.0328653278753587,0.1889289090550954,0.2376863984761613,0.5355269708838443
M05||test||7||sigh,M05,7,sigh,0.0002,3,2.1,0.0244790662719631,0.0002000033855438,0.0001208785753264,46.12891030631155,4719.011853593733,7359.375,2.566380992195383,13.930769236620485,0.0263270459699149,0.1673322039288221,0.2044458790508668,0.5971798608735522
M05||test||81||briar,M05,81,briar,0.0002,3,3.425,0.077861217909516,0.0002000033855438,0.0001096748716676,57.02428115583161,4355.943079649303,7109.375,2.3056110965770684,11.523247521909797,0.0300267222700772,0.1895598145506054,0.2291675955867532,0.5457495978442356
M05||test||81||double,M05,81,double,0.0002,3,3.24,0.2978945533858318,0.0002000033855438,0.0001390187815478,66.61978170061448,4605.606672204106,7187.5,1.081227240036916,4.162796288567654,0.0195993248214406,0.1376671740379554,0.2633961272080989,0.5748557222152401
M05||test||83||toot,M05,83,toot,0.0002,3,2.31,0.0324814720015847,0.0002000033855438,0.0001161057281104,48.93564112283627,4365.923746276415,7218.75,2.718452760965465,13.748342541788425,0.0366419184259032,0.1942978855567201,0.2166410526115435,0.5473257201353808
M05||test||83||warm,M05,83,warm,0.0002,3,4.305,0.2848845935336846,0.0002000033855438,0.0001637278223101,64.81092955832045,4627.90587283459,7250.0,1.0032256678286122,3.787811759045457,0.0270537051802578,0.1409392606182658,0.2418330296701596,0.5852063418764469
M05||test||84||gnaw,M05,84,gnaw,0.0002,3,2.54,0.0254701069145195,0.0002000033855438,0.0001142245689827,46.96542480054021,4789.261267000925,7406.25,2.6496639204586705,14.019921094641091,0.0317933501804691,0.1861438296447226,0.1544352098721442,0.6232397807436049
M05||test||84||knew,M05,84,knew,0.0002,3,2.9,0.3405467860417487,0.0002000033855438,0.000133478810533,68.1352891608422,4683.747174298768,7265.625,0.9732855346096956,3.489102012352107,0.0243864068585206,0.1379718562341879,0.2412600834364147,0.592095092869651
M05||test||85||two,M05,85,two,0.0002,3,3.055,0.1411457932917219,0.0002000033855438,0.0001156698436032,61.72895581182755,4352.861282240311,7156.25,0.9856592756098466,3.687855298557213,0.028820346334709,0.1847923058137563,0.2416499249469724,0.5396926269898294
M05||test||86||ate,M05,86,ate,0.0002,3,3.36,0.0232510805539904,0.0002000033855438,0.0001073028602258,46.71663684537543,4283.654645861056,7265.625,2.2901134420139995,11.99636208593746,0.0338808919441053,0.2253125647394566,0.2082370628153179,0.5270309545288633
M05||test||86||pat,M05,86,pat,0.0002,3,1.875,0.1750443525996913,0.0002000033855438,0.0001486409468672,61.42019281273484,5005.185198778657,7312.5,1.1437924844315457,4.676811876185937,0.0234953691332521,0.1341680837972285,0.1719719948658942,0.6660552484727678
M05||test||8||up,M05,8,up,0.0002,3,2.615,0.1310397943350703,0.0002000033855438,0.0001316486249851,59.95973750714151,4934.299954119372,7406.25,1.140476940866787,4.402941112219147,0.0267140890883356,0.1512615107390518,0.1699443466175631,0.6481284948682254
M05||test||90||sigh,M05,90,sigh,0.0002,3,2.495,0.0511633709395925,0.0002000033855438,0.0001074223801637,53.55728759509553,4618.547631314177,7312.5,2.35032216522024,12.280955166292802,0.0351638107285379,0.1772317691664796,0.1923187480561764,0.5904203298789602
M05||test||90||trait,M05,90,trait,0.0002,3,3.49,0.2687334253665798,0.0002000033855438,0.0001161405242884,67.2867581122143,4315.353846005553,7140.625,0.7571243239408086,2.4148860043144387,0.0351528485079023,0.1990120468603045,0.2210119011355276,0.53868213374095
M05||test||92||goat,M05,92,goat,0.0002,3,2.84,0.3054039616710657,0.0002000033855438,0.0001356455403038,67.04938293199257,4635.714599725549,7234.375,0.9075234458858952,3.332544929456211,0.033280646412346,0.1496651606814815,0.218338221736294,0.5939886112280617
M05||test||92||menu,M05,92,menu,0.0002,3,3.245,0.0477171098552346,0.0002000033855438,0.0001175743103116,52.1672338289611,4588.98793177776,7234.375,2.69868920774844,13.36033311055776,0.0244878174267367,0.1921236943503652,0.1792002647722547,0.5999943989761434
M05||test||93||no,M05,93,no,0.0002,3,2.435,0.4386317664478704,0.0002000033855438,0.000157009736368,68.92346992864947,4646.340550034558,7265.625,0.7475770669534219,2.364934903070119,0.0258094498865879,0.1397871458529688,0.255355640609394,0.5746496296396028
M05||test||97||lip,M05,97,lip,0.0002,3,3.195,0.0408937584669654,0.0002000033855438,0.0001135815151375,51.1269873968031,4557.477063390364,7312.5,2.71305659519016,13.917479233831594,0.0287538396810684,0.172053650447212,0.2208385235742304,0.5729159753923866
M05||test||98||here,M05,98,here,0.0002,3,3.135,0.0347725276570792,0.0002000033855438,0.0001175810659739,49.41797736192244,4543.071147384071,7296.875,2.869730687736818,14.374081773398563,0.0293491717519801,0.1818443267036728,0.2066746307073356,0.5771313086295096
M05||test||99||rate,M05,99,rate,0.0002,3,3.785,0.2372247869268759,0.0002000033855438,0.0001534672204097,63.78288875917188,4666.656925703929,7250.0,1.2214613881041902,4.878093277145357,0.0240255066951523,0.1470167539005371,0.2296119565083755,0.593808085937053
M05||test||99||select,M05,99,select,0.0002,3,3.54,0.0439928962666961,0.0002000033855438,0.0001118919516372,51.89167411383326,4638.077684529427,7343.75,2.6378917118718905,13.477279577918706,0.0296061629041696,0.1721065123237763,0.2053592157766709,0.5883086354461019
M05||test||9||root,M05,9,root,0.0002,3,2.47,0.0767879545814423,0.0002000033855438,0.0001154546724936,56.457631713433344,4648.379996136222,7281.25,2.7906785469469253,14.245447819794933,0.0231508818045001,0.1546878686686272,0.2316785989616688,0.586050319626361
